list_id,co_mo_ta,vb_chinh_chu,vb_bao_duong_hang,vb_khong_dam_dung,vb_khong_ngap_nuoc,vb_zin,vb_khong_tua_odo,vb_bao_test,vb_tra_gop,vb_bao_hanh
94613937,1,0,0,1,1,1,0,1,0,0
101546338,1,1,0,0,0,1,0,0,0,0
101725648,0,0,0,0,0,0,0,0,0,0
103030971,0,0,0,0,0,0,0,0,0,0
109039668,1,1,0,0,1,1,0,0,0,0
110216736,1,1,0,0,0,0,0,0,0,0
112877179,1,0,0,0,0,0,0,0,0,0
113245821,1,1,0,0,0,0,0,0,0,0
113797322,1,1,0,0,0,1,0,0,0,0
114289216,1,0,0,1,0,1,0,0,0,0
114434450,1,0,0,0,0,1,0,0,0,0
117054706,1,0,0,0,0,0,0,0,0,0
117065881,1,1,0,0,0,1,0,0,0,0
117458956,1,1,0,0,0,0,0,0,0,0
117577740,1,0,0,1,1,0,0,1,1,1
117581288,1,0,0,1,1,1,0,0,0,0
117669132,1,0,0,1,1,0,0,1,1,1
117728654,1,1,0,0,0,1,0,0,0,0
117762903,1,0,0,0,0,0,0,0,0,0
118371216,1,1,0,0,0,1,0,0,0,0
119567335,1,0,0,0,0,0,0,1,0,0
120412646,1,0,0,0,0,0,0,0,0,0
120557957,1,0,0,0,1,1,0,0,0,0
121989331,1,1,0,1,1,0,0,0,0,0
122372243,1,1,0,0,0,1,0,0,0,1
122620448,1,1,1,0,0,1,0,0,1,0
122718119,1,0,0,0,0,0,0,0,0,0
122946082,1,1,0,0,0,1,0,0,0,0
123106955,1,1,0,0,0,1,0,0,0,0
123111695,1,1,0,0,0,0,0,0,0,0
123309061,1,1,1,1,0,1,0,0,1,0
123491630,1,0,0,0,0,1,0,1,1,1
123565307,1,0,0,1,1,1,0,0,0,0
123694067,1,0,0,0,0,1,0,0,0,0
123727795,1,0,0,0,0,0,0,0,0,0
124371224,1,0,1,0,0,1,0,0,1,1
124417241,0,0,0,0,0,0,0,0,0,0
124421374,1,1,0,0,0,1,0,0,0,0
124639973,1,1,0,0,0,1,0,0,0,0
124829132,1,1,0,0,0,0,0,0,0,0
124832970,1,1,0,0,0,0,0,0,0,0
124833273,1,1,0,0,0,1,0,0,0,0
124940987,1,1,0,0,0,1,0,0,0,0
125065772,1,0,0,1,1,1,0,1,1,0
125102457,1,1,1,1,1,1,0,0,0,1
125225152,1,1,0,0,0,0,0,0,0,0
125260012,1,0,0,0,0,0,0,0,0,0
125341487,1,0,0,0,0,1,0,0,0,0
125451118,1,0,0,0,0,0,0,0,0,0
125540335,1,0,1,0,0,0,0,0,0,0
125556984,1,0,0,0,0,0,0,0,0,0
125560726,0,0,0,0,0,0,0,0,0,0
125594208,1,0,0,0,0,0,0,1,0,0
125631053,1,0,0,0,0,0,0,0,0,0
125648301,1,1,0,0,0,1,0,0,0,0
125804405,1,0,0,0,0,0,0,0,0,0
125832269,0,0,0,0,0,0,0,0,0,0
126036247,0,0,0,0,0,1,0,0,0,0
126135980,1,1,0,0,0,1,0,0,0,0
126512770,1,0,1,0,0,0,0,0,0,0
126574154,1,0,0,0,0,0,0,0,0,0
126754103,1,0,1,1,1,1,0,0,0,0
126904050,1,0,0,0,0,1,0,0,0,0
126917282,1,0,1,0,0,0,0,0,0,0
127200318,0,0,0,0,0,0,0,0,0,0
127217126,1,0,0,0,0,0,0,0,0,0
127302289,0,0,0,0,0,0,0,0,0,0
127371707,1,1,0,1,1,0,0,0,0,0
127447761,1,1,1,0,1,1,0,0,0,1
127517842,1,0,0,0,0,0,0,0,0,0
127588502,1,1,0,1,1,1,0,0,0,0
127605664,1,0,0,0,0,1,0,0,0,0
127625097,1,0,0,0,0,0,0,0,0,0
127629343,1,0,0,0,0,1,0,0,0,0
127686467,1,0,0,0,0,0,0,0,1,1
127764073,1,0,0,0,0,0,0,0,0,0
127764160,1,0,0,0,0,0,0,0,0,0
127823393,1,1,0,0,0,0,0,0,0,0
127840499,1,0,0,0,0,0,0,0,0,0
127923502,1,1,0,0,0,1,0,0,1,0
128095892,1,1,0,1,1,0,0,1,0,0
128171949,1,1,1,0,0,1,0,0,0,0
128216413,0,0,0,0,0,0,0,0,0,0
128231081,1,0,0,0,0,0,0,0,0,0
128279941,1,0,0,0,0,1,0,0,0,0
128280095,1,0,0,0,0,1,0,0,0,0
128295241,1,0,1,0,0,0,0,0,0,0
128321380,0,0,0,0,0,1,0,0,0,0
128332569,1,0,0,1,0,0,0,0,0,0
128338030,1,0,0,0,1,0,0,0,1,0
128358851,1,1,0,0,0,1,0,1,0,0
128374247,1,1,0,0,0,1,0,0,0,0
128410297,1,0,0,0,0,1,0,0,0,0
128576096,1,0,0,0,0,1,0,0,0,0
128595066,1,1,0,0,0,1,0,0,0,0
128599164,1,0,0,0,1,1,0,0,0,0
128605367,1,0,0,0,0,1,0,0,0,0
128613226,1,1,1,0,0,1,0,0,0,0
128622071,1,0,0,0,0,0,0,0,0,0
128699134,0,0,0,0,0,0,0,0,0,0
128760666,0,0,0,0,0,0,0,0,0,0
128783702,1,0,0,1,1,0,0,0,1,1
128826600,1,0,1,1,1,1,0,1,0,1
128828071,1,0,0,1,0,1,0,0,0,0
128884409,1,0,1,0,0,0,0,0,0,0
128918889,1,0,0,1,1,1,0,1,1,1
128985021,1,1,0,0,0,0,0,0,0,0
128985431,1,1,0,0,0,0,0,0,0,0
128990908,1,0,0,0,0,0,0,0,1,1
129028810,1,1,0,0,0,1,0,0,0,0
129028963,1,1,0,0,0,0,0,0,0,0
129038571,0,0,0,0,0,0,0,0,0,0
129048659,1,1,0,0,0,1,0,0,0,0
129064275,0,0,0,0,0,0,0,0,0,0
129082640,1,0,0,0,0,0,0,0,1,1
129106029,1,0,0,1,1,0,0,1,1,1
129107279,1,0,0,0,0,0,0,1,1,1
129123332,0,0,0,0,0,0,0,0,0,0
129222919,1,0,0,0,0,0,0,0,0,0
129225434,0,0,0,0,0,0,0,0,0,0
129227620,1,1,0,0,1,1,0,0,0,0
129263100,0,0,0,0,0,1,0,0,0,0
129313930,1,0,0,0,0,0,0,0,0,1
129324632,1,0,0,0,0,0,0,0,0,0
129339220,0,0,0,0,0,0,0,0,0,0
129345946,1,0,0,0,0,1,0,0,0,0
129387823,1,1,0,0,0,0,0,0,0,0
129429927,1,1,0,0,0,1,0,0,0,1
129434457,1,1,1,0,0,1,0,1,1,0
129449741,1,0,1,1,1,1,0,0,1,0
129520554,1,0,0,1,0,1,0,0,0,0
129593125,1,1,0,0,0,1,0,0,1,0
129603335,1,0,0,0,0,1,0,0,0,0
129603506,1,0,0,0,0,1,0,0,0,0
129611150,1,1,0,0,0,1,0,0,1,0
129626767,1,1,0,0,0,1,0,0,0,0
129683259,0,0,0,0,0,0,0,0,0,0
129686593,0,0,0,0,0,0,0,0,0,0
129695998,0,0,0,0,0,0,0,0,0,0
129715402,1,1,0,1,1,0,0,0,1,0
129743380,1,0,0,0,0,0,0,0,0,0
129745018,1,1,0,0,0,1,0,1,0,1
129795218,1,1,0,0,0,0,0,0,0,0
129804008,1,0,0,1,1,1,0,1,1,1
129805583,0,0,0,0,0,0,0,0,0,0
129839294,1,0,0,0,0,0,0,0,1,1
129862102,1,0,0,0,0,0,0,0,0,0
129864702,1,1,0,0,0,1,0,1,0,1
129865256,1,1,0,0,0,0,0,0,1,0
129882039,1,0,0,0,0,1,0,0,0,0
129897011,1,0,0,1,0,0,0,0,1,0
129908847,1,0,0,0,0,1,0,0,0,0
129914481,1,0,1,0,0,1,0,0,0,0
129923843,1,1,0,0,0,0,0,0,0,0
129925830,1,0,0,0,0,1,0,0,0,0
129975457,1,0,1,1,1,0,0,0,1,0
130076745,0,0,0,0,0,0,0,0,0,0
130078005,1,1,1,1,1,1,0,1,1,0
130095092,1,0,0,0,0,0,0,0,0,0
130097979,1,0,0,0,0,1,0,0,0,0
130112033,1,0,0,0,0,0,0,0,0,0
130140529,1,1,0,0,0,1,0,0,0,0
130144341,1,0,0,0,0,0,0,0,0,0
130166402,1,1,0,1,1,1,0,1,1,1
130171067,1,0,0,0,0,0,0,0,0,0
130172234,1,0,0,1,0,1,0,0,0,0
130177873,0,0,0,0,0,0,0,0,0,0
130181865,1,1,0,0,0,0,0,0,0,0
130182412,0,0,0,0,0,1,0,0,0,0
130184441,0,0,0,0,0,0,0,0,0,0
130201138,1,0,0,0,0,1,0,0,0,0
130201358,1,0,0,0,0,1,0,0,0,0
130206512,1,0,0,0,0,1,0,0,0,0
130209148,1,0,0,0,0,1,0,0,0,1
130210594,1,0,0,0,0,0,0,0,0,0
130228997,0,0,0,0,0,0,0,0,0,0
130256000,1,1,0,0,0,0,0,0,0,0
130263282,0,0,0,0,0,0,0,0,0,0
130263554,1,0,0,0,0,0,0,1,0,0
130266866,1,0,1,0,1,1,0,0,0,0
130271056,1,0,0,0,0,1,0,0,1,0
130277399,1,0,0,0,0,0,0,0,0,0
130279106,0,0,0,0,0,0,0,0,0,0
130288577,1,0,0,0,0,0,0,0,0,0
130288788,1,0,0,0,0,0,0,0,0,0
130298592,1,0,1,1,1,1,0,1,1,0
130305941,0,0,0,0,0,0,0,0,0,0
130324252,1,0,1,1,0,0,0,1,1,1
130329233,1,0,0,0,0,1,0,0,0,0
130333664,1,1,0,0,0,1,0,1,1,0
130340663,1,1,0,1,0,1,0,0,0,0
130353102,1,0,0,0,0,0,0,0,0,0
130364070,1,0,0,0,0,1,0,0,0,0
130366493,1,0,0,1,1,1,0,1,1,1
130370172,0,0,0,0,0,0,0,0,0,0
130378643,1,0,0,1,1,1,0,1,1,0
130379913,0,0,0,0,0,0,0,0,0,0
130380716,0,0,0,0,0,0,0,0,0,0
130385802,1,0,0,1,0,0,0,0,0,0
130413862,1,1,0,0,0,0,0,0,0,0
130420487,1,0,1,1,0,0,0,1,0,1
130430091,1,0,1,0,0,0,0,0,0,0
130437261,1,0,0,0,0,1,0,0,0,0
130446019,1,0,0,0,0,0,0,0,0,0
130448129,1,0,0,0,0,0,0,0,0,0
130448777,1,0,0,0,0,0,0,0,0,0
130478150,1,0,1,1,1,1,0,0,0,0
130479990,1,0,0,0,0,1,0,0,0,0
130480531,1,0,0,1,1,0,0,1,0,0
130481459,1,1,0,1,1,1,0,0,0,0
130481462,1,0,0,1,1,1,0,0,1,0
130484393,1,1,0,0,0,1,0,0,0,0
130487741,1,1,0,0,0,0,0,0,0,0
130492481,1,0,0,0,0,0,0,0,1,0
130493709,1,0,0,0,0,1,0,0,1,0
130493849,1,1,0,0,0,0,0,0,1,1
130497929,1,1,0,0,0,1,0,0,0,0
130524829,1,0,0,0,0,0,0,1,0,0
130525946,1,1,0,0,0,1,0,0,1,0
130532157,1,1,0,0,0,0,0,0,1,0
130537387,1,0,0,0,0,0,0,0,0,0
130538674,1,1,0,0,0,0,0,0,0,0
130544617,1,1,0,1,1,1,0,1,0,0
130549514,1,1,1,0,0,1,0,0,0,0
130553693,1,0,0,0,0,0,0,1,0,0
130555090,0,0,0,0,0,0,0,0,0,0
130566544,1,0,0,0,0,1,0,1,0,0
130567500,1,0,0,0,0,1,0,0,1,0
130568049,1,1,0,0,0,0,0,0,1,1
130571177,1,0,0,0,0,0,0,0,0,0
130590084,1,0,0,0,0,0,0,0,0,0
130590539,1,0,0,1,1,0,0,0,0,0
130590752,1,0,1,1,1,1,0,0,0,0
130593498,1,0,0,0,0,0,0,0,0,0
130597472,1,0,0,0,0,1,0,0,0,0
130605747,1,0,0,0,0,0,0,0,0,0
130614327,1,0,0,0,0,1,0,0,0,1
130614532,1,0,0,0,0,1,0,0,0,0
130618624,0,0,0,0,0,0,0,0,0,0
130621059,1,0,0,0,0,0,0,0,0,0
130622110,1,0,0,0,0,0,0,0,0,0
130630808,1,0,0,1,1,1,1,1,1,0
130637511,1,0,0,0,0,0,0,0,0,0
130643461,1,0,0,0,0,0,0,0,0,0
130643735,1,1,0,0,0,1,0,0,0,0
130644681,1,0,0,0,0,0,0,0,0,0
130649724,1,0,0,1,0,0,0,0,0,0
130649771,1,1,1,0,0,0,0,0,0,0
130650386,1,0,0,1,0,0,0,0,0,0
130655676,1,0,0,0,0,0,0,0,0,0
130656395,1,1,0,0,0,1,0,0,0,0
130690992,1,1,1,0,0,0,0,0,1,0
130696288,1,0,0,0,0,0,0,0,0,0
130709121,1,1,0,0,0,0,0,0,0,0
130714949,0,0,0,0,0,0,0,0,0,0
130720010,1,0,0,0,0,0,0,0,0,0
130720473,1,0,0,0,0,0,0,0,0,0
130723989,1,0,0,0,0,0,0,0,0,0
130733452,1,1,0,0,0,0,0,0,0,0
130735894,0,0,0,0,0,0,0,0,0,0
130739152,1,0,1,1,1,0,0,0,0,0
130747954,0,0,0,0,0,0,0,0,0,0
130786094,1,1,1,1,1,1,0,0,0,0
130802903,1,0,0,0,0,0,0,0,0,0
130811590,1,0,0,0,0,1,0,0,0,0
130815585,1,0,0,0,0,1,0,0,0,0
130818616,1,0,0,0,0,0,0,0,0,0
130828889,1,0,0,1,1,1,0,1,1,0
130852315,0,0,0,0,0,0,0,0,0,0
130856290,1,0,0,1,0,0,0,0,0,0
130858883,1,0,0,0,0,1,0,0,0,0
130861845,1,1,0,0,1,1,0,0,0,1
130871466,0,0,0,0,0,0,0,0,0,0
130876252,0,1,0,0,0,0,0,0,0,0
130877013,1,0,0,0,0,0,0,0,0,0
130877847,0,0,0,0,0,0,0,0,0,0
130878258,0,0,0,0,0,0,0,0,0,0
130891420,1,1,0,0,0,0,0,0,0,0
130900772,0,0,0,0,0,0,0,0,0,0
130900850,0,0,0,0,0,0,0,0,0,0
130904371,1,1,0,0,0,1,0,0,0,1
130925070,1,0,0,1,1,1,0,0,0,0
130931722,1,0,0,0,0,0,0,0,0,0
130936788,1,1,1,0,0,0,0,0,0,0
130945393,1,1,0,0,0,1,0,0,0,0
130953816,1,1,0,0,0,1,0,0,1,0
130956164,1,1,0,0,0,1,0,1,0,0
130956439,1,1,0,1,1,1,0,1,1,0
130961299,0,0,0,0,0,0,0,0,0,0
130976451,1,1,0,0,0,0,0,1,0,0
130981493,1,0,0,1,1,1,0,0,0,0
130996089,1,0,1,0,0,0,0,0,0,0
130997406,1,1,0,0,0,1,0,1,1,1
130997779,1,0,0,0,0,1,0,0,0,0
131004024,1,0,0,0,0,1,0,0,0,0
131010329,1,1,0,0,0,1,0,1,0,0
131012346,1,0,0,1,1,1,0,1,1,0
131013255,0,0,0,0,0,0,0,0,0,0
131018064,1,0,0,0,0,0,0,1,0,0
131030958,1,0,0,0,0,0,0,0,0,0
131038433,0,0,0,0,0,0,0,0,0,0
131047396,1,0,0,0,0,0,0,0,1,0
131053245,1,0,0,0,0,0,0,0,0,0
131058913,1,0,1,0,1,0,0,0,1,1
131061288,0,0,0,0,0,0,0,0,0,0
131061559,1,1,0,0,0,0,0,0,0,0
131063299,0,0,0,0,0,0,0,0,0,0
131065569,1,0,1,0,0,0,0,1,0,0
131067324,1,0,0,0,0,0,0,0,0,0
131068656,1,0,0,0,0,0,0,1,1,0
131073991,1,1,1,0,0,1,0,1,0,0
131074300,0,0,0,0,0,0,0,0,0,0
131084095,0,1,0,0,0,0,0,0,0,0
131086296,1,0,0,1,1,0,0,1,0,0
131091728,1,0,0,0,0,1,0,1,1,0
131093066,0,0,0,0,0,0,0,0,0,0
131098320,1,1,0,0,0,0,0,0,0,0
131099013,1,0,0,0,0,1,0,0,0,0
131106084,1,0,0,1,1,0,0,0,0,0
131108967,1,1,1,1,1,1,0,0,0,0
131116894,0,0,0,0,0,0,0,0,0,0
131118911,1,0,0,0,0,0,0,0,0,0
131120543,1,0,0,0,0,0,0,0,0,0
131120761,1,0,0,0,0,1,0,0,0,0
131136512,0,0,0,0,0,0,0,0,0,0
131143260,0,0,0,0,0,0,0,0,0,0
131143965,1,1,0,0,0,0,0,0,0,0
131145344,1,0,0,0,0,0,0,0,0,0
131145478,1,0,0,0,0,0,0,0,0,0
131147961,0,1,0,0,0,1,0,0,0,0
131149832,1,0,0,0,0,0,0,0,0,0
131151367,1,0,0,1,1,1,0,0,0,0
131154715,1,0,0,1,1,0,0,0,0,0
131156632,0,0,0,0,0,0,0,0,0,0
131159813,0,0,0,0,0,0,0,0,0,0
131167514,0,0,0,0,0,0,0,0,0,0
131168688,1,0,0,0,0,0,0,0,0,0
131169370,1,0,0,0,0,1,0,1,1,0
131170261,1,0,0,0,0,1,0,1,0,0
131171610,1,0,0,0,0,1,0,0,0,0
131173262,1,0,0,0,0,1,0,0,0,0
131180883,0,0,0,0,0,0,0,0,0,0
131183291,0,0,0,0,0,0,0,0,0,0
131187870,1,0,0,0,0,0,0,0,0,0
131194284,1,1,0,1,1,0,0,0,1,0
131202408,1,1,1,0,0,0,0,0,0,0
131205427,0,0,0,0,0,0,0,0,0,0
131209808,1,1,1,0,1,1,0,0,0,1
131217330,1,0,0,0,0,0,0,0,0,0
131222096,1,0,0,0,1,1,0,0,1,0
131222664,0,0,0,0,0,0,0,0,0,0
131234332,0,0,0,0,0,0,0,0,0,0
131242489,1,1,0,0,1,0,0,0,0,0
131244664,1,0,0,0,0,0,0,0,0,0
131247850,1,1,0,0,0,1,0,0,0,0
131248069,1,0,0,0,0,1,0,0,0,0
131249528,1,0,0,1,1,1,0,0,0,0
131251028,1,1,0,0,0,1,0,0,0,0
131251579,1,0,0,0,0,0,0,0,0,0
131252839,0,0,0,0,0,0,0,0,0,0
131254446,1,0,1,1,1,1,0,0,0,0
131256033,1,0,1,0,0,0,0,0,0,1
131261474,1,1,0,0,0,0,0,0,0,0
131262743,1,0,1,1,0,0,0,1,1,1
131266683,1,1,0,0,0,0,0,0,0,0
131270843,1,0,0,0,0,0,0,0,0,0
131271402,0,0,0,0,0,0,0,0,0,0
131271543,1,0,0,0,0,1,0,0,1,0
131273405,1,0,1,1,1,1,0,1,1,0
131279813,1,0,0,1,1,0,0,1,1,0
131282032,0,0,0,0,0,0,0,0,0,0
131292439,1,1,0,0,0,0,0,0,0,0
131294313,0,0,0,0,0,0,0,0,0,0
131294561,1,1,0,1,1,1,0,0,0,0
131295511,0,0,0,0,0,0,0,0,0,0
131295918,0,0,0,0,0,0,0,0,0,0
131296898,0,0,0,0,0,0,0,0,0,0
131297016,1,1,1,0,1,1,0,0,0,1
131299979,1,1,1,0,1,0,0,0,0,0
131300498,1,1,0,1,1,1,0,0,0,0
131300648,1,1,0,0,0,0,0,0,0,0
131301193,0,0,0,0,0,0,0,0,0,0
131302645,1,1,0,1,1,1,0,1,1,0
131309104,1,0,0,0,0,0,0,0,0,0
131314640,1,0,0,0,0,1,0,0,0,0
131317393,1,0,0,0,0,0,0,0,1,0
131318340,1,0,0,0,0,0,0,0,0,0
131318571,1,1,0,0,0,1,0,0,0,0
131318762,1,0,1,0,0,0,0,0,0,0
131319248,0,0,0,0,0,0,0,0,0,0
131320119,1,1,1,1,1,1,0,1,1,0
131321500,1,1,0,0,0,1,0,0,0,0
131322399,0,0,0,0,0,0,0,0,0,0
131322710,0,0,0,0,0,0,0,0,0,0
131323668,0,0,0,0,0,0,0,0,0,0
131323942,0,0,0,0,0,0,0,0,0,0
131325668,1,0,0,0,0,0,0,0,0,0
131326678,1,0,0,0,0,0,0,0,0,0
131330142,0,0,0,0,0,0,0,0,0,0
131333382,1,0,0,0,0,0,0,0,0,0
131334324,1,1,0,1,1,1,0,0,1,0
131335619,1,1,0,0,0,0,0,0,0,0
131337109,1,1,0,0,0,1,0,0,0,0
131339133,1,0,0,0,0,1,0,0,0,0
131344139,1,1,0,0,0,1,0,0,1,0
131347337,0,0,0,0,0,0,0,0,0,0
131351373,1,0,0,0,0,0,0,0,0,0
131353681,1,0,0,0,0,0,0,0,0,0
131361491,1,1,0,1,0,1,0,0,0,0
131364992,1,0,0,1,0,1,0,0,0,0
131367868,0,0,0,0,0,0,0,0,0,0
131368748,1,1,0,1,1,0,0,0,1,0
131369777,0,0,0,0,0,0,0,0,0,0
131371929,1,0,0,1,1,0,0,0,0,0
131378032,1,0,1,0,1,1,0,0,0,0
131380326,1,0,0,0,0,1,0,0,0,0
131384059,1,0,0,0,0,1,0,0,0,0
131384137,0,0,0,0,0,0,0,0,0,0
131386438,1,0,1,1,0,0,0,1,1,1
131390492,1,1,0,1,1,0,0,0,1,0
131391751,1,1,0,0,1,1,0,0,0,0
131393769,0,0,0,0,0,0,0,0,0,0
131395400,0,0,0,0,0,0,0,0,0,0
131396342,1,1,0,1,1,1,0,1,0,0
131398719,1,0,0,0,0,1,0,0,0,0
131413729,1,0,0,0,0,0,0,0,0,0
131414338,1,0,0,1,0,0,0,0,0,0
131418709,1,1,0,0,0,1,0,0,0,0
131424393,1,1,1,1,1,1,0,1,1,0
131425502,1,1,1,0,1,0,0,0,0,0
131426294,1,0,0,1,1,0,0,1,0,0
131427013,0,0,0,0,0,0,0,0,0,0
131429883,1,0,0,0,0,0,0,0,0,0
131430839,1,1,0,1,1,1,0,0,0,0
131436450,1,1,0,1,1,1,0,0,0,1
131438714,0,0,0,0,0,0,0,0,0,0
131443745,1,0,0,1,1,1,0,1,0,0
131444208,1,0,0,1,1,1,0,1,1,1
131444897,1,0,0,0,0,0,0,0,0,0
131453715,1,0,0,0,0,0,0,0,0,0
131454201,0,1,0,0,0,0,0,0,0,0
131456208,0,0,0,0,0,0,0,0,0,0
131456349,1,0,0,1,1,1,0,1,1,1
131457635,1,0,0,0,0,0,0,0,0,0
131457766,1,0,0,0,0,0,0,0,0,0
131458142,1,0,0,0,0,1,0,1,1,0
131459046,1,0,0,0,0,0,0,0,0,0
131462167,1,0,0,1,0,0,0,0,0,0
131470325,1,0,0,1,1,1,0,0,0,1
131471976,1,0,0,0,0,0,0,0,0,0
131472628,1,0,0,0,0,0,0,0,0,0
131472750,1,0,0,1,1,1,0,1,0,0
131473860,1,0,0,0,0,0,0,0,0,0
131474734,1,0,0,0,0,0,0,0,0,0
131486516,1,0,0,0,0,0,0,0,0,0
131491611,1,0,0,0,0,1,0,1,0,1
131492118,0,0,0,0,0,0,0,0,0,0
131493120,0,1,0,0,0,0,0,0,0,0
131499995,0,0,0,0,0,0,0,0,0,0
131508005,1,0,1,1,1,1,0,1,0,1
131509257,1,0,0,0,0,0,0,1,0,0
131511381,0,0,0,0,0,0,0,0,0,0
131512489,1,0,0,0,0,0,0,0,0,0
131514223,1,0,1,0,1,1,0,0,0,0
131516443,1,1,0,0,0,1,0,1,1,0
131519633,1,1,0,1,1,0,0,0,1,0
131519754,1,0,0,0,0,1,0,0,0,0
131523335,1,1,1,1,1,0,0,1,0,0
131524971,1,1,0,0,1,1,0,0,1,1
131528269,0,0,0,0,0,0,0,0,0,0
131530023,0,0,0,0,0,0,0,0,0,0
131538906,1,0,1,1,1,1,0,0,0,0
131546818,0,0,0,0,0,0,0,0,0,0
131547969,1,0,0,0,0,1,0,0,0,0
131549271,0,0,0,0,0,0,0,0,0,0
131550200,1,1,0,0,0,1,0,0,0,0
131553070,0,0,0,0,0,0,0,0,0,0
131553375,1,0,1,0,0,0,0,0,0,1
131557137,1,1,1,1,1,1,0,1,1,0
131557915,1,0,0,0,0,0,0,0,0,0
131558294,1,0,0,0,0,0,0,0,1,0
131559671,1,0,1,0,0,0,0,1,0,0
131559925,1,1,0,0,0,1,0,1,0,0
131559942,1,1,0,0,0,1,0,1,1,0
131561853,1,0,0,0,0,0,0,0,1,0
131562921,1,1,0,1,1,1,0,0,0,0
131568247,1,0,0,0,0,0,0,0,0,0
131570013,1,0,1,1,0,0,0,0,0,0
131570400,1,0,0,0,0,1,0,1,0,0
131571105,1,1,0,0,0,0,0,0,1,0
131572461,0,0,0,0,0,0,0,0,0,0
131575559,1,0,0,0,0,0,0,0,0,0
131578883,1,1,0,0,0,0,0,0,0,0
131579283,1,1,0,0,1,1,1,1,1,0
131580464,1,0,0,0,0,1,0,0,0,1
131582632,1,1,0,1,1,1,0,0,0,0
131582836,1,1,0,1,1,0,0,0,0,0
131583449,1,0,0,0,0,0,0,0,1,0
131583820,1,1,1,1,1,1,0,1,1,0
131591176,0,0,0,0,0,0,0,0,0,0
131593213,1,0,0,0,0,0,0,0,0,0
131596243,1,0,0,0,0,0,0,0,1,0
131605718,1,0,0,0,0,0,0,1,1,0
131608921,1,0,0,0,0,0,0,0,0,0
131609272,1,0,0,0,0,0,0,0,0,0
131610155,0,0,0,0,0,0,0,0,0,0
131610369,1,1,0,0,0,1,0,0,0,0
131612872,1,0,0,1,1,1,0,0,0,0
131617249,1,0,0,0,0,1,0,0,0,0
131617629,1,0,0,0,0,0,0,0,0,0
131620847,1,0,0,0,0,1,0,0,0,0
131620946,1,1,0,0,0,0,0,0,0,0
131621652,1,1,0,1,1,1,0,0,0,0
131625143,1,0,0,0,0,0,0,0,0,0
131630299,1,0,0,0,0,1,0,0,0,0
131634411,1,1,0,0,0,1,0,0,0,0
131635111,1,1,0,0,0,0,0,0,0,0
131638904,1,0,0,0,0,0,0,0,1,0
131639498,1,0,0,0,0,0,0,0,1,0
131642009,1,1,1,1,1,1,0,1,1,1
131642785,1,0,0,0,1,1,0,0,0,0
131643888,1,0,0,0,0,0,0,1,0,0
131644511,1,0,0,0,0,0,0,0,0,0
131648557,1,0,0,0,0,1,0,0,1,0
131648611,1,0,0,0,0,1,0,0,1,0
131648677,0,0,0,0,0,0,0,0,0,0
131653039,1,1,0,0,0,0,0,0,0,0
131653863,0,0,0,0,0,0,0,0,0,0
131655824,1,0,0,0,0,0,0,0,0,0
131656572,1,0,1,1,1,1,0,0,0,0
131659333,1,0,0,0,0,0,0,0,0,0
131661181,0,0,0,0,0,0,0,0,0,0
131661615,1,1,0,0,0,1,0,0,0,0
131667256,1,0,0,0,0,0,0,0,0,0
131667338,1,0,0,1,1,1,0,1,0,0
131668183,1,0,1,0,0,0,0,0,0,0
131669917,1,0,0,0,1,0,0,0,1,0
131672880,1,1,0,1,1,1,0,1,1,1
131674239,1,1,0,1,1,1,0,1,1,0
131678963,1,1,0,1,1,1,0,0,0,1
131681237,1,1,1,0,1,1,0,0,0,0
131689196,1,0,1,1,0,0,0,1,1,1
131698803,1,0,0,0,0,0,0,0,0,0
131698839,1,1,0,0,0,1,0,0,0,1
131699272,1,1,0,1,1,1,0,1,1,0
131699765,1,0,0,1,1,1,0,1,1,0
131705949,1,0,0,1,1,1,0,0,0,1
131707785,0,0,0,0,0,0,0,0,0,0
131718436,1,1,0,0,0,0,0,0,0,0
131721425,1,0,0,0,0,0,0,0,0,0
131723265,1,0,0,0,0,1,0,0,0,0
131725489,1,0,0,0,0,0,0,0,0,0
131730375,1,1,0,1,0,1,0,0,0,0
131731872,1,0,0,0,0,0,0,0,0,0
131732876,1,0,0,0,0,0,0,0,0,0
131733119,1,1,0,0,0,0,0,0,0,0
131733374,1,0,0,0,0,1,0,0,0,0
131744448,0,0,0,0,0,0,0,0,0,0
131756949,1,1,0,0,0,1,0,0,0,0
131757757,1,0,0,0,0,1,0,0,1,0
131760746,1,1,0,0,0,0,0,0,0,0
131767673,1,0,0,0,0,0,0,0,0,0
131768591,1,1,0,0,0,1,0,0,1,0
131807098,1,0,0,1,0,1,0,1,0,0
131809329,1,0,1,1,0,0,0,1,0,1
131810689,0,0,0,0,0,0,0,0,0,0
131811773,1,1,0,1,0,1,0,0,0,0
131811843,1,0,0,0,0,1,0,0,0,0
131812196,1,0,0,0,0,0,0,1,1,1
131812783,1,0,0,1,1,1,0,1,1,0
131813531,1,0,0,0,0,0,0,1,1,1
131813668,1,0,0,0,0,0,0,1,1,1
131816863,1,0,0,0,0,0,0,0,0,0
131818619,1,0,0,0,0,1,0,0,0,0
131820747,1,0,1,0,0,0,0,0,0,0
131824972,1,1,0,0,0,0,0,0,0,0
131832124,1,0,0,0,0,0,0,0,0,0
131836382,1,0,1,1,1,1,0,1,1,0
131836596,1,0,0,1,1,1,0,1,1,0
131838199,1,1,0,0,0,0,0,0,0,0
131853537,1,1,0,0,0,0,0,0,0,0
131855231,1,0,0,0,0,1,0,0,0,0
131855675,1,0,0,0,1,0,0,0,1,0
131858399,1,0,0,0,0,0,0,0,0,0
131860343,1,0,0,1,1,1,0,0,0,0
131862028,1,0,1,1,1,0,0,1,1,0
131868816,1,1,0,0,0,0,0,0,0,0
131873284,1,1,0,1,0,1,0,0,0,0
131875368,1,0,0,0,0,1,0,0,0,0
131875825,1,1,0,0,0,0,0,1,1,0
131879465,1,0,0,0,0,0,0,0,0,0
131879546,1,1,0,0,0,1,0,1,0,0
131882514,1,0,1,1,1,1,0,1,1,0
131885660,1,0,0,0,0,0,0,0,0,0
131889842,1,0,0,0,0,0,0,0,0,0
131892382,1,1,1,1,1,1,1,0,1,0
131895237,1,0,0,0,0,0,0,0,0,0
131898353,1,0,0,0,1,0,0,1,0,0
131903838,1,0,0,0,0,0,0,0,0,0
131908311,1,0,0,0,0,1,0,0,0,0
131909637,1,0,0,0,0,0,0,0,0,0
131912529,1,1,0,1,0,0,0,0,0,0
131914368,1,0,0,0,0,0,0,0,1,0
131925147,1,0,0,0,0,0,0,0,0,0
131925302,1,0,0,1,0,1,0,0,0,0
131930451,1,0,0,1,0,1,0,0,0,0
131932965,1,0,0,0,0,0,0,0,0,0
131933982,1,1,0,0,0,0,0,0,1,0
131934150,1,0,0,0,0,1,0,0,1,1
131934244,1,1,0,0,0,1,0,0,1,1
131941052,0,0,0,0,0,1,0,0,0,0
131944644,1,0,0,0,0,1,0,0,0,0
131949824,1,0,0,0,0,1,0,0,0,0
131952261,0,0,0,0,0,0,0,0,0,0
131962182,0,0,0,0,0,0,0,0,0,0
131969880,1,1,0,1,1,1,0,0,0,1
131971224,1,1,0,0,0,0,0,0,0,0
131973102,1,0,0,0,0,1,0,0,0,0
131974900,1,0,0,0,0,0,0,0,1,0
131982033,0,0,0,0,0,0,0,0,0,0
131986380,0,0,0,0,0,0,0,0,0,0
131990494,1,0,0,0,1,0,0,0,0,0
131992788,0,0,0,0,0,0,0,0,0,0
131994117,1,1,1,0,0,0,0,0,1,0
131994133,1,0,0,1,1,0,0,0,0,0
131995497,1,1,0,0,0,1,0,0,0,0
132001249,1,0,0,0,0,1,0,0,0,0
132005525,1,0,0,0,0,0,0,0,0,0
132011856,1,0,0,0,1,1,1,0,0,0
132032313,0,0,0,0,0,0,0,0,1,0
132036235,1,1,0,0,0,1,0,0,0,0
132037815,1,0,0,0,1,1,0,1,0,1
132043515,1,0,1,0,0,0,0,1,1,0
132050623,1,1,0,1,0,0,0,1,1,0
132051188,1,1,0,0,0,0,0,0,0,0
132051298,1,1,0,0,0,0,0,0,0,0
132053519,1,1,1,0,1,1,0,1,1,0
132065147,0,0,0,0,0,0,0,0,0,0
132068331,1,1,1,0,1,1,0,0,0,1
132068622,1,0,0,1,0,0,0,0,0,0
132070186,1,1,0,0,0,1,0,1,0,0
132072078,1,0,0,1,1,0,0,0,1,0
132072138,1,1,0,1,1,0,0,0,1,0
132073059,1,1,0,1,1,0,0,0,0,0
132073867,0,0,0,0,0,0,0,0,0,0
132075568,1,0,0,0,0,1,0,1,0,0
132083696,1,1,0,0,0,1,0,0,0,0
132085375,1,1,0,0,0,1,0,0,0,0
132096976,1,1,1,1,1,1,0,0,1,0
132099041,1,1,0,0,0,1,0,0,0,0
132100612,1,0,0,0,1,0,0,0,1,0
132103962,1,0,0,1,1,1,0,0,1,0
132104108,1,1,0,0,0,1,0,0,0,0
132112589,0,0,0,0,0,0,0,0,0,0
132115968,1,0,0,0,0,0,0,0,0,0
132119409,1,0,0,0,1,1,0,0,0,0
132120023,0,0,0,0,0,1,0,0,0,0
132140360,1,1,0,0,0,1,0,0,0,0
132141839,1,1,0,0,0,0,0,0,0,0
132142407,1,1,0,0,0,1,0,0,0,0
132149756,0,1,0,0,0,0,0,0,0,0
132158435,1,1,0,0,0,1,0,0,0,0
132162608,0,0,0,0,0,0,0,0,0,0
132164122,1,0,0,0,0,0,0,0,0,0
132168503,0,0,0,0,0,0,0,0,0,0
132170318,0,0,0,0,0,0,0,0,0,0
132170427,0,0,0,0,0,0,0,0,0,0
132172545,1,0,0,0,0,1,0,0,0,0
132173906,1,0,0,0,0,1,0,0,0,0
132179332,1,0,0,0,0,1,0,0,0,0
132180270,1,1,1,1,1,1,0,0,1,1
132181925,0,0,0,0,0,0,0,0,0,0
132184049,1,1,0,1,1,0,0,1,0,1
132184576,1,0,0,0,0,1,0,0,0,0
132185171,0,0,0,0,0,0,0,0,0,0
132188832,1,0,0,0,0,0,0,0,0,0
132194427,1,0,0,0,0,0,0,0,0,0
132196526,1,0,0,0,1,1,0,0,0,0
132197638,1,0,0,0,0,0,0,0,0,0
132199114,0,0,0,0,0,0,0,0,0,0
132200390,1,0,0,0,1,1,0,0,1,0
132201170,1,0,0,0,0,0,0,1,0,0
132201431,0,0,0,0,0,0,0,0,0,0
132204674,0,0,0,0,0,0,0,0,0,0
132210544,1,0,0,0,1,0,0,0,1,0
132215832,1,1,0,0,0,0,0,0,0,0
132217647,0,0,0,0,0,0,0,0,0,0
132218011,1,0,0,0,0,0,0,0,0,0
132219105,0,0,0,0,0,0,0,0,0,0
132220966,1,0,0,0,0,1,0,0,0,0
132230012,1,1,0,1,1,0,0,1,0,1
132232787,1,0,0,0,0,0,0,0,0,0
132233494,1,0,0,0,0,0,0,0,0,0
132233606,0,0,0,0,0,0,0,0,0,0
132233722,1,0,0,0,0,0,0,1,0,0
132235968,1,0,1,0,0,1,0,0,0,0
132243135,0,0,0,0,0,0,0,0,0,0
132244254,0,0,0,0,0,0,0,0,0,0
132244785,1,0,0,1,1,0,0,1,1,0
132245920,1,0,0,0,0,0,0,0,0,0
132246298,1,0,1,1,1,1,0,0,0,0
132247932,0,0,0,0,0,0,0,0,0,0
132251156,1,0,1,1,0,0,0,1,1,1
132255140,1,0,0,1,1,1,0,1,1,1
132255239,0,0,0,0,0,0,0,0,0,0
132255603,1,0,0,0,0,1,0,0,0,0
132256143,0,0,0,0,0,0,0,0,0,0
132256376,1,0,0,1,1,1,0,0,0,1
132256544,1,1,0,0,0,1,0,0,0,0
132262502,0,0,0,0,0,0,0,0,0,0
132262599,0,0,0,0,0,0,0,0,0,0
132262710,0,0,0,0,0,0,0,0,0,0
132263114,0,1,0,0,0,0,0,0,0,0
132266916,1,0,0,0,0,0,0,0,0,0
132268247,0,0,0,0,0,0,0,0,0,0
132268864,1,1,0,0,0,0,0,0,0,0
132269755,1,0,1,1,1,1,0,0,0,1
132272846,1,0,0,0,0,1,0,0,0,0
132274978,1,0,1,0,0,0,0,1,1,0
132276642,0,0,0,0,0,0,0,0,0,0
132281505,0,0,0,0,0,0,0,0,1,0
132283044,1,0,0,1,1,0,0,0,0,1
132283051,1,0,0,1,1,1,0,0,1,1
132287425,1,0,0,0,0,0,0,0,0,0
132288121,1,0,0,0,0,0,0,0,0,0
132295891,1,0,0,0,1,1,0,0,0,0
132296391,0,0,0,0,0,0,0,0,0,0
132300544,0,0,0,0,0,0,0,0,0,0
132301091,1,1,0,0,0,1,0,0,0,0
132303861,1,0,0,0,0,0,0,0,0,0
132305068,0,0,0,0,0,0,0,0,0,0
132309813,0,0,0,0,0,0,0,0,0,0
132313004,1,0,0,0,0,0,0,0,1,0
132314048,0,0,0,0,0,0,0,0,0,0
132316320,0,0,0,0,0,0,0,0,0,0
132317875,0,0,0,0,0,0,0,0,0,0
132319716,1,1,1,0,1,0,0,0,0,1
132320553,0,0,0,0,0,0,0,0,0,0
132321091,0,0,0,0,0,0,0,0,0,0
132324766,0,0,0,0,0,0,0,0,0,0
132327428,0,0,0,0,0,0,0,0,0,0
132332224,1,0,1,0,0,0,0,0,0,0
132337503,1,1,1,0,0,1,0,0,0,0
132343689,1,0,0,0,0,0,0,0,0,0
132349243,1,0,0,0,0,0,0,0,0,0
132351889,0,0,0,0,0,0,0,0,0,0
132353090,0,0,0,0,0,0,0,0,0,0
132357281,1,0,1,0,0,0,0,0,0,1
132357959,0,0,0,0,0,0,0,0,0,0
132361750,1,0,0,0,0,0,0,0,0,0
132361833,0,0,0,0,0,0,0,0,0,0
132362420,0,0,0,0,0,0,0,0,0,0
132366595,1,0,0,0,0,0,0,0,0,0
132368213,1,0,1,0,0,0,0,0,0,1
132371162,0,0,0,0,0,0,0,0,0,0
132373835,1,0,0,1,1,1,0,0,0,1
132373919,0,0,0,0,0,0,0,0,0,0
132374111,1,1,1,0,0,0,0,0,0,0
132374500,0,0,0,0,0,0,0,0,0,0
132375812,0,0,0,0,0,0,0,0,0,0
132376589,0,0,0,0,0,0,0,0,0,0
132376825,0,0,0,0,0,0,0,0,0,0
132380381,0,0,0,0,0,0,0,0,0,0
132380529,0,0,0,0,0,0,0,0,0,0
132383084,0,0,0,0,0,0,0,0,0,0
132384789,0,0,0,0,0,0,0,0,0,0
132385596,1,0,0,0,1,0,0,0,1,0
132385746,1,0,0,0,0,0,0,0,1,1
132386336,1,0,1,0,0,1,0,0,0,0
132388966,1,0,0,0,0,0,0,0,0,0
132394932,1,0,0,0,0,1,0,0,0,0
132395365,1,1,0,0,0,0,0,1,1,1
132396266,1,0,0,0,0,1,0,0,0,0
132397295,0,0,0,0,0,0,0,0,0,0
132397805,1,0,0,1,1,1,0,1,1,0
132399000,0,0,0,0,0,0,0,0,0,0
132405925,0,0,0,0,0,0,0,0,0,0
132407610,1,0,0,1,1,1,0,0,0,0
132408469,1,1,1,1,1,1,0,1,1,0
132413570,1,0,0,0,0,1,0,0,0,0
132416503,1,1,0,0,0,0,0,0,0,0
132418293,0,0,0,0,0,0,0,0,0,0
132419297,1,0,0,1,1,1,0,1,1,1
132422986,0,1,0,0,0,0,0,0,0,0
132424453,1,0,0,0,0,0,0,0,0,0
132430788,1,0,0,0,0,0,0,0,0,0
132431529,1,0,0,0,0,1,0,0,1,0
132432715,1,0,0,0,0,1,0,0,0,0
132434304,1,0,0,0,0,1,0,0,0,0
132444339,0,0,0,0,0,0,0,0,0,0
132445648,1,1,0,0,0,0,0,0,0,0
132451564,1,1,0,1,0,0,0,0,0,0
132453952,0,0,0,0,0,0,0,0,0,0
132454454,1,0,0,0,0,0,0,0,0,0
132456087,1,0,0,0,0,0,0,0,0,0
132459992,1,0,0,0,0,1,0,0,0,0
132463616,0,0,0,0,0,0,0,0,0,0
132468156,1,0,1,1,0,1,0,1,0,1
132469519,0,0,0,0,0,0,0,0,0,0
132470828,1,1,0,0,0,1,0,0,0,0
132471001,0,0,0,0,0,0,0,0,0,0
132471528,1,0,0,0,1,0,1,1,0,0
132474200,0,0,0,0,0,0,0,0,0,0
132478131,1,0,0,1,1,1,0,0,0,0
132481185,1,0,0,1,1,1,0,0,1,0
132483390,0,0,0,0,0,0,0,0,0,0
132486334,1,0,0,0,0,0,0,0,0,0
132486514,1,0,0,1,1,1,0,0,0,1
132486560,1,0,0,1,1,1,0,0,0,1
132489320,0,0,0,0,0,0,0,0,0,0
132491257,0,0,0,0,0,0,0,0,0,0
132491868,1,0,0,0,0,0,0,0,1,0
132494411,0,0,0,0,0,0,0,0,0,0
132495422,0,0,0,0,0,0,0,0,0,0
132497872,1,0,0,0,0,0,0,0,0,0
132498308,0,0,0,0,0,0,0,0,0,0
132500269,1,0,0,0,0,0,0,0,0,0
132500356,0,0,0,0,0,0,0,0,0,0
132501432,1,0,1,0,1,0,0,0,1,1
132502969,1,0,0,0,0,0,0,0,0,0
132504249,0,0,0,0,0,0,0,0,0,0
132505137,1,0,0,0,0,1,0,0,0,0
132505820,0,0,0,0,0,0,0,0,0,0
132505890,1,0,0,0,0,0,0,0,1,0
132506252,1,1,0,0,0,1,0,0,0,0
132506353,1,0,0,0,0,0,0,0,1,0
132506697,1,1,0,0,0,1,0,0,0,0
132507627,1,0,0,0,0,0,0,0,0,0
132508034,1,0,1,1,0,0,0,1,1,1
132509473,1,0,0,0,0,0,0,0,0,0
132510666,1,0,0,0,0,1,0,1,0,0
132511283,0,0,0,0,0,0,0,0,0,0
132511581,1,1,1,1,1,1,0,0,0,0
132511769,0,0,0,0,0,0,0,0,0,0
132511801,0,0,0,0,0,0,0,0,0,0
132513629,1,1,0,1,1,0,0,0,0,0
132517257,0,0,0,0,0,0,0,0,0,0
132519002,1,0,0,0,0,0,0,0,0,0
132519103,1,0,0,1,0,1,0,0,0,0
132522113,1,0,0,0,0,0,0,0,1,0
132523273,1,0,1,1,1,1,0,1,0,0
132524313,1,0,0,0,0,1,0,0,0,0
132525096,1,1,0,0,1,1,0,0,0,0
132526848,0,0,0,0,0,0,0,0,0,0
132528127,1,0,1,1,0,0,0,1,1,1
132530682,1,0,0,1,1,1,0,0,1,0
132530788,1,0,1,0,0,0,0,0,1,0
132530866,1,0,0,1,1,0,0,0,1,0
132530881,1,0,0,1,1,1,0,0,1,0
132533247,1,0,0,0,0,0,0,0,0,0
132533563,1,1,0,0,0,1,0,1,0,0
132534476,1,0,1,1,1,1,0,1,1,1
132537747,1,0,0,0,0,0,0,1,1,1
132543623,1,0,0,0,0,0,0,0,0,1
132544464,0,0,0,0,0,0,0,0,0,0
132545380,1,0,0,0,0,0,0,0,0,0
132545497,1,1,1,0,0,0,0,1,0,0
132545800,0,0,0,0,0,0,0,0,0,0
132548283,0,0,0,0,0,0,0,0,0,0
132548512,0,0,0,0,0,0,0,0,0,0
132549502,0,0,0,0,0,0,0,0,0,0
132553222,0,0,0,0,0,0,0,0,0,0
132555314,0,0,0,0,0,0,0,0,0,0
132557409,0,0,0,0,0,0,0,0,0,0
132557447,0,0,0,0,0,0,0,0,0,0
132560445,1,0,0,0,0,0,0,0,0,1
132560451,1,1,0,1,1,1,0,0,0,0
132562233,0,0,0,0,0,0,0,0,0,0
132562322,0,0,0,0,0,0,0,0,0,0
132564794,1,1,0,0,0,0,0,0,1,0
132565015,0,0,0,0,0,0,0,0,0,0
132570575,0,0,0,0,0,0,0,0,0,0
132575062,1,0,0,1,0,0,0,0,0,0
132575285,0,0,0,0,0,0,0,0,0,0
132575859,1,1,1,1,1,1,0,0,0,0
132576721,1,0,0,0,0,1,0,0,0,0
132576868,1,0,0,1,0,0,0,0,0,0
132576923,0,0,0,0,0,0,0,0,0,0
132577351,1,0,0,0,0,0,0,0,0,0
132582560,1,0,0,1,1,0,0,0,1,1
132583653,1,1,0,1,1,1,0,0,0,0
132584543,1,0,0,0,0,1,0,0,0,0
132585045,1,0,0,0,0,1,0,0,0,0
132586537,1,0,0,0,0,1,0,0,0,0
132587729,0,0,0,0,0,0,0,0,0,0
132588325,1,0,0,0,0,0,0,1,0,0
132588956,1,0,0,0,0,0,0,0,0,0
132591950,1,0,0,1,1,1,0,0,0,0
132598228,1,0,0,0,0,1,0,0,0,0
132599752,0,0,0,0,0,0,0,0,0,0
132599911,1,0,0,0,0,1,0,0,1,0
132600735,0,0,0,0,0,0,0,0,0,0
132601483,0,0,0,0,0,0,0,0,0,0
132606894,0,0,0,0,0,0,0,0,0,0
132606920,0,0,0,0,0,0,0,0,0,0
132607282,0,0,0,0,0,0,0,0,0,0
132608236,0,0,0,0,0,0,0,0,0,0
132608860,1,0,0,0,0,0,0,1,0,0
132611333,1,0,0,0,0,0,0,0,1,0
132613006,1,0,0,1,1,0,0,0,1,1
132613243,1,0,0,1,1,0,0,0,1,1
132614321,1,0,0,1,1,1,0,0,0,0
132614904,1,0,0,1,1,0,0,0,0,0
132615908,0,0,0,0,0,0,0,0,0,0
132616262,0,0,0,0,0,0,0,0,0,0
132617132,1,0,0,0,0,0,0,0,0,0
132617516,1,1,0,1,1,1,0,0,0,0
132618759,1,1,0,0,0,1,0,0,1,0
132619191,1,1,0,0,0,1,0,0,0,0
132619480,1,1,0,0,0,0,0,0,0,0
132619504,1,1,0,1,1,0,0,0,0,0
132620066,0,0,0,0,0,0,0,0,0,0
132620152,0,0,0,0,0,0,0,0,0,0
132620799,1,0,0,0,0,1,0,0,0,0
132621827,1,0,0,0,1,1,0,0,0,0
132622982,0,0,0,0,0,0,0,0,0,0
132623481,1,1,0,0,0,1,0,0,1,0
132623524,1,0,0,0,0,0,0,1,0,0
132623591,1,0,0,1,1,1,0,1,1,0
132624674,0,0,0,0,0,1,0,0,0,0
132624819,1,0,1,0,0,1,0,0,0,0
132625050,0,1,0,0,0,0,0,0,0,0
132625472,0,0,0,0,0,0,0,0,0,0
132625878,1,0,0,0,0,1,0,0,0,1
132625912,0,0,0,0,0,0,0,0,0,0
132627001,1,0,0,1,1,1,0,1,0,0
132627781,1,0,0,0,0,1,0,0,0,0
132629478,1,0,0,0,0,1,0,1,0,0
132629959,0,0,0,0,0,0,0,0,0,0
132630523,0,0,0,0,0,0,0,0,0,0
132636204,0,0,0,0,0,0,0,0,0,0
132636427,1,1,0,0,0,0,0,1,1,1
132639014,0,0,0,0,0,0,0,0,0,0
132640642,1,1,0,0,0,0,0,0,0,0
132640694,1,0,0,0,0,0,0,0,0,0
132640796,1,0,0,0,0,1,0,0,0,0
132642689,0,0,0,0,0,0,0,0,0,0
132643198,0,0,0,0,0,0,0,0,0,0
132643277,1,0,0,1,1,1,0,1,1,0
132643390,1,0,0,1,1,1,0,1,1,0
132645004,0,0,0,0,0,0,0,0,0,0
132645901,0,0,0,0,0,0,0,0,0,0
132646248,1,0,1,0,0,0,0,0,0,1
132646582,0,0,0,0,0,0,0,0,0,0
132648573,1,1,0,0,0,1,0,0,0,0
132650873,0,1,0,0,0,0,0,0,0,0
132651481,0,0,0,0,0,0,0,0,0,0
132654966,0,0,0,0,0,0,0,0,0,0
132655154,1,0,0,0,0,0,0,1,0,0
132660937,1,0,0,0,0,1,0,0,0,0
132661251,1,1,0,0,0,1,0,1,0,0
132661657,1,0,1,0,0,0,0,0,0,0
132662454,1,0,1,0,0,0,0,0,1,0
132662872,1,0,0,0,0,0,0,0,0,0
132662921,1,0,0,0,0,0,0,0,0,0
132663159,1,0,1,0,0,1,0,0,1,1
132664568,0,0,0,0,0,0,0,0,0,0
132665081,1,1,0,1,1,0,0,0,1,0
132665508,1,0,0,0,0,1,0,0,0,0
132666712,1,0,0,1,1,0,0,0,1,1
132667336,0,0,0,0,0,0,0,0,0,0
132667723,1,0,0,1,1,0,1,0,0,0
132669206,1,0,0,0,0,0,0,0,1,0
132670798,1,0,0,1,1,1,0,1,0,0
132672077,1,1,0,0,0,0,0,0,0,0
132672458,1,0,0,0,0,0,0,0,0,0
132673812,1,0,0,1,1,1,0,1,0,0
132674453,1,1,0,0,0,1,0,1,0,0
132677343,1,1,0,0,0,0,0,1,0,0
132679265,1,1,1,1,1,1,0,0,0,0
132681442,1,1,0,0,0,1,0,1,0,0
132681731,1,0,0,0,0,0,0,0,0,1
132682555,1,0,1,0,1,0,0,0,0,0
132684338,1,0,0,1,1,0,0,1,1,0
132684764,1,0,0,0,0,0,0,0,1,1
132685150,0,0,0,0,0,0,0,0,0,0
132687908,1,1,0,0,0,0,0,1,0,0
132689331,1,0,1,1,0,0,0,1,0,1
132690291,1,0,0,0,0,0,0,0,0,0
132692461,0,0,0,0,0,0,0,0,0,0
132695137,1,0,1,1,1,0,1,0,0,0
132697045,1,0,1,0,0,1,0,0,0,1
132697099,1,1,1,1,1,1,0,0,0,1
132700128,1,0,0,0,0,0,0,0,0,0
132701108,1,1,0,0,0,0,0,1,1,1
132701815,1,0,0,0,0,0,0,1,0,0
132701870,1,1,0,0,0,1,0,1,1,0
132702706,0,0,0,0,0,0,0,0,0,0
132703003,1,0,0,0,0,1,0,0,1,1
132704347,1,0,0,0,0,0,0,0,0,0
132707314,1,1,0,0,0,1,0,1,1,0
132709496,1,0,0,0,0,1,0,0,0,1
132709960,1,1,1,0,0,0,0,0,0,1
132711530,1,1,1,1,1,1,0,0,0,1
132712562,1,0,0,1,1,0,0,0,0,1
132712642,1,1,0,0,0,0,0,0,0,0
132712809,1,0,0,1,1,1,0,0,0,1
132713842,1,0,0,1,0,0,0,0,1,0
132714146,1,0,0,0,0,0,0,0,0,1
132714523,1,1,0,0,0,1,1,0,0,0
132715571,1,0,0,0,0,0,0,0,0,0
132716000,1,1,0,0,0,0,0,0,0,0
132716712,1,1,0,0,0,0,0,0,0,0
132716873,0,0,0,0,0,0,0,0,0,0
132718176,1,1,0,0,0,0,0,0,0,0
132719263,1,1,0,1,1,0,1,0,1,0
132719760,1,1,0,0,1,1,0,1,0,0
132719972,1,0,0,1,1,0,0,1,1,1
132721655,1,1,0,1,1,0,0,0,1,0
132725863,1,0,1,0,0,1,1,0,0,0
132727001,1,1,0,0,0,1,0,0,0,0
132728251,1,0,0,1,1,1,0,1,0,0
132728922,1,0,0,1,1,1,0,1,0,0
132729043,1,0,0,0,0,0,0,1,1,0
132733396,1,0,0,0,0,1,0,0,0,0
132734984,1,0,0,1,1,0,0,0,0,0
132736812,1,0,0,0,0,0,0,0,0,0
132737114,0,0,0,0,0,0,0,0,0,1
132739397,1,0,0,0,0,0,0,0,0,0
132739831,1,0,0,0,0,0,0,0,0,0
132739971,1,1,0,1,1,0,0,0,0,0
132742932,1,0,0,1,1,1,0,0,0,0
132742981,1,0,0,1,1,0,0,0,1,1
132746965,1,0,0,0,0,0,0,0,1,0
132748169,1,0,1,0,0,1,0,0,0,0
132749111,1,0,0,0,0,1,0,0,0,0
132750382,1,0,0,0,0,0,0,0,0,0
132750676,1,1,1,0,0,0,0,0,1,0
132751728,1,1,0,0,0,1,0,0,0,0
132755107,1,0,0,1,1,0,0,0,0,0
132755481,1,0,0,0,0,0,0,0,0,0
132757018,1,0,0,0,0,1,0,0,1,1
132758739,1,0,0,0,0,0,0,0,0,0
132759562,1,0,1,0,0,1,0,1,0,0
132759967,1,0,0,0,0,0,0,0,0,0
132760834,1,1,0,0,0,1,0,0,0,0
132761730,1,1,0,0,0,0,0,0,0,0
132762910,1,1,0,1,1,1,0,0,0,0
132766377,0,0,0,0,0,0,0,0,0,0
132766470,1,0,0,0,0,0,0,0,0,1
132767570,1,0,0,1,1,1,1,0,0,1
132767624,0,0,0,0,0,0,0,0,0,0
132768682,1,0,1,0,0,0,0,0,0,0
132769913,1,0,0,1,1,0,0,0,0,1
132769948,1,0,0,0,1,0,0,0,0,0
132770857,0,0,0,0,0,0,0,0,0,0
132775165,1,1,0,0,0,0,0,0,0,0
132775403,1,0,0,0,0,0,0,0,0,0
132777608,1,0,0,0,0,1,0,0,0,0
132779923,0,0,0,0,0,0,0,0,0,0
132781188,1,1,0,0,0,1,0,1,1,0
132781791,1,0,0,0,0,0,0,0,0,1
132783005,1,0,0,0,0,0,0,0,1,1
132783853,1,0,1,0,1,0,0,1,0,0
132785116,1,0,0,0,0,1,0,0,0,0
132787558,1,0,0,0,0,0,0,0,0,0
132790028,1,0,1,0,0,0,0,0,1,1
132792451,1,0,0,0,0,0,0,0,0,0
132794587,1,0,0,0,0,1,0,0,0,0
132794700,1,0,0,0,0,0,0,0,1,1
132795648,1,0,0,0,0,0,0,0,1,0
132796372,1,1,0,0,0,1,0,0,0,0
132796586,1,1,0,0,0,1,0,1,0,0
132796706,0,0,0,0,0,0,0,0,0,0
132797241,1,0,0,0,0,1,0,0,0,0
132799519,1,1,0,1,1,0,0,0,0,0
132799943,1,1,0,0,0,1,0,0,0,0
132800488,1,0,0,0,0,0,0,0,0,0
132803305,1,0,0,0,0,0,0,0,0,0
132806964,0,0,0,0,0,0,0,0,0,0
132807088,1,0,0,0,0,0,0,0,1,1
132808450,1,0,0,0,0,0,0,0,0,0
132809790,1,1,0,0,0,1,0,0,0,0
132812802,1,0,0,0,0,0,0,0,0,0
132816984,0,0,0,0,0,0,0,0,0,0
132817233,1,1,1,1,1,1,0,0,0,0
132818898,1,0,0,1,1,1,0,1,1,0
132819609,1,0,0,0,0,0,0,0,0,0
132821964,1,1,0,0,0,1,0,0,0,0
132823251,0,0,0,0,0,0,0,0,0,0
132824302,1,0,0,0,0,0,0,0,0,0
132826441,1,1,0,1,1,1,0,0,0,0
132832478,0,0,0,0,0,0,0,0,0,0
132832549,1,1,1,0,0,0,0,0,0,0
132838009,1,0,0,0,0,0,0,0,0,0
132838221,1,0,0,0,0,1,0,0,0,0
132838609,1,0,0,0,1,0,0,0,1,0
132839557,1,0,0,0,0,1,0,0,0,0
132842874,1,1,0,0,0,1,0,0,0,0
132843771,0,0,0,0,0,0,0,0,0,0
132844027,1,0,0,0,0,0,0,0,0,0
132849767,1,0,0,0,0,0,0,0,0,0
132850755,1,0,0,1,1,1,0,0,0,0
132851102,1,0,0,0,0,0,0,0,0,0
132852848,1,0,0,0,0,0,0,0,0,0
132853008,1,0,0,0,0,0,0,0,0,0
132863555,1,0,0,0,0,1,0,0,0,0
132864158,1,0,0,1,1,1,0,1,0,0
132865218,1,1,0,0,0,0,0,0,0,0
132866059,1,0,0,0,0,0,0,0,0,0
132868477,0,0,0,0,0,0,0,0,0,0
132868890,0,0,0,0,0,0,0,0,0,0
132873219,1,0,0,0,0,0,0,0,0,0
132873234,1,1,0,1,1,1,0,1,0,0
132873463,1,0,0,1,1,0,0,1,1,1
132873956,0,0,0,0,0,0,0,0,0,0
132876490,0,0,0,0,0,0,0,0,0,0
132876785,1,0,0,0,0,0,0,0,0,0
132882665,1,1,1,0,0,1,0,1,0,0
132885908,0,0,0,0,0,1,0,0,0,0
132888716,1,0,0,0,0,0,0,0,0,0
132888889,1,0,0,0,0,0,0,0,0,0
132888923,1,0,0,1,1,1,0,1,1,0
132889021,1,0,0,1,1,1,0,1,1,0
132890125,1,0,0,0,0,0,0,0,0,0
132891018,1,0,0,0,0,0,0,1,0,0
132893312,0,0,0,0,0,0,0,0,0,0
132893473,0,0,0,0,0,0,0,0,0,0
132893488,1,0,0,0,0,1,0,0,0,1
132894163,1,0,0,1,1,1,0,0,1,0
132894407,1,1,0,0,0,1,0,0,0,0
132894423,1,1,0,0,0,0,0,0,0,1
132894804,1,1,0,0,0,1,0,0,0,0
132894980,1,0,0,0,0,1,0,0,0,0
132895154,1,0,0,1,1,1,0,1,1,0
132897437,1,1,0,0,0,0,0,0,1,0
132897576,1,0,0,0,0,1,0,0,1,0
132899208,1,0,1,0,0,0,0,0,0,1
132900430,1,1,0,1,1,0,0,0,0,0
132901023,1,1,0,0,0,0,0,0,1,0
132901507,1,1,0,0,1,1,0,0,0,0
132901979,1,0,0,0,0,1,0,0,0,1
132902566,1,1,0,1,1,1,0,0,0,0
132904056,1,0,0,1,1,0,0,0,1,0
132905167,1,1,1,0,0,0,0,0,0,0
132906519,1,0,0,0,0,0,0,0,1,0
132911529,1,0,0,0,0,0,0,0,0,0
132914335,1,0,0,0,0,0,0,0,0,0
132917306,1,0,0,0,0,0,0,0,1,1
132917911,1,0,0,1,1,0,0,0,1,1
132918284,1,1,0,0,0,0,0,0,0,0
132919119,1,0,0,0,0,0,0,0,1,1
132920797,1,0,0,0,0,0,0,0,0,0
132922029,1,1,0,0,0,1,0,1,1,0
132923983,0,0,0,0,0,0,0,0,0,0
132926558,1,1,0,1,1,0,0,0,0,1
132928642,1,0,0,1,1,1,0,1,0,1
132929724,1,0,0,0,0,1,0,0,0,0
132929810,1,0,0,0,0,0,0,1,1,1
132930470,1,1,0,0,0,0,0,0,0,0
132931888,0,0,0,0,0,0,0,0,0,0
132932044,1,0,0,0,0,0,0,0,0,0
132932258,1,0,0,0,0,1,0,0,1,0
132932367,1,0,0,0,0,0,0,0,1,0
132932457,1,0,0,0,0,0,0,0,1,1
132933833,0,1,0,0,0,0,0,0,0,0
132933927,1,0,1,1,1,0,0,0,1,1
132934272,1,0,0,0,0,0,0,0,0,0
132934344,1,0,0,0,0,0,0,0,0,0
132934459,1,0,0,0,0,0,0,1,0,0
132934796,1,0,0,0,0,0,0,1,0,0
132937733,1,1,0,0,1,1,0,0,0,0
132938757,1,1,1,0,0,0,0,0,1,1
132938926,1,0,1,1,0,0,0,1,0,1
132938932,1,0,0,0,0,0,0,0,1,1
132939421,1,1,0,0,0,1,0,0,0,0
132941291,0,0,0,0,0,0,0,0,0,0
132941814,1,1,0,0,0,0,0,1,0,0
132943235,1,0,0,0,0,0,0,0,0,0
132945299,0,0,0,0,0,0,0,0,0,0
132947354,1,0,1,1,0,0,0,1,1,1
132947776,0,0,0,0,0,0,0,0,0,0
132949353,1,0,0,0,0,1,0,0,0,0
132953801,0,0,0,0,0,0,0,0,0,0
132953831,1,0,0,1,1,1,0,0,0,0
132955598,0,0,0,0,0,0,0,0,0,0
132957944,1,0,0,0,0,0,0,0,0,0
132959918,1,0,0,0,0,0,0,0,0,0
132960175,1,0,0,0,0,0,0,0,0,0
132963640,1,0,1,1,1,1,0,1,0,1
132968799,1,0,0,0,0,0,0,0,0,0
132970751,1,0,0,0,0,0,0,0,0,0
132972726,1,1,0,0,0,0,0,0,0,1
132977247,1,0,0,0,1,1,0,0,0,0
132978878,1,0,0,0,0,0,0,0,0,0
132979164,1,0,0,0,1,1,0,0,0,0
132982516,1,1,0,0,0,1,0,0,0,0
132982969,1,0,0,0,0,0,0,1,1,1
132984143,1,1,0,0,1,0,0,0,1,0
132986086,1,0,0,0,0,0,0,0,0,1
132986588,1,0,1,1,1,1,0,0,0,0
132991351,1,0,0,1,1,0,0,0,1,1
132994132,0,0,0,0,0,0,0,0,0,0
132994350,1,0,1,0,0,0,0,0,0,1
132996449,1,0,0,0,0,0,0,0,0,0
132997464,1,1,0,0,0,1,0,0,0,0
132997759,1,0,0,1,1,1,0,0,0,0
133001372,1,0,0,0,0,0,0,0,0,0
133001937,1,0,1,1,1,1,0,0,0,0
133002570,1,0,0,1,1,1,0,1,1,0
133005120,1,1,1,1,1,1,0,1,1,0
133005972,1,1,0,0,0,0,0,0,0,0
133006785,1,0,0,0,0,0,0,0,0,1
133007696,1,0,0,0,0,1,0,1,0,0
133009518,1,1,0,0,0,0,0,0,0,0
133011021,1,1,0,0,0,0,0,0,0,0
133011836,1,1,0,1,0,1,0,1,0,0
133013398,1,1,0,1,0,1,0,0,0,0
133013869,1,0,0,0,0,0,0,0,0,0
133015464,1,0,1,0,1,0,1,0,0,0
133018093,1,0,0,0,0,0,0,0,0,0
133019374,0,1,0,0,0,0,0,0,0,0
133020065,1,0,0,1,0,0,0,0,0,0
133020944,1,0,0,0,0,0,0,0,0,0
133021272,1,0,0,1,1,1,0,0,0,1
133022158,0,0,0,0,0,0,0,0,0,0
133023638,0,0,0,0,0,0,0,0,0,0
133024993,1,1,0,0,0,0,0,0,0,0
133025727,1,0,0,0,0,0,0,0,0,1
133026113,1,0,0,0,0,1,0,0,0,0
133026667,1,0,0,0,0,1,0,0,0,0
133027492,1,0,0,0,0,1,0,0,0,0
133027638,1,0,0,0,0,0,0,0,0,0
133028513,1,1,1,1,1,1,0,0,0,0
133028612,1,0,0,0,0,1,0,0,0,0
133028884,1,0,0,1,1,0,0,0,0,0
133032161,1,1,0,0,1,0,0,0,0,1
133032325,1,1,0,0,0,0,0,0,0,0
133032716,1,0,0,0,0,0,0,0,1,0
133034438,0,0,0,0,0,0,0,0,0,0
133034784,0,0,0,0,0,0,0,0,0,0
133036299,1,1,1,0,0,0,0,1,0,0
133036424,0,0,0,0,0,0,0,0,0,0
133037343,1,0,0,0,0,0,0,1,0,0
133037451,1,1,0,0,0,0,0,0,0,0
133041106,1,0,0,0,0,1,0,0,0,0
133041432,1,0,0,0,0,0,0,0,0,0
133042129,1,0,0,1,1,1,0,0,0,0
133043190,1,0,0,1,1,1,0,0,1,1
133044030,1,1,0,0,0,0,0,0,0,0
133044514,1,0,0,0,0,0,0,0,1,1
133047868,1,1,1,1,1,0,0,0,0,0
133050802,1,0,0,0,0,0,0,1,1,0
133051822,1,0,0,0,0,0,0,0,0,0
133053442,1,1,0,0,0,1,0,0,0,0
133055058,1,0,0,1,1,1,0,0,0,1
133055190,1,0,0,1,1,1,0,0,1,1
133057599,1,1,0,1,1,1,0,0,0,0
133060075,1,0,1,1,0,0,0,1,1,1
133060600,1,1,1,0,0,0,0,1,0,0
133060619,1,0,0,0,0,0,0,0,0,0
133061471,0,0,0,0,0,0,0,0,0,0
133061568,1,0,0,0,0,0,0,1,0,0
133061936,1,1,0,1,1,1,0,0,0,0
133062046,1,0,0,1,1,1,0,0,0,0
133063756,1,0,0,0,0,0,0,0,0,0
133068388,0,0,0,0,0,0,0,0,0,0
133069999,1,0,0,0,0,1,0,0,0,0
133071366,1,0,0,1,1,1,0,1,0,0
133073707,1,1,1,1,1,0,1,1,1,0
133074192,1,0,0,0,0,0,0,0,0,0
133076903,1,1,1,0,1,0,0,1,0,0
133077425,1,0,0,0,0,0,0,0,0,0
133077479,1,0,0,0,0,0,0,0,0,0
133078846,0,0,0,0,0,0,0,0,0,0
133079104,1,0,0,0,0,0,0,0,0,0
133079924,1,0,0,0,0,0,0,0,0,0
133080976,1,1,1,0,0,0,0,0,0,0
133086124,1,0,0,0,0,1,0,0,0,0
133086197,0,0,0,0,0,0,0,0,0,0
133087958,1,1,0,0,0,1,0,0,0,0
133092117,1,0,0,0,0,0,0,0,0,0
133093290,0,0,0,0,0,0,0,0,0,0
133093429,1,0,0,0,0,0,0,0,0,0
133094021,1,0,0,1,1,1,0,1,1,0
133095619,1,0,0,0,0,0,0,0,0,0
133096699,1,0,0,0,1,1,0,1,0,0
133096947,1,0,0,1,1,1,0,1,0,0
133097225,0,0,0,0,0,0,0,0,0,0
133098213,1,0,0,0,0,0,0,1,0,0
133098375,1,0,0,1,1,1,0,0,0,0
133101014,1,0,0,0,1,0,0,0,0,0
133101199,1,0,0,0,0,1,0,0,0,0
133101407,0,1,0,0,0,0,0,0,0,0
133101435,0,0,0,0,0,0,0,0,0,0
133107375,0,0,0,0,0,0,0,0,0,0
133113716,1,0,0,0,0,0,0,1,1,0
133114266,1,1,0,0,0,0,0,0,0,0
133114307,1,0,0,0,0,1,0,0,0,0
133114755,1,0,1,0,0,0,0,0,0,0
133115801,1,0,0,0,0,1,0,0,0,0
133116481,1,0,0,1,1,1,0,1,0,0
133116643,1,1,0,1,1,1,0,0,0,0
133116921,1,1,0,0,0,0,0,0,0,0
133116968,0,0,0,0,0,0,0,0,0,0
133117863,1,0,0,0,0,1,0,0,0,1
133119255,0,0,0,0,0,0,0,0,0,0
133119287,1,0,1,0,0,0,0,0,0,0
133119781,0,0,0,0,0,0,0,0,0,0
133121304,1,1,0,0,0,1,0,0,0,0
133121325,1,0,1,0,0,0,0,0,1,0
133121395,1,0,0,0,0,0,0,0,0,0
133122011,1,0,0,1,1,1,0,0,0,0
133122030,1,0,0,0,0,0,0,0,0,0
133122157,1,0,0,0,0,0,0,0,0,0
133122561,1,0,0,0,0,1,0,0,0,0
133124207,1,0,0,0,0,1,0,0,0,0
133124318,1,0,0,1,1,0,0,0,1,1
133126816,1,1,0,1,1,1,0,1,1,0
133131208,1,1,0,0,0,1,0,1,0,0
133131419,1,0,0,1,1,0,0,0,1,0
133131448,1,1,0,1,1,0,0,0,1,0
133131485,1,0,0,1,1,0,0,0,1,0
133131522,1,1,0,1,1,0,0,0,1,0
133131574,1,0,0,1,1,0,0,0,1,0
133131696,1,0,0,1,1,1,0,0,1,0
133137132,1,1,0,0,0,1,0,1,0,0
133140811,0,0,0,0,0,0,0,0,0,0
133141306,1,0,0,0,0,0,0,0,0,0
133142653,1,0,0,1,1,1,0,1,1,0
133143541,1,0,0,1,1,1,0,1,1,0
133145209,1,1,0,1,1,1,0,1,0,0
133147050,1,0,0,0,0,1,0,0,0,0
133147515,1,0,0,0,0,0,0,0,1,0
133147570,1,0,0,0,0,1,0,0,0,0
133150144,1,0,0,0,0,0,0,1,0,0
133150844,1,0,0,0,0,1,0,0,0,0
133151700,1,0,0,0,0,0,0,0,0,0
133153645,1,0,0,0,0,0,0,0,0,0
133153651,1,0,0,0,0,0,0,0,0,0
133154788,1,0,0,0,0,0,0,0,0,0
133154810,1,0,0,0,0,0,0,0,0,0
133155224,1,0,0,1,1,1,0,1,1,0
133155670,1,1,0,0,0,1,0,0,0,0
133155991,0,0,0,0,0,0,0,0,0,0
133156331,1,0,0,0,0,0,0,0,0,0
133157451,1,0,1,1,1,0,1,0,0,1
133157965,1,0,0,0,0,1,0,0,0,0
133158894,1,0,0,0,0,1,0,0,0,0
133160915,1,0,0,0,0,0,0,0,0,0
133161781,1,0,1,0,0,0,0,0,0,1
133165327,1,1,1,1,1,1,0,0,0,1
133166100,1,0,0,0,0,0,0,0,0,0
133167635,1,0,0,0,0,1,0,1,0,1
133168498,1,0,1,0,0,0,0,0,0,0
133168648,1,1,1,0,0,0,0,0,0,0
133169459,1,0,0,0,0,1,0,0,0,0
133170332,1,0,0,0,0,1,0,0,0,0
133172020,0,0,0,0,0,0,0,0,0,0
133175018,1,0,0,0,0,0,0,0,1,0
133175411,1,0,0,1,1,1,0,0,0,0
133179326,1,0,0,0,0,0,0,0,0,0
133179672,1,1,0,0,0,0,0,0,0,0
133180516,1,1,0,0,0,1,0,0,0,0
133181469,0,0,0,0,0,0,0,0,0,0
133181728,1,0,0,1,0,1,0,0,0,0
133182526,1,0,0,0,0,0,0,0,0,0
133183612,1,0,0,1,1,1,0,0,0,1
133183711,1,1,0,0,0,0,0,0,0,0
133185808,1,0,0,1,1,1,0,1,1,1
133186065,1,0,0,0,0,0,0,0,0,0
133186354,1,0,0,1,1,1,0,1,0,0
133187238,1,0,0,1,1,0,0,1,1,1
133187332,1,0,0,1,1,0,0,1,1,1
133187378,1,0,0,0,0,0,0,0,0,0
133187392,1,0,0,1,1,0,0,1,1,1
133188700,1,1,0,0,0,1,0,1,0,0
133189909,1,1,0,0,0,1,0,1,0,0
133190437,1,1,0,0,0,0,0,1,0,1
133190651,0,0,0,0,0,0,0,0,0,0
133191381,1,1,0,0,0,0,0,0,0,0
133191888,1,0,0,0,0,1,0,0,0,0
133192262,1,1,1,1,1,1,0,0,1,0
133194448,1,0,1,0,0,0,0,0,0,0
133195890,1,0,0,0,0,0,0,0,0,0
133198338,1,1,0,0,1,1,0,0,0,0
133204619,1,0,0,1,1,1,0,0,0,1
133210644,1,0,1,1,1,0,0,0,0,0
133212545,1,1,0,0,0,1,0,0,0,0
133213728,1,0,0,1,1,1,0,1,0,0
133214109,1,0,0,0,0,1,0,0,1,0
133214347,1,0,1,0,0,0,0,0,0,0
133216407,1,0,0,0,0,0,0,0,0,0
133216782,1,0,0,0,0,0,0,0,0,0
133221549,1,1,0,0,0,1,0,0,0,0
133224947,0,0,0,0,0,0,0,0,0,0
133225018,1,0,0,0,0,1,0,0,0,0
133226646,1,1,1,1,1,1,0,0,1,0
133226873,1,0,1,1,1,1,0,0,1,0
133226951,0,0,0,0,0,0,0,0,0,0
133227298,1,0,0,0,0,0,0,0,1,0
133228392,1,0,1,0,0,1,0,0,0,0
133231200,1,0,0,0,0,0,0,0,0,0
133232798,1,0,0,0,0,0,0,0,0,0
133233445,1,0,0,0,0,0,0,0,0,0
133233870,1,1,0,0,0,0,0,0,0,0
133234390,1,0,1,1,0,0,0,1,0,1
133235808,1,0,0,0,0,1,0,0,0,0
133237145,1,1,0,0,0,0,0,0,0,0
133238285,1,1,0,0,0,1,0,0,0,0
133242002,1,1,1,1,1,1,0,1,1,0
133243167,1,0,0,0,0,0,0,0,0,0
133244000,1,0,0,0,0,0,0,0,0,0
133245063,0,0,0,0,0,0,0,0,0,0
133247590,1,0,0,0,0,0,0,0,0,0
133248690,1,1,0,1,1,0,0,1,0,0
133249073,1,0,0,0,0,1,0,0,0,0
133249415,1,0,0,0,0,0,0,0,0,0
133249435,0,0,0,0,0,0,0,0,0,0
133250161,1,1,0,1,1,0,0,0,0,0
133251272,1,0,1,0,0,0,0,0,0,0
133251692,1,1,1,0,1,1,0,0,1,0
133255553,1,1,0,0,0,1,0,0,0,0
133255825,1,0,0,0,0,0,0,0,0,0
133256642,1,0,0,0,0,0,0,0,0,0
133257532,0,0,0,0,0,0,0,0,0,0
133259478,1,1,1,0,0,1,0,0,0,0
133260957,1,0,0,1,1,0,0,0,0,0
133261695,1,0,0,0,0,1,0,0,0,0
133263003,1,0,0,1,1,1,0,1,1,1
133267130,1,0,0,0,0,0,0,0,0,0
133268401,1,0,0,0,0,0,0,0,1,0
133269060,1,1,0,1,1,1,0,1,1,0
133269467,1,0,0,1,1,0,0,1,0,1
133270719,1,1,0,0,0,0,0,0,0,0
133271584,1,0,0,0,0,1,0,0,0,0
133271624,0,0,0,0,0,0,0,0,0,0
133271949,0,0,0,0,0,0,0,0,0,0
133272287,1,0,0,0,0,0,0,0,0,0
133275466,1,0,0,0,0,0,0,0,0,0
133276480,1,1,0,0,0,0,0,0,0,0
133279609,1,0,0,0,1,1,0,0,0,1
133283498,1,0,0,0,0,1,0,0,0,0
133284307,1,1,0,0,0,0,0,0,0,0
133290453,1,0,0,1,1,1,0,0,0,0
133290575,1,0,1,1,0,0,0,1,1,1
133291898,1,1,0,0,0,1,0,1,0,0
133295520,1,0,0,0,0,0,0,0,0,0
133300181,1,0,0,0,0,0,0,0,0,0
133300379,1,0,0,0,0,0,0,0,0,0
133301850,1,0,0,0,0,1,0,0,0,0
133308401,1,0,0,0,0,0,0,0,0,0
133309317,1,0,0,0,0,0,0,0,0,0
133310480,1,1,0,0,0,1,0,0,0,0
133311334,1,0,0,0,0,0,0,0,0,1
133312657,1,1,0,0,1,1,0,0,0,0
133313552,1,0,0,0,0,0,0,0,0,0
133314574,1,0,0,0,1,1,0,0,0,0
133319091,0,0,0,0,0,0,0,0,0,0
133319888,1,0,0,0,0,0,0,0,0,0
133321109,0,0,0,0,0,0,0,0,0,0
133321481,1,0,0,0,0,0,0,0,0,0
133321492,1,0,0,0,1,1,0,1,0,0
133321618,1,0,0,0,0,0,0,0,0,0
133322542,1,0,0,0,0,0,0,0,0,0
133322777,1,0,0,1,1,0,0,0,1,1
133322963,1,0,0,1,1,0,0,0,1,1
133324324,1,0,0,0,0,0,0,0,0,0
133327118,1,0,0,0,0,0,0,0,1,1
133327948,1,0,0,0,1,1,0,1,0,0
133328946,1,0,0,0,0,0,0,0,0,0
133329204,1,1,0,0,0,1,0,0,0,0
133331982,1,1,0,0,0,1,0,0,0,0
133333085,1,0,0,1,0,0,0,0,0,0
133334534,1,0,0,0,0,0,0,0,0,0
133336360,1,0,0,1,1,1,0,0,1,0
133336413,1,0,0,0,0,1,0,0,0,0
133336512,1,1,0,0,1,1,0,0,0,1
133337981,1,0,0,0,0,1,0,0,0,0
133339714,1,0,0,0,0,1,0,0,0,0
133340141,0,0,0,0,0,0,0,0,0,0
133342372,1,1,0,0,0,0,0,0,0,0
133342472,1,0,0,1,0,1,0,0,0,0
133344369,1,0,0,0,0,0,0,0,0,0
133344888,1,0,0,0,0,0,0,0,0,0
133345392,1,0,0,0,0,0,0,0,0,0
133350871,1,0,1,0,0,0,0,0,1,0
133351741,1,0,0,0,0,0,0,0,0,0
133351789,1,1,1,0,0,0,0,0,0,0
133352032,1,0,1,1,1,1,0,0,1,0
133352876,1,0,0,0,0,0,0,0,0,0
133353759,1,0,0,0,0,0,0,0,0,0
133354830,1,0,0,0,0,0,0,0,0,0
133355256,1,0,0,1,1,1,0,1,0,0
133355717,1,0,1,1,1,1,0,0,0,0
133357528,1,0,0,0,0,0,0,0,1,1
133360046,1,0,0,1,1,0,0,1,1,1
133360359,1,0,0,0,0,1,0,0,0,0
133363288,1,0,0,0,0,0,0,0,0,0
133364583,1,0,0,0,0,1,0,0,0,0
133364737,1,0,0,0,0,1,0,0,0,0
133365349,0,0,0,0,0,0,0,0,0,0
133365554,1,0,1,1,0,0,0,1,1,1
133365747,1,1,0,0,0,0,0,1,0,0
133367456,1,0,0,1,0,1,0,0,0,0
133369975,1,1,0,0,0,0,0,0,1,0
133370157,1,0,0,0,0,0,0,0,0,0
133370874,1,0,0,0,0,0,0,0,0,0
133371402,1,0,1,0,0,0,0,0,0,0
133372497,1,0,0,0,0,0,0,0,1,0
133372684,0,0,0,0,0,0,0,0,0,0
133373887,1,0,0,0,0,0,0,0,0,0
133374869,1,0,0,0,0,1,0,0,0,0
133375758,1,1,0,1,1,0,0,1,0,1
133376970,1,1,1,0,0,0,0,0,0,0
133380170,1,0,0,0,0,0,0,0,0,0
133380565,1,0,0,0,0,0,0,0,0,0
133380569,1,1,0,0,0,0,0,0,0,0
133382026,1,0,1,1,0,0,0,1,1,1
133388080,1,0,0,1,1,1,0,1,0,1
133388783,1,1,1,1,0,1,0,0,0,0
133392462,1,0,0,0,0,0,0,0,0,0
133394456,0,0,0,0,0,0,0,0,0,0
133396040,1,0,0,1,1,1,0,1,0,1
133396310,1,0,0,0,0,0,0,0,0,0
133400416,1,1,0,0,0,0,0,0,0,0
133401105,1,0,1,0,0,1,0,0,1,0
133401353,1,1,1,0,0,0,0,0,0,0
133401580,1,0,0,0,0,0,0,0,0,0
133402238,1,0,0,0,0,1,0,1,0,0
133404653,1,0,0,0,0,0,0,0,0,0
133404995,0,1,0,0,0,0,0,0,0,0
133406411,1,0,0,0,0,0,0,0,0,0
133410259,1,0,0,0,0,0,0,0,0,1
133412015,1,0,0,1,1,1,0,0,0,0
133413992,0,0,0,0,0,0,0,0,0,0
133415362,1,1,0,1,1,0,0,1,1,1
133419721,0,0,0,0,0,0,0,0,0,0
133420941,0,0,0,0,0,0,0,0,0,0
133421861,1,0,0,0,0,0,0,0,1,1
133422568,1,1,0,0,0,0,0,0,0,0
133424088,1,0,0,1,1,1,1,1,1,1
133424843,0,0,0,0,0,0,0,0,0,0
133426224,0,0,0,0,0,0,0,0,0,0
133427373,1,0,0,1,0,1,0,0,0,0
133427517,1,0,0,0,0,1,0,0,0,0
133428018,1,1,0,0,0,1,0,0,0,0
133430685,1,1,0,0,0,1,0,0,0,0
133430848,1,0,0,0,0,0,0,0,0,0
133432690,0,0,0,0,0,0,0,0,0,0
133433059,1,1,0,0,0,0,0,0,0,0
133434102,1,1,0,0,0,0,0,0,0,0
133434121,1,1,0,1,0,0,0,1,1,0
133434200,1,1,0,0,0,0,0,0,1,0
133437003,1,1,1,1,1,1,0,1,0,0
133440981,0,0,0,0,0,0,0,0,0,0
133443352,1,1,0,0,0,0,0,1,0,0
133445648,1,1,0,1,1,1,1,1,0,1
133445809,1,0,0,0,0,0,0,0,0,0
133446980,1,0,1,1,0,0,0,1,1,1
133447038,1,1,0,0,0,1,0,0,0,0
133448598,1,1,0,1,1,1,0,0,0,0
133449479,1,0,1,1,0,0,0,1,0,1
133449606,0,0,0,0,0,0,0,0,0,0
133454847,1,1,0,0,0,1,0,1,1,1
133459986,1,0,0,0,0,1,0,0,0,0
133460867,1,0,1,1,0,0,0,1,0,1
133461280,1,1,0,1,1,1,0,0,0,0
133462971,1,1,1,1,1,0,0,0,0,0
133463563,1,0,1,1,1,1,1,1,1,1
133464998,1,0,0,1,1,1,0,1,1,0
133465332,1,0,0,0,1,0,0,0,0,0
133466896,0,0,0,0,0,0,0,0,0,0
133467093,1,0,0,0,0,0,0,0,0,0
133472106,0,0,0,0,0,0,0,0,0,0
133476358,1,1,0,0,0,1,0,0,0,0
133476826,1,0,0,0,0,0,0,0,0,0
133481604,1,0,0,0,0,1,0,0,0,0
133482222,1,0,0,0,0,0,0,0,0,0
133482762,0,0,0,0,0,0,0,0,0,0
133483803,1,0,0,0,0,0,0,0,0,0
133484130,1,0,0,0,0,1,0,0,0,1
133484623,1,0,0,0,0,0,0,0,0,0
133485489,1,1,0,0,0,0,0,0,0,0
133485538,1,0,0,0,0,0,0,0,0,0
133485998,1,0,1,1,1,1,1,1,1,1
133489066,1,0,0,0,0,0,0,0,0,0
133489444,1,1,0,0,0,0,0,0,0,0
133490044,0,0,0,0,0,0,0,0,0,0
133490213,0,0,0,0,0,0,0,0,1,0
133490528,1,1,0,0,0,1,0,0,0,0
133491741,1,0,0,0,0,0,0,0,0,0
133491849,1,1,0,0,0,0,0,0,0,0
133492648,1,1,0,0,0,0,0,1,0,0
133492661,1,0,1,1,0,1,0,1,1,1
133492671,1,1,0,0,0,0,0,0,0,0
133493477,1,1,1,1,1,1,1,1,1,0
133496948,0,0,0,0,0,0,0,0,0,0
133497202,1,1,0,0,0,1,0,0,0,0
133499223,1,1,0,1,1,0,0,0,1,0
133499227,1,1,1,1,1,1,1,1,1,1
133504622,0,0,0,0,0,0,0,0,0,0
133507629,1,0,0,0,0,0,0,0,0,0
133515325,1,0,0,1,1,0,0,0,0,0
133516779,1,0,0,0,0,0,0,0,0,0
133516819,1,1,1,1,1,1,0,0,0,0
133520055,1,1,0,1,1,1,0,0,0,0
133520155,0,0,0,0,0,0,0,0,0,0
133529220,1,0,0,1,1,1,0,0,0,0
133529778,1,1,1,1,1,1,1,1,1,1
133533725,0,0,0,0,0,0,0,0,0,0
133533864,1,0,0,0,0,0,0,0,0,0
133534050,1,0,0,0,1,0,0,0,1,0
133535476,1,0,0,0,0,1,0,0,0,0
133538995,1,0,1,1,1,1,0,0,0,0
133539941,0,0,0,0,0,0,0,0,0,0
133540734,1,0,1,0,0,0,0,0,0,0
133542707,1,0,0,1,1,0,0,0,0,0
133547048,1,0,0,1,1,1,0,0,0,0
133551607,1,0,0,0,0,0,0,0,0,0
133565242,1,1,0,1,1,0,0,0,0,0
133567987,1,1,0,0,0,0,0,0,0,0
133569416,0,0,0,0,0,0,0,0,0,0
133569920,1,1,0,1,1,0,0,0,1,0
133574641,0,0,0,0,0,0,0,0,0,0
133576240,1,0,1,0,0,0,0,0,0,0
133577029,1,0,0,0,0,0,0,0,1,0
133577890,0,0,0,0,0,0,0,0,0,0
133578945,0,1,0,0,0,0,0,0,0,0
133579013,1,0,0,0,0,0,0,0,1,0
133579767,0,0,0,0,0,0,0,0,0,0
133580102,1,1,1,1,1,1,1,1,1,0
133580447,0,0,0,0,0,0,0,0,0,0
133580597,0,0,0,0,0,0,0,0,0,0
133580725,0,1,0,0,0,0,0,0,0,0
133580751,0,0,0,0,0,0,0,0,0,0
133580824,0,0,0,0,0,0,0,0,0,0
133580866,0,0,0,0,0,0,0,0,0,0
133580948,0,0,1,0,0,0,0,0,0,0
133580984,0,0,0,0,0,0,0,0,0,0
133581030,0,0,0,0,0,0,0,0,0,0
133581056,0,0,0,0,0,0,0,0,0,0
133581101,0,0,0,0,0,0,0,0,0,0
133581126,0,0,0,0,0,0,0,0,0,0
133581139,0,0,0,0,0,0,0,0,0,0
133581161,0,0,0,0,0,0,0,0,0,0
133581258,0,0,0,0,0,0,0,0,0,0
133581275,0,0,0,0,0,0,0,0,0,0
133581280,0,0,0,0,0,0,0,0,0,0
133581349,0,0,0,0,0,0,0,0,0,0
133581381,0,0,0,0,0,0,0,0,0,0
133581416,0,0,0,0,0,0,0,0,0,0
133581482,0,0,0,0,0,0,0,0,0,0
133581493,0,0,0,0,0,0,0,0,0,0
133581549,0,0,0,0,0,0,0,0,0,0
133581550,0,0,0,0,0,0,0,0,0,0
133581563,0,0,0,0,0,0,0,0,0,0
133581633,0,0,0,0,0,0,0,0,0,0
133581652,0,0,0,0,0,0,0,0,0,0
133581664,0,0,0,0,0,0,0,0,0,0
133581734,0,0,0,0,0,0,0,0,0,0
133581789,0,0,0,0,0,0,0,0,0,0
133581844,0,1,0,0,0,1,0,1,0,0
133581850,0,0,0,0,0,0,0,0,0,0
133581855,0,0,0,0,0,0,0,0,0,0
133581860,0,1,0,0,0,0,0,0,0,0
133581872,0,0,0,0,0,0,0,0,0,0
133581883,0,0,0,0,0,0,0,0,0,0
133581894,0,0,0,0,0,0,0,0,0,0
133581930,0,0,0,0,0,0,0,0,0,0
133581991,0,0,0,0,0,0,0,0,0,0
133582005,0,0,0,0,0,0,0,0,0,0
133582058,0,0,0,0,0,0,0,0,0,0
133582095,0,0,0,0,0,0,0,0,0,0
133582235,0,0,0,0,0,0,0,0,0,0
133582249,0,0,0,0,0,0,0,0,0,0
133582285,0,0,0,0,0,0,0,0,0,0
133582337,0,0,0,0,0,0,0,0,0,0
133582400,0,0,0,0,0,0,0,0,0,0
133582438,0,0,0,0,0,0,0,0,0,0
133582444,0,0,0,0,0,0,0,0,0,0
133582484,0,0,0,0,0,0,0,0,0,0
133582529,0,0,0,0,0,0,0,0,0,0
133582559,0,0,0,0,0,0,0,0,0,0
133582695,0,0,0,0,0,0,0,1,0,0
133582844,0,0,0,0,0,0,0,0,0,0
133583152,0,0,0,0,0,0,0,0,0,0
133583248,0,0,0,0,0,1,0,0,0,0
133583409,0,0,0,0,0,0,0,0,0,0
133583952,0,0,0,0,0,0,0,0,0,0
133583956,0,0,0,0,0,0,0,0,0,0
133584079,0,0,0,0,0,0,0,0,0,0
133584088,0,0,0,0,0,0,0,0,0,0
133584161,0,0,0,0,0,0,0,0,0,0
133584253,0,0,0,0,0,0,0,0,0,0
133584611,0,0,0,0,0,0,0,0,0,0
133584663,0,0,0,0,0,0,0,0,0,0
133584761,0,0,0,0,0,0,0,0,0,0
133584800,0,0,0,0,0,0,0,0,0,0
133584843,1,1,0,0,0,1,0,0,0,1
133585082,0,0,0,0,0,0,0,0,0,0
133585292,0,0,0,0,0,0,0,0,0,0
133585391,0,0,0,0,0,0,0,0,0,0
133585469,0,0,0,0,0,0,0,0,0,0
133585495,0,0,0,0,0,0,0,0,0,0
133585497,0,0,0,0,0,0,0,0,0,0
133585504,0,0,0,0,0,0,0,0,0,0
133585535,0,0,0,0,0,0,0,0,0,0
133585580,0,0,0,0,0,0,0,0,0,0
133585635,0,0,0,0,0,0,0,0,0,0
133585672,0,0,0,0,0,0,0,0,0,0
133585687,0,0,0,0,0,0,0,0,0,0
133585701,0,0,0,0,0,0,0,0,0,0
133585739,0,0,0,0,0,0,0,0,0,0
133585820,0,0,0,0,0,0,0,0,0,0
133585855,0,0,0,0,0,0,0,0,0,0
133585867,0,0,0,0,0,0,0,0,0,0
133585891,0,0,0,0,0,0,0,0,0,0
133585959,0,0,0,0,0,0,0,0,0,0
133586100,0,0,0,0,0,0,0,0,0,0
133586168,0,0,0,0,0,0,0,0,0,0
133586189,0,0,0,0,0,0,0,0,0,0
133586244,0,0,0,0,0,0,0,0,0,0
133586388,0,0,0,0,0,0,0,0,0,0
133586450,0,0,0,0,0,0,0,0,0,0
133586489,0,0,0,0,0,0,0,0,0,0
133586548,1,0,0,0,0,0,0,0,0,0
133586555,0,0,0,0,0,0,0,0,0,0
133586584,0,0,0,0,0,0,0,0,0,0
133586710,0,0,0,0,0,0,0,0,0,0
133586811,0,0,0,0,0,0,0,0,0,0
133586840,0,0,0,0,0,0,0,0,0,0
133586888,1,0,0,1,1,1,0,0,1,1
133586895,1,0,0,1,1,1,0,0,1,1
133587063,0,0,0,0,0,0,0,0,0,0
133587155,1,0,0,1,1,0,0,1,1,1
133587171,0,0,0,0,0,0,0,0,0,0
133587180,0,0,0,0,0,0,0,0,0,0
133587215,0,0,0,0,0,0,0,0,0,0
133587298,0,0,0,0,0,0,0,0,0,0
133587315,0,0,0,0,0,0,0,0,0,0
133587326,0,0,0,0,0,0,0,0,0,0
133587373,0,0,0,0,0,0,0,0,0,0
133587414,1,0,0,0,0,0,0,0,1,0
133587428,0,0,0,0,0,1,0,0,0,0
133587435,0,0,0,0,0,0,0,0,0,0
133587541,0,0,0,0,0,0,0,0,0,0
133587551,1,1,0,0,0,0,0,0,1,0
133587628,1,1,0,1,1,0,0,1,1,1
133587654,0,0,0,0,0,0,0,0,0,0
133587719,1,0,0,0,0,0,0,0,1,0
133587729,0,0,0,0,0,0,0,0,0,0
133587750,0,0,0,0,0,0,0,0,0,0
133587774,0,0,0,0,0,0,0,0,0,0
133587796,0,0,0,0,0,0,0,0,0,0
133587800,0,0,0,0,0,0,0,0,0,0
133587841,1,1,0,0,0,1,0,0,0,0
133587929,0,0,0,0,0,0,0,0,0,0
133588020,0,0,0,0,0,0,0,0,0,0
133588255,0,0,0,0,0,0,0,0,0,0
133588463,1,1,0,0,0,0,0,0,0,0
133588483,0,0,0,0,0,0,0,0,0,0
133588533,0,0,0,0,0,0,0,0,0,0
133588613,0,0,0,0,0,0,0,0,0,0
133588675,0,0,0,0,0,0,0,0,0,0
133588710,0,0,0,0,0,0,0,0,0,0
133588717,0,0,0,0,0,0,0,0,0,0
133588738,0,0,0,0,0,0,0,0,0,0
133588846,0,0,0,0,0,0,0,0,0,0
133588941,0,0,0,0,0,0,0,0,0,0
133589059,0,0,0,0,0,0,0,0,0,0
133589062,1,0,0,0,0,1,0,0,0,0
133589264,0,0,0,0,0,0,0,0,0,0
133589384,0,0,0,0,0,0,0,0,0,0
133589466,0,0,0,0,0,0,0,0,0,0
133589640,0,0,0,0,0,0,0,0,0,1
133589644,0,0,0,0,0,0,0,0,0,0
133589692,0,0,0,0,0,0,0,0,1,0
133589815,0,0,0,0,0,0,0,0,0,0
133589839,0,0,0,0,0,0,0,0,0,0
133589842,0,0,0,0,0,0,0,0,0,0
133590085,0,0,0,0,0,0,0,0,0,0
133590119,0,0,0,0,0,0,0,0,0,0
133590190,0,0,0,0,0,0,0,0,0,0
133590355,0,0,0,0,0,0,0,0,0,0
133590532,0,0,0,0,0,0,0,0,0,0
133590958,0,0,0,0,0,0,0,0,0,0
133591170,0,0,0,0,0,0,0,0,0,0
133591189,0,0,0,0,0,0,0,0,0,0
133591191,0,0,0,0,0,0,0,0,0,0
133591199,0,0,0,0,0,0,0,0,0,0
133591207,0,0,0,0,0,0,0,0,0,0
133591688,0,0,0,0,0,0,0,0,0,0
133591732,1,0,0,0,0,1,0,0,0,1
133591862,0,0,0,0,0,0,0,0,0,0
133592160,0,0,0,0,0,0,0,0,0,0
133592228,0,0,0,0,0,0,0,0,0,0
133592244,0,0,0,0,0,0,0,0,0,0
133592290,0,0,0,0,0,0,0,0,0,0
133592343,1,1,0,0,0,1,0,0,0,0
133592368,0,1,0,0,0,0,0,0,0,0
133592417,0,0,0,0,0,0,0,0,0,0
133592451,0,0,0,0,0,0,0,0,0,0
133592457,0,0,0,0,0,0,0,0,0,0
133592683,0,0,0,0,0,0,0,0,0,0
133592686,0,0,0,0,0,0,0,0,0,0
133592718,0,0,0,0,0,0,0,0,0,0
133592761,0,0,0,0,0,0,0,0,0,0
133592795,0,0,0,0,0,0,0,0,0,0
133592800,0,0,0,0,0,0,0,0,0,0
133592993,0,1,0,0,0,0,0,0,0,0
133593164,0,0,0,0,0,0,0,0,0,0
133593350,0,0,0,0,0,0,0,0,0,0
133593357,0,0,0,0,0,0,0,0,0,0
133593374,1,1,0,0,0,1,0,0,0,0
133593376,0,0,0,0,0,0,0,0,0,0
133593473,0,0,0,0,0,0,0,0,0,0
133593582,1,1,0,0,0,1,0,0,1,0
133593651,0,0,0,0,0,0,0,0,0,0
133593693,0,0,0,0,0,0,0,0,0,0
133593828,0,0,0,0,0,0,0,0,0,0
133593835,0,0,0,0,0,0,0,0,0,0
133593932,0,1,0,0,0,0,0,0,0,0
133594087,0,0,0,0,0,0,0,0,0,0
133594092,0,0,0,0,0,0,0,0,0,0
133594161,0,0,0,0,0,0,0,0,0,0
133594375,0,0,0,0,0,0,0,0,0,0
133594408,0,0,0,0,0,0,0,0,0,0
133594419,0,0,0,0,0,0,0,0,0,0
133594510,0,0,0,0,0,0,0,0,0,0
133594563,0,0,0,0,0,0,0,0,0,0
133594596,0,0,0,0,0,0,0,0,0,0
133594836,0,0,0,0,0,0,0,0,0,0
133594862,0,0,0,0,0,0,0,0,0,0
133594939,0,0,0,0,0,0,0,0,0,0
133594978,0,0,0,0,0,0,0,0,0,0
133594997,0,0,0,0,0,0,0,0,0,0
133595116,0,0,0,0,0,0,0,0,0,0
133595136,0,0,0,0,0,0,0,0,0,0
133595139,0,0,0,0,0,0,0,0,0,0
133595147,0,0,0,0,0,0,0,0,0,0
133595209,0,0,0,0,0,0,0,0,0,0
133595288,0,0,0,0,0,0,0,0,0,0
133595386,0,0,0,0,0,0,0,0,0,0
133595418,0,0,0,0,0,0,0,0,0,0
133595521,0,0,0,0,0,0,0,0,0,0
133595663,0,0,0,0,0,0,0,0,0,0
133595734,0,0,0,0,0,0,0,0,0,0
133595748,0,0,0,0,0,0,0,0,0,0
133595848,0,0,0,0,0,0,0,0,0,0
133595937,0,0,0,0,0,0,0,0,0,0
133596095,0,0,0,0,0,0,0,0,0,0
133596147,0,0,0,0,0,0,0,0,0,0
133596161,0,0,0,0,0,0,0,1,0,0
133596715,1,0,0,0,0,0,0,0,0,0
133596747,1,0,0,1,0,1,0,0,0,0
133596921,1,1,1,1,1,1,0,0,0,0
133596968,0,0,0,0,0,0,0,0,0,0
133597008,0,1,0,0,0,0,0,0,0,0
133597054,1,0,0,0,0,0,0,0,0,0
133597231,0,0,0,0,0,0,0,0,0,0
133597271,0,0,0,0,0,0,0,0,0,0
133597313,1,1,0,0,1,0,0,0,1,0
133597534,0,0,0,0,0,0,0,0,0,0
133597581,0,0,0,0,0,0,0,0,0,0
133597582,0,0,0,0,0,0,0,0,0,0
133597647,0,0,0,0,0,0,0,0,0,0
133597719,1,1,1,0,0,0,0,1,0,0
133597778,0,0,0,0,0,0,0,0,0,0
133597858,0,0,0,0,0,0,0,0,0,0
133597908,0,0,0,0,0,0,0,0,0,0
133597914,0,0,0,0,0,0,0,0,0,0
133597957,0,0,0,0,0,0,0,0,0,0
133597976,0,0,0,0,0,0,0,0,0,0
133598000,0,0,0,0,0,0,0,0,0,0
133598245,0,0,0,0,0,0,0,0,0,0
133598256,0,0,0,0,0,0,0,0,0,0
133598346,0,0,0,0,0,0,0,0,0,0
133598580,0,0,0,0,0,0,0,0,0,0
133598745,0,0,0,0,0,0,0,0,0,0
133598837,0,0,0,0,0,0,0,0,0,0
133598860,0,0,0,0,0,0,0,0,0,0
133599046,0,0,0,0,0,0,0,0,0,0
133599114,0,0,0,0,0,0,0,0,0,0
133599119,0,0,0,0,0,0,0,0,0,0
133599217,0,0,0,0,0,0,0,0,0,0
133599480,0,0,0,0,0,0,0,0,0,0
133599758,0,0,0,0,0,0,0,0,0,0
133599779,0,0,0,0,0,0,0,1,0,0
133599788,0,0,0,0,0,0,0,0,0,0
133600306,0,0,0,0,0,0,0,0,0,0
133600472,0,0,0,0,0,0,0,0,0,0
133600657,0,0,0,0,0,0,0,0,0,0
133600670,0,0,0,0,0,0,0,0,0,0
133600720,0,0,0,0,0,0,0,0,0,0
133600784,0,0,0,0,0,0,0,0,0,0
133600808,0,0,0,0,0,0,0,0,0,0
133600882,0,0,0,0,0,0,0,0,0,0
133600969,0,0,0,0,0,0,0,0,0,0
133600976,0,0,0,0,0,0,0,0,0,0
133601180,0,0,0,0,0,0,0,0,0,0
133601585,0,0,0,0,0,0,0,0,0,0
133601685,0,0,0,0,0,0,0,0,0,0
133601710,0,0,0,0,0,0,0,0,0,0
133602102,0,0,0,0,0,0,0,0,0,0
133602104,0,0,0,0,0,0,0,0,0,0
133602157,0,0,0,0,0,0,0,0,0,0
133602173,0,0,0,0,0,0,0,0,0,0
133602189,0,0,0,0,0,0,0,0,0,0
133602292,0,0,0,0,0,0,0,0,0,0
133602417,0,0,0,0,0,0,0,0,0,0
133602485,0,0,0,0,0,0,0,0,0,0
133602629,0,1,0,0,0,0,0,0,0,0
133602783,0,0,0,0,0,0,0,0,0,0
133602953,0,0,0,0,0,0,0,0,0,0
133603170,0,0,0,0,0,0,0,0,0,0
133603551,0,0,0,0,0,0,0,0,0,0
133603648,0,0,0,0,0,0,0,0,0,0
133603687,0,0,0,0,0,0,0,0,0,0
133603894,0,0,0,0,0,0,0,0,0,0
133603947,0,0,0,0,0,0,0,0,0,0
133604033,0,0,0,0,0,0,0,0,0,0
133604243,0,0,0,0,0,0,0,0,0,0
133604248,0,0,0,0,0,0,0,0,0,0
133604303,0,0,0,0,0,0,0,0,0,0
133604324,0,0,0,0,0,0,0,0,0,0
133604545,0,0,0,0,0,0,0,0,0,0
133604576,0,0,0,0,0,0,0,0,1,0
133604634,0,0,0,0,0,0,0,0,0,0
133604720,0,0,0,0,0,0,0,0,0,0
133604815,0,0,0,0,0,0,0,0,0,0
133605364,0,0,0,0,0,0,0,0,0,0
133605394,0,0,0,0,0,0,0,0,0,0
133605440,0,0,0,0,0,0,0,0,0,0
133605551,0,0,0,0,0,0,0,0,0,0
133605622,0,0,0,0,0,0,0,0,0,0
133605665,1,1,0,0,0,0,0,0,0,0
133605736,0,0,0,0,0,0,0,0,0,0
133605803,0,0,0,0,0,0,0,0,0,0
133605859,0,0,0,0,0,0,0,0,0,0
133605927,0,0,0,0,0,0,0,0,0,0
133606373,0,0,0,0,0,0,0,0,0,0
133606433,0,0,0,0,0,0,0,0,0,0
133606558,0,0,0,0,0,0,0,0,0,0
133606810,0,0,0,0,0,0,0,0,0,0
133606978,0,0,0,0,0,0,0,0,0,0
133607187,0,0,0,0,0,0,0,0,0,0
133607198,0,0,0,0,0,0,0,0,0,0
133607261,0,0,0,0,0,0,0,0,0,0
133607561,0,0,0,0,0,0,0,0,0,0
133607600,0,0,0,0,0,0,0,0,0,0
133607643,0,0,0,0,0,0,0,0,0,0
133607648,0,0,0,0,0,0,0,0,0,0
133607676,0,0,0,0,0,0,0,0,0,0
133607682,0,0,0,0,0,0,0,0,0,0
133607742,0,0,0,0,0,0,0,0,0,0
133607859,0,0,0,0,0,0,0,0,0,0
133607989,0,0,0,0,0,0,0,0,0,0
133608067,0,0,0,0,0,0,0,0,0,0
133608086,0,0,0,0,0,0,0,0,0,0
133608127,0,0,0,0,0,0,0,0,0,0
133608364,0,0,0,0,0,0,0,0,0,0
133608456,0,0,0,0,0,0,0,0,0,0
133608461,0,0,0,0,0,0,0,0,0,0
133608532,0,0,0,0,0,0,0,0,0,0
133608907,1,1,0,1,1,0,0,0,1,0
133608915,0,0,0,0,0,0,0,0,0,0
133609014,1,1,0,1,1,0,0,0,1,0
133609133,0,0,0,0,0,0,0,0,0,0
133609426,0,0,0,0,0,0,0,0,0,0
133609438,0,0,0,0,0,0,0,0,0,0
133609542,0,0,0,0,0,0,0,0,0,0
133609656,0,0,0,0,0,0,0,0,0,0
133609756,0,0,0,0,0,0,0,0,0,0
133610185,0,0,0,0,0,0,0,0,0,0
133610333,0,0,0,0,0,0,0,0,0,0
133610334,1,1,0,0,0,1,0,0,0,0
133610455,0,0,0,0,0,0,0,0,0,0
133610612,0,0,0,0,0,0,0,0,0,0
133610620,0,0,0,0,0,0,0,0,0,0
133610694,0,0,0,0,0,0,0,0,0,0
133610816,0,0,0,0,0,0,0,0,0,0
133610923,0,0,0,0,0,0,0,0,0,0
133610980,0,0,0,0,0,0,0,0,1,0
133611018,0,0,0,0,0,0,0,0,0,0
133611115,0,0,0,0,0,0,0,0,0,0
133611249,0,0,0,0,0,0,0,0,0,0
133611325,0,0,0,0,0,0,0,0,0,0
133611392,0,0,0,0,0,0,0,0,0,0
133611559,0,0,0,0,0,0,0,0,0,0
133611720,0,0,0,0,0,0,0,0,0,0
133611916,0,0,0,0,0,0,0,0,0,0
133611953,1,0,0,0,1,0,0,0,1,0
133611995,0,0,0,0,0,0,0,0,0,0
133612040,0,0,0,0,0,0,0,0,0,0
133612300,0,0,0,0,0,0,0,0,0,0
133612313,0,0,0,0,0,0,0,0,0,0
133612634,0,0,0,0,0,0,0,0,0,0
133612850,0,0,0,0,0,0,0,0,0,0
133612874,0,0,0,0,0,0,0,0,0,0
133613040,0,0,0,0,0,0,0,0,0,0
133613135,0,0,0,0,0,0,0,0,0,0
133613197,0,0,0,0,0,0,0,0,0,0
133613243,0,0,0,0,0,0,0,0,0,0
133613397,0,0,0,0,0,0,0,0,0,0
133613403,0,0,0,0,0,0,0,0,0,0
133613547,0,1,0,0,0,0,0,0,0,0
133613709,1,0,0,0,0,1,0,0,0,1
133613896,0,0,0,0,0,0,0,0,0,0
133613897,0,1,0,0,0,0,0,0,0,0
133613899,0,0,0,0,0,0,0,0,0,0
133613900,0,0,0,0,0,0,0,0,0,0
133613915,0,0,0,0,0,0,0,1,0,0
133614351,0,0,0,0,0,0,0,0,0,0
133614503,0,0,0,0,0,0,0,0,0,0
133614526,0,0,0,0,0,0,0,0,0,0
133614746,0,0,0,0,0,0,0,0,0,0
133614754,0,1,0,0,0,0,0,0,0,0
133614777,0,0,0,0,0,0,0,0,0,0
133614980,0,0,0,0,0,0,0,0,0,0
133615038,1,1,1,0,0,0,0,0,0,0
133615127,0,0,0,0,0,0,0,0,1,0
133615182,0,0,0,0,0,0,0,0,0,0
133615257,0,0,0,0,0,0,0,0,0,0
133615415,0,0,0,0,0,0,0,0,0,0
133615598,0,0,0,0,0,0,0,0,0,0
133615610,0,0,0,0,0,0,0,0,0,0
133615729,0,0,0,0,0,0,0,0,0,0
133615861,0,0,0,0,0,0,0,0,0,0
133615870,0,0,0,0,0,0,0,0,0,0
133615948,0,0,0,0,0,0,0,0,0,0
133616101,1,0,0,1,1,1,0,0,0,0
133616109,0,0,0,0,0,0,0,0,0,0
133616131,0,0,0,0,0,0,0,1,0,0
133616254,1,0,0,0,1,0,0,0,0,0
133616402,1,1,1,1,1,0,0,0,0,0
133616537,1,1,0,0,0,0,0,1,0,0
133616681,0,0,0,0,0,0,0,0,0,0
133616863,0,0,0,0,0,0,0,0,0,0
133617052,1,0,0,0,0,0,0,0,0,0
133617305,0,0,0,0,0,0,0,0,0,0
133617444,0,0,0,0,0,0,0,0,0,0
133617564,0,0,0,0,0,0,0,0,0,0
133617869,0,0,0,0,0,0,0,0,0,0
133617897,0,0,0,0,0,0,0,0,0,0
133618043,0,0,0,0,0,0,0,0,0,0
133618085,0,0,0,0,0,0,0,0,0,0
133618198,0,0,0,0,0,0,0,0,0,0
133618244,0,0,0,0,0,0,0,0,0,0
133618249,0,0,0,0,0,0,0,0,0,0
133618291,0,0,0,0,0,0,0,0,0,0
133618604,0,0,0,0,0,0,0,0,0,0
133618946,0,0,0,0,0,0,0,0,0,0
133619096,0,0,0,0,0,0,0,0,0,0
133619124,0,0,0,0,0,0,0,0,0,0
133619259,0,0,0,0,0,0,0,0,0,0
133619573,0,0,0,0,0,0,0,0,0,0
133619704,0,0,0,0,0,0,0,0,0,0
133620059,0,0,0,0,0,0,0,0,0,0
133620240,0,0,0,0,0,0,0,0,0,0
133620418,0,0,0,0,0,0,0,0,0,0
133620568,0,1,0,0,0,0,0,0,0,0
133620597,0,0,0,0,0,0,0,0,0,0
133620606,1,0,0,0,0,0,0,0,0,0
133620728,0,0,0,0,0,0,0,0,0,0
133620742,0,0,0,0,0,1,0,0,0,0
133620751,0,0,0,0,0,0,0,0,0,0
133620761,0,0,0,0,0,0,0,0,0,0
133620777,0,0,0,0,0,0,0,0,1,0
133620806,1,0,0,0,0,0,0,0,0,0
133620940,0,0,0,0,0,0,0,0,0,0
133620968,0,0,0,0,0,0,0,0,0,0
133621241,0,0,0,0,0,0,0,0,0,0
133621449,0,0,0,0,0,0,0,0,0,0
133621478,0,0,0,0,0,0,0,0,0,0
133621566,0,0,0,0,0,0,0,0,0,0
133621648,0,0,0,0,0,0,0,0,0,0
133621764,0,0,0,0,0,1,0,0,0,0
133621787,0,0,0,0,0,0,0,0,0,0
133621836,0,0,0,0,0,0,0,0,0,0
133621910,0,0,0,0,0,0,0,0,0,0
133622273,0,0,0,0,0,0,0,0,0,0
133622374,0,0,0,0,0,0,0,0,0,0
133623238,0,0,0,0,0,0,0,0,0,0
133623768,0,0,0,0,0,0,0,0,0,0
133623961,0,0,0,0,0,0,0,0,0,0
133623984,0,0,0,0,0,0,0,0,0,0
133623991,0,0,0,0,0,0,0,0,0,0
133624042,0,0,0,0,0,0,0,0,0,0
133624049,0,0,0,0,0,0,0,0,0,0
133624375,0,0,0,0,0,0,0,0,0,0
133624887,0,0,0,0,0,0,0,0,0,0
133624967,0,0,0,0,0,0,0,0,0,0
133625052,0,0,0,0,0,0,0,0,0,0
133625131,0,0,0,0,0,0,0,0,0,0
133625209,0,0,0,0,0,0,0,0,0,0
133625347,0,0,0,0,0,0,0,0,0,0
133625368,1,1,0,0,0,1,0,0,1,0
133625393,0,0,0,0,0,0,0,0,0,0
133625562,0,0,0,0,0,0,0,0,0,0
133626038,0,0,0,0,0,0,0,0,0,0
133626251,1,1,0,0,0,1,0,0,0,0
133626324,0,0,0,0,0,0,0,0,0,0
133626374,0,0,0,0,0,0,0,0,0,0
133626388,0,0,0,0,0,0,0,0,0,0
133626448,0,0,0,0,0,0,0,0,0,0
133626981,0,0,0,0,0,0,0,0,0,0
133626986,0,1,0,0,0,1,0,0,0,0
133627326,0,0,0,0,0,0,0,0,0,0
133627415,0,0,0,0,0,0,0,0,0,0
133627546,0,0,0,0,0,0,0,0,0,0
133627669,0,0,0,0,0,0,0,0,0,0
133627711,0,0,0,0,0,0,0,0,0,0
133627767,0,0,0,0,0,0,0,0,0,0
133627796,0,0,0,0,0,0,0,0,0,0
133627823,0,0,0,0,0,0,0,0,0,0
133627852,0,0,0,0,0,0,0,0,0,0
133628330,0,0,0,0,0,0,0,0,0,0
133628579,0,0,0,0,0,0,0,0,0,0
133628635,0,0,0,0,0,0,0,0,0,0
133628655,0,0,0,0,0,0,0,0,0,0
133628990,0,0,0,0,0,0,0,0,0,0
133629208,0,0,0,0,0,0,0,0,0,0
133629222,0,0,0,0,0,0,0,0,0,0
133629227,0,0,0,0,0,0,0,0,0,0
133629666,0,0,0,0,0,0,0,0,0,0
133629694,0,0,0,0,0,0,0,0,0,0
133629911,0,0,0,0,0,0,0,0,0,0
133629944,0,0,0,0,0,0,0,0,0,0
133630008,0,0,0,0,0,0,0,0,0,0
133630009,0,0,0,0,0,0,0,0,0,0
133630018,0,0,0,0,0,0,0,0,0,0
133630041,0,0,0,0,0,0,0,0,0,0
133630103,0,0,0,0,0,0,0,0,0,0
133630136,0,0,0,0,0,0,0,0,0,0
133630225,0,0,0,0,0,0,0,0,0,0
133630244,0,0,0,0,0,0,0,0,0,0
133630413,0,0,0,0,0,0,0,0,0,0
133630532,0,0,0,0,0,0,0,0,0,0
133630778,0,0,0,0,0,0,0,0,0,0
133630809,0,0,0,0,0,0,0,0,0,0
133630909,0,0,0,0,0,0,0,0,0,0
133630945,0,0,0,0,0,0,0,0,0,0
133630973,0,0,0,0,0,0,0,0,0,0
133631335,0,0,0,0,0,0,0,0,0,0
133631415,0,0,0,0,0,0,0,0,0,0
133631588,1,1,0,0,0,0,0,0,0,1
133631626,0,0,0,0,0,0,0,0,0,0
133631638,0,0,0,0,0,0,0,0,0,0
133631799,0,0,0,0,0,0,0,0,0,0
133631859,0,0,0,0,0,0,0,0,0,0
133632003,0,0,0,0,0,0,0,0,0,0
133632037,0,0,0,0,0,0,0,0,0,0
133632061,0,0,0,0,0,0,0,0,0,0
133632182,0,0,0,0,0,0,0,0,0,0
133632413,0,0,0,0,0,0,0,0,0,0
133632482,0,0,0,0,0,0,0,0,0,0
133632625,0,0,0,0,0,0,0,0,0,0
133632773,0,0,0,0,0,0,0,0,0,0
133632808,0,0,0,0,0,0,0,0,0,0
133633011,0,0,0,0,0,0,0,0,0,0
133633181,0,0,0,0,0,0,0,0,0,0
133633323,0,0,0,0,0,0,0,0,0,0
133633395,1,0,0,0,0,1,0,0,0,0
133633413,0,0,0,0,0,0,0,0,0,0
133633440,0,0,0,0,0,0,0,0,0,0
133633592,0,0,0,0,0,0,0,0,0,0
133633882,0,0,0,0,0,0,0,0,0,0
133633902,0,0,0,0,0,0,0,0,0,0
133633904,0,0,0,0,0,0,0,0,0,0
133634053,0,0,0,0,0,0,0,0,0,0
133634125,1,0,0,0,0,0,0,0,0,0
133634194,0,0,0,0,0,0,0,0,0,0
133634265,0,0,0,0,0,0,0,0,0,0
133634308,0,0,0,0,0,0,0,0,0,0
133634317,0,0,0,0,0,0,0,0,0,0
133634446,0,0,0,0,0,0,0,0,0,0
133635102,0,0,0,0,0,1,0,0,0,0
133635124,0,0,0,0,0,0,0,0,0,0
133635205,0,0,0,0,0,0,0,0,0,0
133635265,0,0,0,0,0,0,0,0,0,0
133635379,0,0,0,0,0,0,0,0,0,0
133635506,1,1,0,1,1,1,0,0,0,0
133635521,0,0,0,0,0,0,0,0,0,0
133635632,0,0,0,0,0,0,0,0,0,0
133635899,0,0,0,0,0,0,0,0,0,0
133636163,0,0,0,0,0,0,0,0,0,0
133636258,0,0,0,0,0,0,0,0,0,0
133636345,0,0,0,0,0,0,0,0,0,0
133636411,0,0,0,0,0,0,0,0,0,0
133636579,0,0,0,0,0,0,0,0,0,0
133636637,0,0,0,0,0,0,0,0,0,0
133636671,0,0,0,0,0,0,0,0,0,0
133636713,0,0,0,0,0,0,0,0,0,0
133636817,0,0,0,0,0,0,0,0,0,0
133636949,0,0,0,0,0,0,0,0,0,0
133636958,0,0,0,0,0,0,0,0,0,0
133637113,0,0,0,0,0,0,0,0,0,0
133637200,0,0,0,0,0,0,0,0,0,0
133637609,0,0,0,0,0,0,0,0,0,0
133637718,0,0,0,0,0,0,0,0,0,0
133637748,0,0,0,0,0,0,0,0,0,0
133637765,0,0,0,0,0,0,0,0,0,0
133637869,0,0,0,0,0,0,0,0,0,0
133637926,0,0,0,0,0,0,0,0,0,0
133637935,0,0,0,0,0,0,0,0,0,0
133637971,0,0,0,0,0,0,0,0,0,0
133638004,0,0,0,0,0,0,0,0,0,0
133638085,0,0,0,0,0,0,0,0,0,0
133638129,0,0,0,0,0,0,0,0,0,0
133638312,0,0,0,0,0,0,0,0,0,0
133639303,0,0,0,0,0,0,0,0,0,0
133639488,0,0,0,0,0,0,0,0,0,0
133639628,0,0,0,0,0,0,0,0,0,0
133639679,0,0,0,0,0,0,0,0,0,0
133639733,0,0,0,0,0,0,0,0,0,0
133639742,0,0,0,0,0,0,0,0,0,0
133639985,0,0,0,0,0,0,0,0,0,0
133640530,0,0,0,0,0,0,0,0,0,0
133640821,0,0,0,0,0,0,0,0,0,0
133641423,0,0,0,0,0,0,0,0,0,0
133641430,0,0,0,0,0,0,0,0,0,0
133641487,0,0,0,0,0,0,0,0,0,0
133641501,0,0,0,0,0,0,0,0,0,0
133641528,0,0,0,0,0,0,0,0,0,0
133641538,0,0,0,0,0,0,0,0,0,0
133641846,1,1,0,0,0,0,0,0,0,0
133641878,0,0,0,0,0,0,0,0,0,0
133641950,0,0,0,0,0,0,0,0,0,0
133642039,0,0,0,0,0,0,0,0,0,0
133642087,0,0,0,0,0,0,0,0,0,0
133642198,0,0,0,0,0,0,0,0,0,0
133642241,0,0,0,0,0,1,0,0,0,0
133642286,0,0,0,0,0,0,0,0,0,0
133642613,0,0,0,0,0,1,0,0,0,0
133642617,0,0,0,0,0,0,0,0,0,0
133642620,0,0,0,0,0,0,0,0,0,0
133643007,0,0,0,0,0,0,0,0,0,0
133643128,0,0,0,0,0,0,0,0,0,0
133643181,0,0,0,0,0,0,0,0,0,0
133643379,0,0,0,0,0,0,0,0,0,0
133643442,0,0,0,0,0,0,0,0,0,0
133643471,1,0,0,1,1,1,1,1,0,0
133643519,0,0,0,0,0,0,0,0,0,0
133643598,0,0,0,0,0,0,0,0,0,0
133643707,0,0,0,0,0,0,0,0,0,0
133643712,0,0,0,0,0,0,0,0,0,0
133643787,0,0,0,0,0,0,0,0,0,0
133643820,0,0,0,0,0,0,0,0,0,0
133643988,0,0,0,0,0,0,0,0,0,0
133644222,0,0,0,0,0,0,0,0,0,0
133644340,0,0,0,0,0,0,0,0,0,0
133644903,0,0,0,0,0,0,0,0,0,0
133645305,1,1,0,1,1,1,0,1,0,1
133645330,0,0,0,0,0,0,0,0,0,0
133645678,0,0,0,0,0,0,0,0,0,0
133645681,0,0,0,0,0,0,0,0,0,0
133646057,1,1,0,0,0,0,0,0,0,0
133646255,0,0,0,0,0,0,0,0,0,0
133646256,0,0,0,0,0,0,0,0,0,0
133646418,0,0,0,0,0,0,0,0,0,0
133646545,0,1,0,0,0,0,0,0,0,0
133646795,0,0,0,0,0,0,0,0,0,0
133646820,0,0,0,0,0,0,0,0,0,0
133646974,1,1,0,0,0,0,0,0,0,0
133646986,0,0,0,0,0,0,0,0,0,0
133647063,0,0,0,0,0,0,0,0,0,0
133647072,0,0,0,0,0,0,0,0,0,0
133647116,0,0,0,0,0,0,0,0,0,0
133647123,0,0,0,0,0,0,0,0,0,0
133647184,0,0,0,0,0,0,0,0,0,0
133647186,0,0,0,0,0,0,0,0,0,0
133647229,1,0,0,0,0,1,0,1,0,0
133647305,0,0,0,0,0,0,0,0,0,0
133647357,0,0,0,0,0,0,0,0,1,0
133647471,0,0,0,0,0,0,0,0,0,0
133647764,0,0,0,0,0,0,0,0,0,0
133648100,0,0,0,0,0,0,0,0,0,0
133648130,0,0,0,0,0,0,0,0,0,0
133648157,0,0,0,0,0,0,0,0,0,0
133648474,0,0,0,0,0,0,0,0,0,0
133648514,0,1,0,0,0,0,0,0,0,0
133648725,0,0,0,0,0,0,0,0,0,0
133648911,0,0,0,0,0,0,0,0,0,0
133648925,0,0,0,0,0,0,0,0,0,0
133649587,0,0,0,0,0,0,0,0,0,0
133649747,0,0,0,0,0,0,0,0,0,0
133649826,0,0,0,0,0,0,0,0,0,0
133649911,0,0,0,0,0,0,0,0,0,0
133649947,0,0,0,0,0,0,0,0,0,0
133650036,0,0,0,0,0,0,0,0,0,0
133650181,0,0,0,0,0,0,0,0,0,0
133650193,0,0,0,0,0,0,0,0,0,0
133650242,0,1,0,0,0,0,0,0,0,0
133650349,0,0,0,0,0,0,0,0,0,0
133650350,1,0,0,0,0,1,0,0,0,0
133650491,0,0,0,0,0,0,0,0,0,0
133650631,0,0,0,0,0,0,0,0,0,0
133650716,0,0,0,0,0,0,0,0,0,0
133651017,0,0,0,0,0,0,0,0,0,0
133651034,0,0,0,0,0,0,0,0,0,0
133651228,0,0,0,0,0,0,0,0,0,0
133651432,0,0,0,0,0,0,0,0,0,0
133651584,0,0,0,0,0,0,0,0,0,0
133651657,0,0,0,0,0,0,0,0,0,0
133651710,0,0,0,0,0,0,0,0,0,0
133651823,0,0,0,0,0,0,0,0,0,0
133651863,0,0,0,0,0,0,0,0,0,0
133651873,0,0,0,0,0,0,0,0,0,0
133651910,0,0,0,0,0,0,0,0,0,0
133651926,1,0,0,1,1,1,0,1,1,0
133652448,0,0,0,0,0,0,0,0,0,0
133652522,0,0,0,0,0,0,0,0,0,0
133652542,0,0,0,0,0,0,0,0,0,0
133652748,0,0,0,0,0,0,0,0,0,0
133652776,0,0,0,0,0,0,0,0,0,0
133652874,0,0,0,0,0,0,0,0,0,0
133653036,0,0,0,0,0,0,0,0,0,0
133653076,0,0,0,0,0,0,0,0,0,0
133653201,0,0,0,0,0,0,0,0,0,0
133653467,0,0,0,0,0,0,0,0,0,0
133653607,0,0,0,0,0,0,0,0,0,0
133653645,0,0,0,0,0,0,0,0,0,0
133653646,0,0,0,0,0,0,0,0,0,0
133653688,1,0,0,0,0,0,0,0,0,0
133653692,0,0,0,0,0,0,0,0,0,0
133653757,0,0,0,0,0,0,0,0,0,0
133653790,0,0,0,0,0,0,0,0,0,0
133653834,0,0,0,0,0,0,0,0,0,0
133653859,0,0,0,0,0,0,0,0,0,0
133653894,0,0,0,0,0,0,0,0,0,0
133654057,0,0,0,0,0,0,0,0,0,0
133654548,0,0,0,0,0,0,0,0,0,0
133654632,0,0,0,0,0,0,0,0,0,0
133654826,0,0,0,0,0,0,0,0,0,0
133654853,0,0,0,0,0,0,0,0,0,0
133654983,0,0,0,0,0,0,0,0,0,0
133655001,0,1,0,0,0,0,0,0,0,0
133655086,0,0,0,0,0,0,0,0,0,0
133655092,0,0,0,0,0,0,0,0,0,0
133655203,0,0,0,0,0,0,0,0,0,0
133655297,0,0,0,0,0,0,0,0,0,0
133655408,0,0,0,0,0,0,0,0,0,0
133655478,0,0,0,0,0,0,0,0,0,0
133655590,0,0,0,0,0,0,0,0,0,1
133655662,0,1,0,0,0,0,0,0,0,0
133655712,0,0,0,0,0,0,0,0,0,0
133655765,0,0,0,0,0,0,0,0,0,0
133655909,0,0,0,0,0,0,0,0,0,0
133656295,0,1,0,0,0,0,0,0,0,0
133656726,0,0,0,0,0,0,0,0,0,0
133656766,0,0,0,0,0,0,0,0,0,0
133656807,1,0,0,0,0,0,0,0,0,0
133657241,0,0,0,0,0,0,0,0,0,0
133657425,0,0,0,0,0,0,0,0,0,0
133657602,0,0,0,0,0,0,0,0,0,0
133657920,0,0,0,0,0,0,0,0,0,0
133657980,0,0,0,0,0,0,0,0,0,0
133658006,0,0,0,0,0,0,0,0,0,0
133658146,0,0,0,0,0,0,0,0,0,0
133658153,0,0,0,0,0,0,0,0,0,0
133658248,0,0,0,0,0,0,0,0,0,0
133658290,0,0,0,0,0,0,0,0,0,0
133658392,0,0,0,0,0,0,0,0,0,0
133658484,0,0,0,0,0,0,0,0,0,0
133658628,0,0,0,0,0,0,0,0,0,0
133658747,0,0,0,0,0,0,0,0,0,0
133658787,0,0,0,0,0,0,0,0,0,0
133658802,0,0,0,0,0,0,0,0,0,0
133658960,0,0,0,0,0,0,0,0,0,0
133659142,0,0,0,0,0,0,0,0,0,0
133659168,0,0,0,0,0,0,0,0,0,0
133659311,0,0,0,0,0,0,0,0,0,0
133659320,0,0,0,0,0,0,0,0,0,0
133659360,0,0,0,0,0,0,0,0,0,0
133659402,0,0,0,0,0,0,0,0,0,0
133659435,0,0,0,0,0,0,0,0,0,0
133659509,0,0,0,0,0,0,0,0,0,0
133659813,0,0,0,0,0,0,0,0,0,0
133660200,0,0,0,0,0,0,0,0,0,0
133660322,0,0,0,0,0,0,0,0,0,0
133660406,0,0,0,0,0,0,0,0,0,0
133660423,0,0,0,0,0,0,0,0,0,0
133660476,0,0,0,0,0,1,0,0,0,0
133660905,1,0,0,0,0,0,0,0,0,0
133660993,0,0,0,0,0,0,0,0,0,0
133661119,1,0,0,1,1,1,0,1,1,0
133661121,0,0,0,0,0,0,0,0,0,0
133661340,0,0,0,0,0,0,0,0,0,1
133661549,0,0,0,0,0,1,0,0,0,0
133661664,0,0,0,0,0,1,0,0,0,0
133661761,0,0,0,0,0,0,0,0,0,0
133661862,0,0,0,0,0,0,0,0,0,0
133661943,0,0,0,0,0,0,0,0,0,0
133661969,0,0,0,0,0,0,0,0,0,0
133662218,0,0,0,0,0,0,0,0,0,0
133662344,0,0,0,0,0,0,0,0,0,0
133662361,1,0,0,1,1,1,0,1,0,1
133662482,0,0,0,0,0,0,0,0,0,0
133662712,0,0,0,0,0,0,0,0,0,0
133662742,0,0,0,0,0,0,0,0,0,0
133663016,0,0,0,0,0,0,0,0,0,0
133663726,0,0,0,0,0,0,0,0,0,0
133663976,0,0,0,0,0,0,0,0,0,0
133664046,0,0,0,0,0,0,0,0,0,0
133664137,0,0,0,0,0,0,0,0,0,0
133664196,0,0,0,0,0,0,0,0,0,0
133664259,0,0,0,0,0,0,0,0,0,0
133664269,0,0,0,0,0,0,0,0,0,0
133664369,0,0,0,0,0,0,0,0,0,0
133664371,0,0,0,0,0,0,0,0,0,0
133664443,0,0,0,0,0,0,0,0,0,0
133664452,0,0,0,0,0,0,0,0,0,0
133664534,0,0,0,0,0,0,0,0,0,0
133664664,0,0,0,0,0,0,0,0,0,0
133664749,0,0,0,0,0,0,0,0,0,0
133664843,0,0,0,0,0,0,0,0,0,0
133664979,1,0,0,0,0,0,0,0,0,0
133664987,0,0,0,0,0,0,0,0,0,0
133665224,0,0,0,0,0,0,0,0,0,0
133665369,0,0,0,0,0,0,0,0,0,0
133665378,0,0,0,0,0,0,0,0,0,1
133665425,1,0,0,1,1,1,0,0,0,0
133665459,0,0,0,0,0,0,0,0,0,0
133665813,0,0,0,0,0,0,0,0,0,0
133665966,0,0,0,0,0,0,0,0,0,0
133665996,0,0,0,0,0,0,0,0,0,0
133666010,0,0,0,0,0,0,0,0,0,0
133666029,1,0,0,0,0,0,0,0,0,0
133666132,0,0,0,0,0,0,0,0,0,0
133666142,0,0,0,0,0,0,0,0,0,0
133666200,0,0,0,0,0,0,0,0,0,0
133666203,0,0,0,0,0,0,0,0,0,0
133666390,0,0,0,0,0,0,0,0,0,0
133666412,0,0,0,0,0,0,0,0,0,0
133666424,0,0,0,0,0,0,0,0,0,0
133666537,0,0,0,0,0,0,0,0,0,0
133666590,0,0,0,0,0,0,0,0,0,0
133666675,0,0,0,0,0,0,0,0,0,0
133666681,0,0,0,0,0,0,0,0,0,0
133666721,0,0,0,0,0,0,0,0,0,0
133666771,0,0,0,0,0,0,0,0,0,0
133666909,0,0,0,0,0,0,0,0,0,0
133666999,0,0,0,0,0,0,0,0,0,0
133667007,0,0,0,0,0,0,0,0,0,0
133667150,1,0,0,0,0,1,0,0,0,0
133667177,0,0,0,0,0,0,0,0,0,0
133667182,0,0,0,0,0,0,0,0,0,0
133667198,0,0,0,0,0,0,0,0,0,0
133667221,0,0,0,0,0,0,0,0,0,0
133667260,0,0,0,0,0,0,0,0,0,0
133667332,0,1,0,0,0,0,0,0,0,0
133667539,0,0,1,0,0,1,0,0,0,0
133667545,0,0,0,0,0,0,0,0,0,0
133667735,0,0,0,0,0,0,0,0,0,0
133667822,0,0,0,0,0,0,0,0,0,0
133668013,0,0,0,0,0,0,0,0,0,0
133668056,0,0,0,0,0,0,0,0,0,0
133668249,0,0,0,0,0,0,0,0,0,0
133668501,0,0,0,0,0,0,0,0,0,0
133668557,0,0,0,0,0,0,0,0,0,0
133668586,0,0,0,0,0,0,0,0,0,0
133668591,0,0,0,0,0,0,0,0,0,0
133668785,0,0,0,0,0,0,0,0,0,0
133668823,0,0,0,0,0,0,0,0,0,0
133668926,0,0,0,0,0,0,0,0,0,0
133669009,0,0,0,0,0,0,0,0,0,0
133669229,0,0,0,0,0,0,0,0,0,0
133669268,0,0,0,0,0,0,0,0,0,0
133669382,0,0,0,0,0,0,0,0,0,0
133669394,0,0,0,0,0,0,0,0,0,0
133669422,0,0,0,0,0,0,0,0,0,0
133669424,0,0,0,0,0,0,0,0,0,0
133669497,0,0,0,0,0,0,0,0,0,0
133669555,0,0,0,0,0,0,0,0,0,0
133669557,0,1,0,0,0,0,0,0,0,0
133669577,0,0,0,0,0,0,0,0,0,0
133669616,0,0,0,0,0,0,0,0,0,0
133669631,0,0,0,0,0,0,0,0,0,0
133669657,0,0,0,0,0,0,0,0,0,0
133669745,1,0,0,0,0,1,0,0,0,0
133669844,0,0,0,0,0,0,0,0,0,0
133669856,1,0,0,1,1,1,0,1,1,0
133669928,0,0,0,0,0,0,0,0,0,0
133669972,0,0,0,0,0,0,0,0,0,0
133670023,0,0,0,0,0,0,0,0,0,0
133670115,0,0,0,0,0,0,0,0,0,0
133670244,0,0,0,0,0,0,0,0,0,0
133670317,0,0,0,0,0,0,0,0,0,0
133670389,0,0,0,0,0,0,0,0,0,0
133670484,0,0,0,0,0,0,0,0,0,0
133670561,0,0,0,0,0,0,0,0,0,0
133670605,0,0,0,0,0,0,0,0,0,1
133670636,0,0,0,0,0,0,0,0,0,0
133670763,0,0,0,0,0,0,0,0,0,0
133670817,0,0,0,0,0,0,0,0,0,0
133670822,1,1,0,0,0,0,0,0,0,0
133670917,0,0,0,0,0,0,0,0,0,0
133671040,0,0,0,0,0,0,0,0,0,0
133671282,0,0,0,0,0,0,0,0,0,0
133671344,0,0,0,0,0,0,0,0,0,0
133671453,1,0,0,1,0,1,0,0,0,1
133671544,0,0,0,0,0,0,0,0,0,0
133671622,0,0,0,0,0,0,0,0,0,0
133671637,0,0,0,0,0,0,0,0,0,0
133671883,1,0,0,0,0,0,0,0,0,0
133671937,0,0,0,0,0,0,0,0,0,0
133672007,0,0,0,0,0,0,0,0,0,0
133672249,1,0,0,1,1,1,0,1,1,0
133672341,1,0,1,1,1,1,1,1,1,0
133672613,0,0,0,0,0,0,0,0,0,0
133672726,0,0,0,0,0,0,0,0,0,0
133672926,0,0,0,0,0,0,0,0,0,0
133673017,0,1,0,0,0,0,0,0,0,0
133673040,0,0,0,0,0,0,0,0,0,0
133673225,0,0,0,0,0,0,0,0,0,0
133673279,0,0,0,0,0,0,0,0,0,0
133673408,0,0,0,0,0,0,0,0,0,0
133673419,0,0,0,0,0,0,0,0,0,0
133673428,0,0,0,0,0,0,0,0,0,0
133673508,1,0,0,0,0,0,0,0,0,0
133673646,0,0,0,0,0,0,0,0,0,0
133673728,0,0,0,0,0,0,0,0,0,0
133674008,0,0,0,0,0,0,0,0,0,0
133674046,0,0,0,0,0,0,0,0,0,0
133674317,0,0,0,0,0,0,0,0,0,0
133674420,0,0,0,0,0,0,0,0,0,0
133674427,0,0,0,0,0,0,0,0,0,0
133674449,0,0,0,0,0,0,0,0,0,0
133674466,0,0,0,0,0,0,0,0,0,0
133674498,0,0,0,0,0,0,0,0,0,0
133674532,0,0,0,0,0,0,0,0,0,0
133674593,0,0,0,0,0,0,0,0,0,0
133674710,0,0,0,0,0,0,0,0,0,0
133674760,0,0,0,0,0,0,0,0,0,0
133674846,1,1,0,0,0,0,0,0,0,0
133674861,0,0,0,0,0,0,0,0,0,0
133674876,0,0,0,0,0,0,0,0,0,0
133674945,0,0,0,0,0,0,0,0,0,0
133675240,0,0,0,0,0,0,0,0,0,0
133675652,0,0,0,0,0,0,0,0,0,0
133675725,0,0,0,0,0,0,0,0,0,0
133675811,0,0,0,0,0,0,0,0,0,0
133675907,0,0,0,0,0,0,0,0,0,0
133675921,0,0,0,0,0,0,0,0,0,0
133675950,0,0,0,0,0,0,0,0,0,0
133676183,0,0,0,0,0,0,0,0,0,1
133676246,0,1,0,0,0,0,0,0,0,0
133676468,0,0,0,0,0,0,0,0,0,0
133676734,0,0,0,0,0,0,0,0,0,0
133677069,0,0,0,0,0,0,0,0,0,0
133677308,0,0,0,0,0,0,0,0,0,0
133677728,0,0,0,0,0,0,0,0,0,0
133677965,0,0,0,0,0,0,0,0,0,0
133678007,0,0,0,0,0,0,0,0,0,0
133678025,0,0,0,0,0,0,0,0,0,0
133678128,0,0,0,0,0,0,0,0,0,0
133678419,0,0,0,0,0,0,0,0,0,0
133679043,0,0,0,0,0,0,0,0,0,0
133679275,0,0,0,0,0,0,0,0,0,0
133679383,0,0,0,0,0,0,0,0,0,0
133679578,0,0,0,0,0,0,0,0,0,0
133680063,0,0,0,0,0,0,0,0,0,0
133680133,0,0,0,0,0,0,0,0,0,0
133680196,0,0,0,0,0,0,0,0,0,0
133680312,0,0,0,0,0,0,0,0,0,0
133680336,0,0,0,0,0,0,0,0,0,0
133680398,0,0,0,0,0,0,0,0,0,0
133680402,0,0,0,0,0,0,0,0,0,0
133680470,0,0,0,0,0,0,0,0,0,0
133680494,0,0,0,0,0,0,0,0,0,0
133680536,0,0,0,0,0,0,0,0,0,0
133680579,1,1,0,0,0,1,0,1,0,0
133680659,0,0,0,0,0,0,0,0,0,0
133680685,0,0,0,0,0,0,0,0,0,0
133681076,0,0,0,0,0,0,0,0,0,1
133681205,0,0,0,0,0,0,0,0,0,0
133681250,0,0,0,0,0,0,0,0,0,0
133681293,0,0,0,0,0,0,0,0,0,0
133681314,0,0,0,0,0,0,0,0,0,0
133681510,0,0,0,0,0,0,0,0,0,0
133681540,0,0,0,0,0,0,0,0,0,0
133681709,0,0,0,0,0,0,0,0,0,0
133681959,0,0,0,0,0,1,0,0,0,0
133682376,0,0,0,0,0,0,0,0,0,0
133682461,1,0,0,0,0,0,0,0,0,0
133682468,0,0,0,0,0,0,0,0,0,0
133682470,0,0,0,0,0,0,0,0,0,0
133682541,1,1,0,0,0,0,0,0,0,0
133682653,1,0,0,0,0,0,0,0,0,0
133682751,1,0,0,0,0,0,0,0,0,0
133682773,1,0,0,0,0,1,0,0,0,0
133682790,0,0,0,0,0,0,0,0,0,0
133682794,0,0,0,0,0,0,0,0,0,0
133682808,1,0,0,0,0,1,0,0,0,0
133683169,1,0,0,0,0,1,0,0,0,0
133683188,1,0,0,0,0,1,0,0,0,0
133683530,1,0,0,1,1,1,0,1,0,0
133683938,0,0,0,0,0,0,0,0,0,0
133683959,0,0,0,0,0,0,0,0,0,0
133684204,0,0,0,0,0,0,0,0,0,0
133684268,0,0,0,0,0,0,0,0,0,0
133684282,0,0,0,0,0,0,0,0,0,0
133684411,0,0,0,0,0,0,0,0,0,0
133684724,0,0,0,0,0,0,0,0,0,0
133684964,0,0,0,0,0,0,0,0,0,0
133684968,0,0,0,0,0,0,0,0,0,0
133685024,0,0,0,0,0,0,0,0,0,0
133685031,1,1,0,0,0,0,0,1,0,0
133685046,0,0,0,0,0,0,0,0,0,0
133685195,0,0,0,0,0,0,0,0,0,0
133685259,0,0,0,0,0,0,0,0,0,0
133685276,0,0,0,0,0,0,0,0,0,0
133685645,0,0,0,0,0,0,0,0,0,0
133685694,0,0,0,0,0,0,0,0,0,0
133685732,0,0,0,0,0,0,0,0,0,0
133685791,0,0,0,0,0,0,0,0,0,0
133685868,0,0,0,0,0,0,0,0,0,0
133685910,0,0,0,0,0,0,0,0,0,0
133686193,0,0,0,0,0,0,0,0,0,0
133686395,0,0,0,0,0,0,0,0,0,0
133686690,0,0,0,0,0,0,0,0,0,0
133686723,0,0,0,0,0,0,0,0,0,0
133686725,0,0,0,0,0,0,0,0,0,0
133686794,0,0,0,0,0,0,0,0,0,0
133686848,0,0,0,0,0,0,0,0,0,0
133687063,0,0,0,0,0,0,0,0,0,0
133687097,0,0,0,0,0,0,0,0,0,0
133687129,0,0,0,0,0,0,0,0,0,0
133687288,0,0,0,0,0,0,0,0,0,0
133687515,0,0,0,0,0,0,0,0,0,0
133687518,0,0,0,0,0,0,0,0,0,0
133687674,0,0,0,0,0,0,0,0,0,0
133688071,0,0,0,0,0,0,0,0,0,0
133688084,0,0,0,0,0,0,0,0,0,0
133688085,0,0,0,0,0,0,0,0,0,0
133688174,0,0,0,0,0,0,0,0,0,0
133688231,0,0,0,0,0,0,0,0,0,0
133688367,0,0,0,0,0,0,0,0,0,0
133688436,0,0,0,0,0,0,0,0,0,0
133688487,0,0,0,0,0,0,0,0,0,0
133688530,0,0,0,0,0,0,0,0,0,0
133688555,0,0,0,0,0,0,0,0,0,0
133688598,0,1,0,0,0,0,0,0,0,0
133688675,0,0,0,0,0,0,0,0,0,0
133688696,0,0,0,0,0,0,0,0,0,0
133688776,0,0,0,0,0,0,0,0,0,0
133688859,0,0,0,0,0,0,0,0,0,0
133688861,0,0,0,0,0,0,0,0,0,0
133688949,0,0,0,0,0,0,0,0,0,0
133689061,0,0,0,0,0,0,0,0,0,0
133689222,0,0,0,0,0,0,0,0,0,0
133689333,0,0,0,0,0,0,0,0,0,0
133689416,0,0,0,0,0,0,0,0,0,0
133689627,0,0,0,0,0,0,0,0,0,0
133689690,0,0,0,0,0,0,0,0,0,0
133689801,0,0,0,0,0,0,0,0,0,0
133690159,0,0,0,0,0,0,0,0,0,0
133690300,0,0,0,0,0,0,0,0,0,0
133690330,0,1,0,0,0,0,0,0,0,0
133690358,0,0,0,0,0,0,0,0,0,0
133690472,0,0,0,0,0,0,0,0,0,0
133690615,0,0,0,0,0,0,0,0,0,0
133690746,0,0,0,0,0,0,0,0,0,0
133690976,0,0,0,0,0,0,0,0,0,0
133691049,0,0,0,0,0,0,0,0,0,0
133691904,0,0,0,0,0,0,0,0,0,0
133691958,1,0,0,0,0,0,0,0,0,0
133692049,0,0,0,0,0,0,0,0,0,0
133692471,0,0,0,0,0,0,0,0,0,0
133692817,0,1,0,0,0,0,0,0,0,0
133692845,0,0,0,0,0,0,0,0,0,0
133692913,0,0,0,0,0,0,0,0,0,0
133693065,0,0,0,0,0,0,0,0,0,0
133693540,0,0,0,0,0,0,0,0,0,0
133693700,0,0,0,0,0,0,0,0,0,0
133693780,0,0,0,0,0,0,0,0,0,0
133693794,0,0,0,0,0,0,0,0,0,0
133693981,0,0,0,0,0,0,0,0,0,0
133694090,0,0,0,0,0,0,0,0,0,0
133694467,0,0,0,0,0,0,0,0,0,0
133694562,0,0,0,0,0,0,0,0,0,0
133694692,0,0,0,0,0,0,0,0,0,0
133695042,0,0,0,0,0,0,0,0,0,0
133695129,0,0,0,0,0,0,0,0,0,0
133695150,0,0,0,0,0,0,0,0,0,0
133695169,0,0,0,0,0,0,0,0,0,0
133695246,0,0,0,0,0,0,0,0,0,0
133695340,0,0,0,0,0,0,0,0,0,0
133695361,0,0,0,0,0,0,0,0,0,0
133695653,0,0,0,0,0,0,0,0,0,0
133695672,0,0,0,0,0,0,0,0,0,0
133695675,0,0,0,0,0,0,0,0,0,0
133696062,0,0,0,0,0,0,0,0,0,0
133696118,0,0,0,0,0,0,0,0,0,0
133696121,0,0,0,0,0,0,0,0,0,0
133696159,0,1,0,0,0,0,0,0,0,0
133696192,0,0,0,0,0,0,0,0,0,0
133696343,1,0,0,0,0,1,0,0,0,0
133696441,0,0,0,0,0,0,0,0,0,0
133696570,0,0,0,0,0,0,0,0,0,0
133696643,0,0,0,0,0,0,0,0,0,0
133696703,0,0,0,0,0,0,0,0,0,0
133696753,0,0,0,0,0,0,0,0,0,0
133696806,0,0,0,0,0,0,0,0,0,0
133696862,0,0,0,0,0,0,0,0,0,0
133696907,0,0,0,0,0,0,0,0,0,0
133697011,1,0,0,1,1,0,0,1,1,1
133697028,0,0,0,0,0,0,0,0,0,0
133697067,0,0,0,0,0,0,0,0,0,0
133697073,0,0,0,0,0,0,0,0,0,0
133697194,0,0,0,0,0,0,0,0,0,0
133697377,0,0,0,0,0,0,0,0,0,0
133697431,0,0,0,0,0,0,0,0,0,0
133697453,0,0,0,0,0,0,0,0,0,0
133697468,0,0,0,0,0,0,0,0,0,0
133697580,0,0,0,0,0,0,0,0,0,0
133697630,0,0,0,0,0,0,0,0,0,0
133697650,0,0,0,0,0,0,0,0,0,0
133697688,0,0,0,0,0,0,0,0,0,0
133697720,0,0,0,0,0,0,0,0,0,0
133697747,0,0,0,0,0,0,0,0,0,0
133697756,0,0,0,0,0,0,0,0,0,0
133697780,0,0,0,0,0,0,0,0,0,0
133697788,0,0,0,0,0,0,0,0,0,0
133697808,1,0,0,1,1,0,0,0,1,1
133697870,0,0,0,0,0,0,0,0,0,0
133698038,0,0,0,0,0,0,0,0,0,0
133698040,0,0,0,0,0,0,0,0,0,0
133698162,1,1,0,0,0,0,0,0,0,0
133698229,0,0,0,0,0,0,0,0,0,0
133698309,0,0,0,0,0,0,0,0,0,0
133698342,0,0,0,0,0,0,0,0,0,0
133698354,0,0,0,0,0,0,0,0,0,0
133698386,0,0,0,0,0,0,0,0,0,0
133698425,1,1,0,1,1,0,0,1,1,1
133698445,0,0,0,0,0,0,0,0,0,0
133698468,0,0,0,0,0,0,0,0,0,0
133698486,0,0,0,0,0,0,0,0,0,0
133698520,0,0,0,0,0,0,0,0,0,0
133698544,0,0,0,0,0,0,0,0,0,0
133698584,0,0,0,0,0,0,0,0,0,0
133698602,0,0,0,0,0,0,0,0,0,0
133698606,0,1,0,0,0,0,0,0,0,0
133698609,0,0,0,0,0,0,0,0,0,0
133698614,0,0,0,0,0,0,0,0,0,0
133698626,0,0,0,0,0,0,0,0,0,0
133698662,0,0,0,0,0,0,0,0,0,0
133698777,0,0,0,0,0,0,0,0,0,0
133698813,0,0,0,0,0,0,0,0,0,0
133698850,0,0,0,0,0,0,0,0,0,0
133699020,0,0,0,0,0,0,0,0,0,0
133699050,0,0,0,0,0,0,0,0,0,0
133699255,0,0,0,0,0,0,0,0,0,0
133699358,1,0,0,0,0,0,0,0,0,0
133699547,0,0,0,0,0,0,0,0,0,0
133699605,0,0,0,0,0,0,0,0,0,0
133699606,0,0,0,0,0,0,0,0,0,0
133699738,0,0,0,0,0,0,0,0,0,0
133699894,0,0,0,0,0,0,0,0,0,0
133699994,0,0,0,0,0,0,0,0,0,0
133700045,0,0,0,0,0,0,0,0,0,0
133700071,0,0,0,0,0,0,0,0,0,0
133700183,0,0,0,0,0,1,0,0,0,0
133700249,0,0,0,0,0,1,0,0,0,0
133700252,0,0,0,0,0,0,0,0,0,0
133700300,0,0,0,0,0,1,0,0,0,0
133700414,0,1,0,0,0,0,0,0,0,0
133700528,0,0,0,0,0,0,0,0,0,0
133700570,0,0,0,0,0,0,0,0,0,0
133700923,0,0,0,0,0,0,0,0,0,0
133701063,0,0,0,0,0,0,0,0,0,0
133701080,0,0,0,0,0,0,0,0,0,0
133701152,0,0,0,0,0,0,0,0,0,0
133701401,0,0,0,0,0,0,0,0,1,0
133701653,0,0,0,0,0,0,0,0,0,0
133701693,0,0,0,0,0,0,0,0,0,0
133701794,0,0,0,0,0,0,0,0,0,0
133701860,0,0,0,0,0,0,0,0,1,0
133701869,0,0,0,0,0,0,0,0,0,0
133701916,0,0,0,0,0,0,0,0,1,0
133702012,0,0,0,0,0,0,0,0,1,0
133702025,0,0,0,0,0,0,0,0,0,0
133702038,0,0,0,0,0,0,0,0,0,1
133702041,0,0,0,0,0,0,0,0,0,0
133702068,0,0,0,0,0,0,0,0,0,0
133702155,0,0,0,0,0,0,0,0,1,0
133702172,0,0,0,0,0,0,0,0,0,0
133702249,0,0,0,0,0,0,0,0,0,0
133702357,0,0,0,0,0,0,0,0,0,0
133702372,0,0,0,0,0,0,0,0,0,0
133702397,0,0,0,0,0,0,0,0,0,0
133702512,0,0,0,0,0,0,0,0,0,0
133703438,1,0,0,1,1,1,0,0,0,0
133703599,0,0,0,0,0,0,0,0,0,0
133703670,0,0,0,0,0,0,0,0,0,0
133703870,0,0,0,0,0,0,0,0,0,0
133703983,0,0,0,0,0,0,0,0,0,0
133704132,0,0,0,0,0,1,0,0,0,0
133704318,0,0,0,0,0,0,0,0,0,0
133704339,0,0,0,0,0,0,0,0,0,0
133704649,0,0,0,0,0,0,0,0,0,0
133704656,0,0,0,0,0,0,0,0,0,0
133704727,0,0,0,0,0,0,0,0,0,0
133704744,0,0,0,0,0,0,0,0,0,0
133704848,0,0,0,0,0,0,0,0,0,0
133704953,0,0,0,0,0,0,0,0,0,0
133705131,0,0,0,0,0,0,0,0,0,0
133705156,0,0,0,0,0,0,0,0,0,0
133705230,0,0,0,0,0,0,0,0,0,0
133705388,0,0,0,0,0,0,0,0,0,0
133705423,0,0,0,0,0,0,0,0,0,0
133705744,0,0,0,0,0,0,0,0,0,0
133705810,0,0,0,0,0,0,0,0,0,0
133706151,0,0,0,0,0,0,0,0,0,0
133706170,0,0,0,0,0,0,0,0,0,0
133706299,0,0,0,0,0,0,0,0,0,0
133706368,0,0,0,0,0,0,0,0,0,0
133706385,0,0,0,0,0,0,0,0,0,0
133706429,0,0,0,0,0,0,0,0,0,0
133706440,0,0,0,0,0,0,0,0,0,0
133706764,0,0,0,0,0,0,0,0,0,0
133706812,0,0,0,0,0,0,0,0,0,0
133706823,0,0,0,0,0,0,0,0,0,0
133706870,0,0,0,0,0,0,0,0,0,0
133706919,0,0,0,0,0,0,0,0,0,0
133706939,0,0,0,0,0,0,0,0,0,0
133706960,0,0,0,0,0,0,0,0,0,0
133706974,0,0,0,0,0,0,0,0,0,0
133706981,0,0,0,0,0,0,0,0,0,0
133707010,0,0,0,0,0,0,0,0,0,0
133707042,0,0,0,0,0,0,0,0,0,0
133707088,0,0,0,0,0,0,0,0,0,0
133707090,0,0,0,0,0,0,0,0,0,0
133707121,0,0,0,0,0,0,0,0,0,0
133707169,0,0,0,0,0,0,0,0,0,0
133707199,0,0,0,0,0,0,0,0,0,0
133707208,0,0,0,0,0,0,0,0,0,0
133707210,0,0,0,0,0,0,0,0,0,0
133707227,0,0,0,0,0,0,0,0,0,0
133707231,0,0,0,0,0,0,0,0,0,0
133707276,0,0,0,0,0,0,0,0,0,0
133707342,0,0,0,0,0,0,0,0,0,0
133707345,0,0,0,0,0,0,0,0,0,0
133707378,0,0,0,0,0,0,0,0,0,0
133707395,0,0,0,0,0,0,0,0,0,0
133707415,0,0,0,0,0,0,0,0,0,0
133707492,0,0,0,0,0,0,0,0,0,0
133707500,0,0,0,0,0,0,0,0,0,0
133707772,0,0,0,0,0,0,0,0,0,0
133707848,0,0,0,0,0,0,0,0,0,0
133707877,0,0,0,0,0,0,0,0,0,0
133707992,0,0,0,0,0,0,0,0,0,0
133708013,0,0,0,0,0,0,0,0,0,0
133708030,0,0,0,0,0,0,0,0,0,0
133708124,0,0,0,0,0,0,0,0,0,0
133708136,1,1,0,0,0,1,0,0,1,0
133708204,0,0,0,0,0,0,0,0,0,0
133708256,1,0,1,0,0,1,0,0,1,0
133708317,0,0,0,0,0,0,0,0,0,0
133708336,0,0,0,0,0,0,0,0,0,0
133708351,0,0,0,0,0,0,0,0,0,0
133708383,0,0,0,0,0,0,0,0,0,0
133708397,0,0,0,0,0,0,0,0,0,0
133708460,1,0,0,0,0,1,0,0,0,0
133708498,0,0,0,0,0,0,0,0,0,0
133708512,0,0,0,0,0,0,0,0,0,0
133708558,0,0,0,0,0,0,0,0,0,0
133708791,0,0,0,0,0,0,0,0,0,0
133708923,0,0,0,0,0,0,0,0,0,0
133709039,0,0,0,0,0,0,0,0,0,0
133709540,0,0,0,0,0,0,0,0,0,0
133709700,1,0,1,0,1,1,0,1,0,0
133709722,0,0,0,0,0,0,0,0,0,0
133709862,0,0,0,0,0,0,0,0,0,0
133709929,0,0,0,0,0,0,0,0,0,0
133710015,0,0,0,0,0,0,0,0,0,0
133710227,0,0,0,0,0,0,0,0,0,0
133710358,0,0,0,0,0,0,0,0,0,0
133710553,0,0,0,0,0,0,0,0,0,0
133710646,0,0,0,0,0,0,0,0,0,0
133710652,0,0,0,0,0,0,0,0,0,0
133710853,0,1,0,0,0,0,0,0,0,0
133711254,0,0,0,0,0,0,0,0,0,0
133711281,0,0,0,0,0,0,0,0,0,0
133711335,0,0,0,0,0,0,0,0,0,0
133711429,0,0,0,0,0,0,0,0,0,0
133711472,0,0,0,0,0,0,0,0,0,0
133711534,0,0,0,0,0,0,0,0,0,0
133711569,0,0,0,0,0,0,0,0,0,0
133711670,0,0,0,0,0,0,0,0,0,0
133711729,0,0,0,0,0,0,0,0,0,0
133711778,0,0,0,0,0,0,0,0,0,0
133711866,0,0,0,0,0,0,0,0,0,0
133711906,0,0,0,0,0,0,0,0,0,0
133711934,0,0,0,0,0,0,0,0,0,0
133711968,0,0,0,0,0,0,0,0,0,0
133712017,0,0,0,0,0,0,0,0,0,0
133712026,0,0,0,0,0,0,0,0,0,0
133712810,0,0,0,0,0,0,0,0,0,0
133712863,0,0,0,0,0,0,0,0,0,0
133712941,0,0,0,0,0,0,0,0,0,0
133713079,0,0,0,0,0,0,0,0,0,0
133713104,0,0,0,0,0,0,0,0,0,0
133713701,0,0,0,0,0,0,0,0,0,0
133713949,0,1,0,0,0,0,0,0,0,0
133714031,0,0,0,0,0,0,0,0,0,0
133714152,0,0,0,0,0,0,0,0,0,0
133714217,0,1,0,0,0,0,0,0,0,0
133714316,0,0,0,0,0,0,0,0,0,0
133714343,0,0,0,0,0,0,0,0,0,0
133714520,0,0,0,0,0,0,0,0,0,0
133714791,0,0,0,0,0,0,0,0,0,0
133714894,0,1,0,0,0,0,0,0,0,0
133714914,0,0,0,0,0,0,0,0,0,0
133715008,0,0,0,0,0,0,0,0,0,0
133715041,0,0,0,0,0,0,0,0,0,0
133715282,0,0,0,0,0,0,0,0,0,0
133715415,0,0,0,0,0,0,0,0,0,0
133715420,0,0,0,0,0,0,0,0,0,0
133715527,0,0,0,0,0,0,0,0,0,0
133715894,0,0,0,0,0,0,0,0,0,0
133715975,0,0,0,0,0,0,0,0,0,0
133715991,1,0,0,0,0,0,0,0,0,0
133716042,0,0,0,0,0,0,0,0,0,0
133716129,0,0,0,0,0,0,0,0,0,0
133716144,0,0,0,0,0,0,0,0,0,0
133716374,0,0,0,0,0,0,0,0,0,0
133716442,0,0,0,0,0,0,0,0,0,0
133716485,0,0,0,0,0,0,0,0,0,0
133716583,0,0,0,0,0,0,0,0,0,0
133716613,0,0,0,0,0,0,0,0,0,0
133716798,0,0,0,0,0,0,0,0,0,0
133716892,0,0,0,0,0,0,0,0,0,0
133716910,0,0,0,0,0,0,0,0,0,0
133716918,1,0,1,0,0,0,0,0,0,1
133716992,0,0,0,0,0,0,0,0,0,0
133717322,0,0,0,0,0,0,0,0,0,0
133717420,1,0,0,1,1,1,0,1,1,1
133717543,0,0,0,0,0,0,0,0,0,0
133717605,0,0,0,0,0,0,0,0,0,0
133717803,0,0,0,0,0,0,0,0,0,0
133717832,0,0,0,0,0,0,0,0,0,0
133717850,0,0,0,0,0,0,0,0,0,0
133717856,0,0,0,0,0,0,0,0,0,0
133717859,0,0,0,0,0,0,0,0,0,0
133717980,0,0,0,0,0,0,0,0,0,0
133718094,0,0,0,0,0,0,0,0,0,0
133718153,0,0,0,0,0,0,0,0,0,0
133718348,0,0,0,0,0,0,0,0,0,0
133718362,0,0,0,0,0,0,0,0,0,0
133718398,0,0,0,0,0,0,0,0,0,0
133718466,0,0,0,0,0,0,0,0,0,0
133718534,0,0,0,0,0,0,0,0,0,0
133718679,0,0,0,0,0,0,0,0,0,0
133718827,0,0,0,0,0,0,0,0,0,0
133718877,0,0,0,0,0,0,0,0,0,0
133719033,0,1,0,0,0,0,0,0,0,0
133719038,0,0,0,0,0,0,0,0,0,0
133719047,0,0,0,0,0,0,0,0,0,0
133719144,0,0,0,0,0,0,0,0,0,0
133719236,1,0,0,0,0,0,0,0,0,0
133719278,0,0,0,0,0,0,0,0,0,0
133719310,0,0,0,0,0,0,0,0,0,0
133719336,0,0,0,0,0,0,0,0,0,0
133719341,0,0,0,0,0,0,0,0,0,0
133719382,0,0,0,0,0,0,0,0,0,0
133719405,0,0,0,0,0,0,0,0,0,0
133719423,0,0,0,0,0,0,0,0,0,0
133719444,0,0,0,0,0,0,0,0,0,0
133719541,0,0,0,0,0,0,0,0,0,0
133719665,0,0,0,0,0,0,0,0,0,0
133719734,0,0,0,0,0,0,0,0,0,0
133719805,0,0,0,0,0,0,0,0,0,0
133719900,0,0,0,0,0,0,0,0,0,0
133720123,0,0,0,0,0,0,0,0,0,0
133720125,0,0,0,0,0,0,0,0,0,0
133720167,0,0,0,0,0,0,0,0,0,1
133720183,0,0,0,0,0,1,0,0,0,0
133720185,0,0,0,0,0,0,0,0,0,0
133720410,0,0,0,0,0,0,0,0,0,0
133720435,0,0,0,0,0,0,0,0,0,0
133720733,0,0,0,0,0,0,0,0,0,0
133720867,0,0,0,0,0,0,0,0,0,0
133720878,0,0,0,0,0,0,0,0,0,0
133720997,0,0,0,0,0,0,0,0,0,0
133721110,0,0,0,0,0,0,0,0,0,0
133721201,0,0,0,0,0,0,0,0,0,0
133721337,0,0,0,0,0,0,0,0,0,0
133721381,1,0,0,0,0,0,0,0,0,0
133722144,0,0,0,0,0,0,0,0,0,0
133722157,0,0,0,0,0,0,0,0,0,0
133722183,0,0,0,0,0,0,0,0,0,0
133722213,0,0,0,0,0,0,0,0,0,0
133722237,0,0,0,0,0,0,0,0,0,0
133722270,0,0,0,0,0,0,0,0,0,0
133722331,0,0,0,0,0,0,0,0,0,0
133722810,1,0,1,1,0,0,0,1,1,1
133722882,0,0,0,0,0,0,0,0,0,0
133722978,0,0,0,0,0,0,0,0,0,0
133723029,0,0,0,0,0,0,0,0,0,0
133723130,0,0,0,0,0,0,0,0,0,0
133723171,0,0,0,0,0,0,0,0,0,0
133723173,0,0,0,0,0,0,0,0,0,0
133723189,0,0,0,0,0,0,0,0,0,0
133723194,0,0,0,0,0,0,0,0,0,0
133723216,0,0,0,0,0,0,0,0,0,0
133723218,0,0,0,0,0,0,0,0,0,0
133723590,0,0,0,0,0,0,0,0,0,0
133723643,0,0,0,0,0,0,0,0,0,0
133723666,0,0,0,0,0,0,0,0,0,0
133723692,0,0,0,0,0,0,0,0,0,0
133723701,0,0,0,0,0,0,0,0,1,0
133723954,0,0,0,0,0,0,0,0,0,0
133723997,0,0,0,0,0,0,0,0,0,0
133724014,0,0,0,0,0,0,0,0,0,0
133724109,0,0,0,0,0,0,0,0,0,0
133724120,1,0,0,0,0,0,0,0,0,0
133724287,0,0,0,0,0,0,0,0,0,0
133724320,0,0,0,0,0,0,0,0,0,0
133725011,0,0,0,0,0,0,0,0,0,0
133725060,0,0,0,0,0,0,0,0,0,0
133725087,0,0,0,0,0,0,0,0,0,0
133725129,0,0,0,0,0,0,0,0,0,0
133725162,0,0,0,0,0,0,0,0,0,0
133725164,0,0,0,0,0,0,0,0,0,0
133725177,0,0,0,0,0,0,0,0,0,0
133725179,1,1,0,0,0,1,0,0,0,0
133725244,0,0,0,0,0,0,0,0,0,0
133725305,0,0,0,0,0,0,0,0,0,0
133725357,0,0,0,0,0,0,0,0,0,0
133725470,1,0,0,0,1,0,0,0,0,0
133725491,0,0,0,0,0,0,0,0,0,0
133725571,0,0,0,0,0,0,0,0,0,0
133725589,0,0,0,0,0,0,0,0,0,0
133725745,0,0,0,0,0,0,0,0,0,0
133725749,0,0,0,0,0,0,0,0,0,0
133725938,1,0,0,1,1,1,0,1,0,0
133725975,0,0,0,0,0,0,0,0,0,0
133726013,0,0,0,0,0,0,0,0,0,0
133726022,0,0,0,0,0,0,0,0,0,0
133726041,0,0,0,0,0,0,0,0,0,0
133726066,0,0,0,0,0,0,0,0,0,0
133726079,0,0,0,0,0,0,0,0,0,0
133726089,0,0,0,0,0,0,0,0,0,0
133726102,0,0,0,0,0,0,0,0,0,0
133726142,0,0,0,0,0,0,0,0,0,0
133726158,0,0,0,0,0,0,0,0,0,0
133726178,0,0,0,0,0,0,0,0,0,0
133726208,0,0,0,0,0,0,0,0,0,0
133726379,0,0,0,0,0,0,0,0,0,0
133726476,1,1,0,0,0,1,0,0,0,0
133726579,0,0,0,0,0,0,0,0,0,0
133726675,0,0,0,0,0,0,0,0,0,0
133726699,0,0,0,0,0,0,0,0,0,0
133726718,0,0,0,0,0,0,0,0,0,0
133726773,0,0,0,0,0,0,0,0,0,0
133726961,0,0,0,0,0,0,0,0,0,0
133727052,0,1,0,0,0,0,0,0,0,0
133727140,0,0,0,0,0,0,0,0,0,0
133727151,0,0,0,0,0,0,0,0,0,0
133727176,0,0,0,0,0,0,0,0,0,0
133727183,0,0,0,0,0,0,0,0,0,0
133727203,0,0,0,0,0,0,0,0,0,0
133727395,0,1,0,0,0,0,0,0,0,0
133727457,0,0,0,0,0,0,0,0,0,0
133727466,0,0,0,0,0,0,0,0,0,0
133727548,0,0,0,0,0,0,0,0,0,0
133727773,0,0,0,0,0,0,0,0,0,0
133727793,0,0,0,0,0,0,0,0,0,0
133727871,0,0,0,0,0,0,0,0,0,0
133727878,0,0,0,0,0,0,0,0,0,0
133727967,0,0,0,0,0,0,0,0,0,0
133728013,0,0,0,0,0,0,0,0,0,0
133728164,0,0,0,0,0,0,0,0,0,0
133728174,0,0,0,0,0,0,0,0,0,0
133728338,0,0,0,0,0,0,0,0,0,0
133728366,0,0,0,0,0,0,0,0,0,0
133728525,0,0,0,0,0,0,0,0,0,0
133728702,0,0,0,0,0,0,0,0,0,0
133728778,0,0,0,0,0,0,0,0,0,0
133728953,0,0,0,0,0,0,0,0,0,0
133729027,0,0,0,0,0,0,0,0,0,0
133729050,0,0,0,0,0,0,0,0,0,0
133729058,0,0,0,0,0,0,0,0,0,0
133729239,0,1,0,0,0,1,0,0,0,0
133729323,0,0,0,0,0,0,0,0,0,0
133729324,0,0,0,0,0,0,0,0,0,0
133729386,0,0,0,0,0,0,0,0,0,0
133729389,0,1,0,0,0,0,0,0,0,0
133729455,0,0,0,0,0,0,0,0,0,0
133729545,0,0,0,0,0,0,0,0,0,0
133729732,1,0,0,0,0,0,0,0,0,0
133729756,0,0,0,0,0,0,0,0,0,0
133730092,0,0,0,0,0,0,0,0,0,0
133730115,0,0,0,0,0,1,0,0,0,0
133730178,0,0,0,0,0,0,0,0,0,0
133730395,0,0,0,0,0,0,0,0,0,0
133730765,0,0,0,0,0,0,0,0,0,0
133731116,0,0,0,0,0,0,0,0,0,0
133731140,1,0,0,0,0,0,0,0,0,0
133731176,0,0,0,0,0,0,0,0,0,0
133731351,1,0,0,0,0,0,0,0,0,0
133731462,0,0,0,0,0,0,0,0,0,0
133731578,0,0,0,0,0,0,0,0,0,0
133731619,0,0,0,0,0,0,0,0,0,0
133731696,0,0,0,0,0,0,0,0,0,0
133731944,0,0,0,0,0,0,0,0,0,0
133732059,0,0,0,0,0,0,0,0,0,0
133732131,0,0,0,0,0,0,0,0,0,0
133732160,0,0,0,0,0,0,0,0,0,0
133732305,0,0,0,0,0,0,0,0,0,0
133732430,0,0,0,0,0,0,0,0,0,0
133732433,0,1,0,0,0,0,0,0,0,0
133733199,0,0,0,0,0,0,0,0,0,0
133733213,0,0,0,0,0,0,0,0,0,0
133733597,0,0,0,0,0,1,0,0,0,0
133733889,0,0,0,0,0,0,0,0,0,0
133733961,0,0,0,0,0,0,0,0,0,0
133733996,0,0,0,0,0,0,0,0,0,0
133734083,0,0,0,0,0,0,0,0,0,0
133734327,0,0,0,0,0,0,0,0,0,0
133734587,0,0,0,0,0,0,0,0,0,0
133734734,0,0,0,0,0,0,0,0,0,0
133734933,0,0,0,0,0,0,0,0,0,0
133735019,0,0,0,0,0,0,0,0,0,0
133735118,0,0,0,0,0,0,0,0,0,0
133735241,0,0,0,0,0,0,0,0,0,0
133735337,0,0,0,0,0,0,0,0,0,0
133735504,0,0,0,0,0,0,0,0,0,0
133735547,0,0,0,0,0,0,0,0,0,0
133735609,0,0,0,0,0,0,0,0,0,0
133735643,0,0,0,0,0,0,0,0,0,0
133735656,0,0,0,0,0,0,0,0,0,0
133735700,0,0,0,0,0,0,0,0,0,0
133735729,0,0,0,0,0,0,0,0,0,0
133735741,0,0,0,0,0,0,0,0,0,0
133735800,0,0,0,0,0,0,0,0,0,0
133735840,0,0,0,0,0,0,0,0,0,0
133735858,0,0,0,0,0,0,0,0,0,0
133735986,0,0,0,0,0,0,0,0,0,0
133736335,0,0,0,0,0,0,0,0,0,0
133736359,0,0,0,0,0,0,0,0,0,0
133736373,0,0,0,0,0,0,0,0,0,0
133736467,0,0,0,0,0,0,0,0,0,0
133736469,0,0,0,0,0,0,0,0,0,0
133736490,0,0,0,0,0,0,0,0,0,0
133736685,0,0,0,0,0,0,0,0,0,0
133736743,1,0,0,1,1,1,0,0,0,0
133736952,0,0,0,0,0,0,0,0,0,0
133736954,0,0,0,0,0,0,0,0,0,0
133737044,0,0,0,0,0,0,0,0,0,0
133737300,0,0,0,0,0,0,0,0,0,0
133737447,0,0,0,0,0,0,0,0,0,0
133737469,0,0,0,0,0,0,0,0,0,0
133737545,0,0,0,0,0,0,0,0,0,0
133737598,0,0,0,0,0,0,0,0,0,0
133737632,0,0,0,0,0,0,0,0,0,0
133737634,0,0,0,0,0,0,0,0,0,0
133737674,0,0,0,0,0,0,0,0,0,0
133737718,0,0,0,0,0,0,0,0,0,0
133737801,0,0,0,0,0,0,0,0,0,0
133737840,0,0,0,0,0,0,0,0,0,0
133737941,0,0,0,0,0,0,0,0,0,0
133737966,0,0,0,0,0,0,0,0,0,0
133738033,0,0,0,0,0,0,0,0,0,0
133738057,0,0,0,0,0,0,0,0,0,0
133738092,0,0,0,0,0,0,0,0,0,0
133738093,0,0,0,0,0,0,0,0,0,0
133738128,0,0,0,0,0,0,0,0,0,0
133738147,0,0,0,0,0,0,0,0,0,0
133738152,1,1,1,0,0,0,0,0,0,0
133738155,0,0,0,0,0,0,0,0,0,0
133738183,0,0,0,0,0,0,0,0,0,0
133738287,0,0,0,0,0,0,0,0,0,0
133738406,0,0,0,0,0,0,0,0,0,0
133738456,0,0,0,0,0,0,0,0,0,0
133738482,0,0,0,0,0,0,0,0,0,0
133738549,0,0,0,0,0,0,0,0,0,0
133738606,0,0,0,0,0,0,0,0,0,0
133738689,0,0,0,0,0,0,0,0,0,0
133738894,0,0,0,0,0,0,0,0,0,0
133738937,0,0,0,0,0,0,0,0,0,0
133739201,0,0,0,0,0,0,0,0,0,0
133739768,0,0,0,0,0,0,0,0,0,0
133739828,0,0,0,0,0,0,0,0,0,0
133740137,0,0,0,0,0,0,0,0,0,0
133740138,0,0,0,0,0,0,0,0,0,0
133740173,0,0,0,0,0,0,0,0,0,0
133740216,1,0,0,1,1,1,0,0,0,1
133740225,0,0,0,0,0,0,0,0,0,0
133740278,0,0,0,0,0,0,0,0,0,1
133740284,0,0,0,0,0,0,0,0,0,0
133740541,0,0,0,0,0,0,0,0,0,0
133741088,0,0,0,0,0,0,0,0,0,0
133741349,0,0,0,0,0,0,0,0,0,0
133741727,0,0,0,0,0,0,0,0,0,0
133741753,1,0,1,1,0,0,0,1,1,1
133741770,0,0,0,0,0,0,0,0,0,0
133742045,0,0,0,0,0,0,0,0,0,0
133742156,0,0,0,0,0,0,0,0,0,0
133742296,0,0,0,0,0,0,0,0,0,0
133742456,0,0,0,0,0,0,0,0,0,0
133742745,0,0,0,0,0,0,0,0,0,0
133742747,0,0,0,0,0,0,0,0,0,0
133742813,0,0,0,0,0,0,0,0,0,0
133742879,0,0,0,0,0,0,0,0,0,0
133742895,0,0,0,0,0,0,0,0,0,0
133742970,0,0,0,0,0,0,0,0,0,0
133743016,0,0,0,0,0,0,0,0,0,0
133743241,0,0,0,0,0,0,0,0,0,0
133743263,0,0,0,0,0,0,0,0,0,0
133743292,0,0,0,0,0,0,0,0,0,0
133743537,0,0,0,0,0,0,0,0,0,0
133743561,0,0,0,0,0,0,0,0,0,0
133743639,0,0,0,0,0,0,0,0,0,0
133743927,0,0,0,0,0,0,0,0,0,0
133743952,0,0,0,0,0,0,0,0,0,0
133744139,0,0,0,0,0,0,0,0,0,0
133744173,1,1,0,0,0,1,0,0,0,0
133744346,0,0,0,0,0,0,0,0,0,0
133744451,0,0,0,0,0,0,0,0,0,0
133744466,0,0,0,0,0,0,0,0,0,0
133744564,0,0,0,0,0,0,0,0,0,0
133744606,0,0,0,0,0,0,0,0,0,0
133744624,0,0,0,0,0,0,0,0,0,0
133744699,0,0,0,0,0,0,0,0,0,0
133744749,0,0,0,0,0,0,0,0,0,0
133744753,0,0,0,0,0,0,0,0,0,0
133744762,0,0,0,0,0,0,0,0,0,0
133744856,0,0,0,0,0,0,0,0,0,0
133744876,0,0,0,0,0,0,0,0,0,0
133744905,0,0,0,0,0,0,0,0,0,0
133744998,0,0,0,0,0,0,0,0,0,0
133745261,0,0,0,0,0,0,0,0,0,0
133745299,0,0,0,0,0,0,0,0,0,0
133745426,0,0,0,0,0,0,0,0,0,0
133745507,0,0,0,0,0,0,0,0,0,0
133745748,0,0,0,0,0,0,0,0,0,0
133745853,0,0,0,0,0,0,0,0,0,0
133745989,0,0,0,0,0,0,0,0,0,0
133745996,0,0,0,0,0,0,0,0,0,0
133746062,0,0,0,0,0,0,0,0,0,0
133746182,0,0,0,0,0,0,0,0,0,0
133746327,0,0,0,0,0,0,0,0,0,0
133746754,0,0,0,0,0,0,0,0,0,0
133746811,0,0,0,0,0,0,0,0,0,0
133746848,0,0,0,0,0,0,0,0,0,0
133746874,0,0,0,0,0,0,0,0,0,0
133746968,1,0,0,0,1,0,0,0,1,0
133747028,0,0,0,0,0,0,0,0,0,0
133747168,0,0,0,0,0,0,0,0,0,0
133747359,0,0,0,0,0,0,0,0,0,0
133747374,0,0,0,0,0,0,0,0,0,0
133747453,1,1,0,0,0,1,0,0,0,0
133747529,1,0,0,0,0,0,0,0,0,0
133747548,0,0,0,0,0,0,0,0,0,0
133747739,0,0,0,0,0,0,0,0,0,0
133747838,0,0,0,0,0,0,0,0,0,0
133747912,0,0,0,0,0,0,0,0,0,0
133747970,0,0,0,0,0,0,0,0,0,0
133748125,0,0,0,0,0,0,0,0,0,0
133748188,1,0,0,0,0,1,0,0,0,0
133748411,0,0,0,0,0,0,0,0,0,0
133748586,0,0,1,0,0,0,0,0,0,0
133748588,0,0,0,0,0,0,0,0,0,0
133748589,0,1,0,0,0,0,0,0,0,0
133748602,1,0,0,0,0,0,0,0,0,0
133748825,0,0,0,0,0,0,0,0,0,0
133749434,0,0,0,0,0,0,0,0,0,0
133749561,0,0,0,0,0,0,0,0,0,0
133749651,0,0,0,0,0,0,0,0,0,0
133750165,0,0,0,0,0,0,0,0,0,0
133750293,0,0,0,0,0,0,0,0,0,0
133750301,0,0,0,0,0,0,0,0,0,0
133750337,0,0,0,0,0,0,0,0,0,0
133750382,0,0,0,0,0,0,0,0,0,0
133750433,0,0,0,0,0,0,0,0,0,0
133750503,0,0,0,0,0,0,0,0,0,0
133750517,0,0,0,0,0,0,0,0,0,0
133750532,0,0,0,0,0,0,0,0,0,0
133750570,0,0,0,0,0,0,0,0,0,0
133750608,0,0,0,0,0,0,0,0,0,0
133750655,0,0,0,0,0,0,0,0,0,0
133750806,0,0,0,0,0,0,0,0,0,0
133750870,0,0,0,0,0,0,0,0,0,0
133751038,1,0,1,0,0,1,0,0,0,0
133751055,0,0,0,0,0,0,0,0,0,0
133751112,0,0,0,0,0,0,0,0,0,0
133751159,0,1,0,0,0,0,0,0,0,0
133751294,0,0,0,0,0,0,0,0,0,0
133751298,0,0,0,0,0,0,0,0,0,0
133751661,0,0,0,0,0,0,0,0,0,0
133751695,0,0,0,0,0,0,0,0,0,0
133751725,1,0,0,0,0,1,0,1,0,0
133751729,0,0,0,0,0,0,0,0,0,0
133751736,0,0,0,0,0,0,0,0,0,0
133751753,0,0,0,0,0,0,0,0,0,0
133751758,0,0,0,0,0,0,0,0,0,0
133751782,0,0,0,0,0,0,0,0,0,0
133751854,0,1,0,0,0,0,0,0,0,0
133751884,0,0,0,0,0,0,0,0,0,0
133751893,1,1,0,1,1,1,0,0,0,0
133752361,0,0,0,0,0,0,0,0,0,0
133752438,0,0,0,0,0,0,0,0,0,0
133752574,0,0,0,0,0,0,0,0,0,0
133752596,0,0,0,0,0,0,0,0,0,0
133752623,0,0,0,0,0,0,0,0,0,0
133752758,0,0,0,0,0,0,0,0,0,0
133752870,0,0,0,0,0,0,0,0,0,0
133752940,0,0,0,0,0,0,0,0,0,0
133753166,0,0,0,0,0,0,0,0,0,0
133753567,0,0,0,0,0,0,0,0,0,0
133753655,0,0,0,0,0,0,0,0,0,0
133753806,0,0,0,0,0,0,0,0,0,0
133754501,0,0,0,0,0,0,0,0,0,0
133755041,0,0,0,0,0,0,0,0,0,0
133755356,0,0,0,0,0,0,0,0,0,0
133755428,0,0,0,0,0,0,0,0,0,0
133755583,0,0,0,0,0,0,0,0,0,0
133755592,0,0,0,0,0,0,0,0,0,0
133755752,0,0,0,0,0,0,0,0,0,0
133755781,0,1,0,0,0,0,0,0,0,0
133755855,0,0,0,0,0,0,0,0,0,0
133755899,0,0,0,0,0,0,0,0,0,0
133755932,0,0,0,0,0,0,0,0,0,0
133756287,0,0,0,0,0,0,0,0,0,0
133756386,0,0,0,0,0,0,0,0,0,0
133756478,0,0,0,0,0,0,0,0,0,0
133756577,0,0,0,0,0,0,0,0,0,0
133756646,0,0,0,0,0,0,0,0,0,0
133756681,0,0,0,0,0,0,0,0,1,0
133756723,0,0,0,0,0,0,0,0,0,0
133756817,0,0,0,0,0,0,0,0,0,0
133757151,0,0,0,0,0,0,0,0,0,0
133758005,0,0,0,0,0,0,0,0,0,0
133758239,0,0,0,0,0,0,0,0,0,0
133758258,0,0,0,0,0,0,0,0,0,0
133758495,0,0,0,0,0,0,0,0,0,0
133758662,0,0,0,0,0,0,0,0,0,0
133759845,0,0,0,0,0,0,0,0,0,0
133760193,0,0,0,0,0,0,0,0,0,0
133760646,0,0,0,0,0,0,0,0,0,0
133761097,0,0,0,0,0,0,0,0,0,0
133761235,0,0,0,0,0,0,0,0,0,0
133761463,0,0,0,0,0,0,0,0,0,0
133761479,1,0,0,0,1,0,0,0,0,0
133761872,0,0,0,0,0,0,0,0,0,0
133761966,0,0,0,0,0,0,0,0,0,0
133762028,0,0,0,0,0,0,0,0,0,0
133762168,0,0,0,0,0,0,0,0,0,0
133762211,0,0,0,0,0,0,0,0,0,0
133762241,0,0,0,0,0,0,0,0,0,0
133762313,0,0,0,0,0,0,0,0,1,0
133762364,0,0,0,0,0,0,0,0,0,0
133762368,0,0,0,0,0,0,0,0,0,0
133762419,0,0,0,0,0,0,0,0,0,0
133762492,0,0,0,0,0,0,0,0,0,0
133762536,1,1,0,0,0,1,0,1,1,0
133762713,0,0,0,0,0,0,0,0,0,0
133762783,0,0,0,0,0,0,0,0,0,0
133762812,0,0,0,0,0,0,0,0,0,0
133762916,0,0,0,0,0,0,0,0,0,0
133763044,0,0,0,0,0,0,0,0,0,0
133763148,0,0,0,0,0,0,0,0,0,0
133763261,0,0,0,0,0,0,0,0,0,0
133763273,0,0,0,0,0,0,0,0,0,0
133763274,0,0,0,0,0,0,0,0,0,0
133763297,0,0,0,0,0,0,0,0,0,0
133763301,0,0,0,0,0,0,0,0,0,0
133763620,0,0,0,0,0,0,0,0,0,0
133763682,0,0,0,0,0,0,0,0,0,0
133763714,0,0,0,0,0,0,0,0,0,0
133763852,0,0,0,0,0,0,0,0,0,0
133764223,0,0,0,0,0,0,0,0,0,0
133764414,0,0,0,0,0,0,0,0,0,0
133764442,0,0,0,0,0,0,0,0,0,0
133764516,0,0,0,0,0,0,0,0,0,0
133764521,1,0,0,0,0,1,0,0,0,0
133764783,0,0,0,0,0,0,0,0,0,0
133764799,1,1,0,1,1,0,0,0,0,0
133764903,0,0,0,0,0,0,0,0,0,0
133764922,0,0,0,0,0,0,0,0,0,0
133764960,0,0,0,0,0,0,0,0,0,0
133765016,0,0,0,0,0,0,0,0,0,0
133765134,0,0,0,0,0,0,0,0,0,0
133765271,0,0,0,0,0,0,0,0,0,0
133765404,0,1,0,0,0,0,0,0,0,0
133765482,0,0,0,0,0,0,0,0,0,0
133765716,0,0,0,0,0,0,0,0,0,0
133765888,0,0,0,0,0,0,0,0,0,0
133766020,0,0,0,0,0,0,0,0,0,0
133766173,0,0,0,0,0,0,0,0,0,0
133766316,0,0,0,0,0,0,0,0,0,0
133766399,0,0,0,0,0,0,0,0,0,0
133766529,0,0,0,0,0,0,0,0,0,0
133766558,0,0,0,0,0,0,0,0,0,0
133766565,0,1,0,0,0,0,0,0,0,0
133766630,0,0,0,0,0,0,0,0,0,0
133766742,0,1,0,0,0,0,0,0,0,0
133766951,0,0,0,0,0,0,0,0,0,0
133767011,0,0,0,0,0,0,0,0,0,0
133767031,0,0,0,0,0,0,0,0,0,0
133767038,0,0,0,0,0,0,0,0,0,0
133767889,0,0,0,0,0,0,0,0,0,0
133768118,0,0,0,0,0,0,0,0,0,0
133768160,0,0,0,0,0,0,0,0,0,0
133768467,0,0,0,0,0,0,0,0,0,0
133768604,0,0,0,0,0,0,0,0,0,0
133768709,0,0,0,0,0,0,0,0,0,0
133769348,0,0,0,0,0,0,0,0,0,0
133769817,0,0,0,0,0,0,0,0,0,0
133770198,0,0,0,0,0,0,0,0,0,0
133770421,0,0,0,0,0,0,0,0,0,0
133770684,0,1,0,0,0,0,0,0,0,0
133770695,0,0,0,0,0,0,0,0,0,1
133770805,0,0,0,0,0,0,0,0,0,0
133770978,0,0,0,0,0,0,0,0,0,0
133771202,0,0,0,0,0,0,0,0,0,0
133771249,0,0,0,0,0,0,0,0,0,0
133771368,0,0,0,0,0,0,0,0,0,0
133771394,0,0,0,0,0,0,0,0,0,0
133771512,0,0,0,0,0,0,0,0,0,0
133771636,0,0,0,0,0,0,0,0,0,0
133771666,0,0,0,0,0,0,0,0,0,0
133771684,0,0,0,0,0,0,0,0,0,0
133771840,0,0,0,0,0,0,0,0,0,0
133772081,0,0,0,0,0,0,0,0,0,0
133772326,0,0,0,0,0,0,0,0,0,0
133772445,0,0,0,0,0,0,0,0,0,0
133772683,0,0,0,0,0,0,0,0,0,0
133772958,0,0,0,0,0,0,0,0,0,0
133773041,0,0,0,0,0,0,0,0,0,0
133773527,0,0,0,0,0,0,0,0,0,0
133773969,0,0,0,0,0,0,0,0,0,0
133774046,0,0,0,0,0,0,0,0,0,0
133774269,0,0,0,0,0,0,0,0,0,0
133774271,0,0,0,0,0,1,0,0,0,0
133774376,0,0,0,0,0,0,0,0,0,0
133774554,0,0,0,0,0,0,0,0,0,0
133774897,0,0,0,0,0,0,0,0,0,0
133775031,0,0,0,0,0,0,0,0,0,0
133775121,0,0,0,0,0,0,0,0,0,0
133775358,0,0,0,0,0,0,0,0,0,0
133775558,0,0,0,0,0,0,0,0,0,0
133775586,0,0,0,0,0,0,0,0,0,0
133775728,0,0,0,0,0,0,0,0,0,0
133775772,0,0,0,0,0,0,0,0,0,0
133775784,0,0,0,0,0,0,0,0,0,0
133775813,0,0,0,0,0,0,0,0,0,0
133775839,0,0,0,0,0,0,0,0,0,0
133775865,0,0,0,0,0,0,0,0,0,0
133775935,0,0,0,0,0,0,0,0,0,0
133776059,0,0,0,0,0,0,0,0,0,0
133776132,1,1,1,0,0,0,0,0,0,1
133776281,0,0,0,0,0,0,0,0,0,0
133776764,0,0,0,0,0,0,0,0,0,0
133777110,0,0,0,0,0,0,0,0,0,0
133777177,0,0,0,0,0,0,0,0,0,0
133777389,0,0,0,0,0,0,0,0,0,0
133777391,0,0,0,0,0,0,0,0,0,0
133777404,0,0,0,0,0,0,0,0,0,0
133777427,0,0,0,0,0,0,0,0,0,0
133777435,0,0,0,0,0,0,0,0,0,0
133777521,0,1,0,0,0,1,0,0,0,0
133777565,0,0,0,0,0,0,0,0,0,0
133777567,0,0,0,0,0,0,0,0,0,0
133777708,0,0,0,0,0,0,0,0,0,0
133777754,0,0,0,0,0,0,0,0,0,0
133777875,0,0,0,0,0,0,0,0,0,0
133778066,0,0,0,0,0,0,0,0,0,0
133778265,0,1,0,0,0,0,0,0,0,0
133778348,0,0,0,0,0,0,0,0,0,0
133778531,0,0,0,0,0,0,0,0,0,0
133778615,0,0,0,0,0,0,0,0,0,0
133778806,0,0,0,0,0,0,0,0,0,0
133778945,0,0,0,0,0,0,0,0,0,0
133778982,0,0,0,0,0,0,0,0,0,0
133778984,0,0,0,0,0,0,0,0,0,0
133779244,0,0,0,0,0,0,0,0,0,0
133779340,0,0,0,0,0,0,0,0,0,0
133779618,0,0,0,0,0,0,0,0,0,0
133779621,0,0,0,0,0,0,0,0,0,0
133779741,0,0,0,0,0,0,0,0,0,0
133779831,0,0,0,0,0,0,0,0,0,0
133779921,0,0,0,0,0,0,0,0,0,0
133780004,1,0,0,0,0,0,0,0,0,0
133780213,0,0,0,0,0,0,0,0,0,0
133780353,0,0,0,0,0,0,0,0,0,0
133780487,0,0,0,0,0,0,0,0,0,0
133780536,0,0,0,0,0,0,0,0,0,0
133780538,0,0,0,0,0,0,0,0,0,0
133780542,0,0,0,0,0,0,0,0,0,0
133780639,0,0,0,0,0,0,0,0,0,0
133780679,0,0,0,0,0,0,0,0,0,0
133780798,0,0,0,0,0,0,0,0,0,0
133780981,1,1,0,1,1,0,0,0,0,0
133781101,0,0,0,0,0,0,0,0,0,0
133781325,0,0,0,0,0,0,0,0,0,0
133781347,0,0,0,0,0,0,0,0,0,0
133781460,0,0,0,0,0,0,0,0,0,0
133781468,0,0,0,0,0,0,0,0,0,0
133781501,0,1,0,0,0,0,0,0,0,0
133781577,0,0,0,0,0,0,0,0,0,0
133781720,0,0,0,0,0,0,0,0,0,0
133781810,1,0,0,1,1,1,1,1,0,1
133782049,0,0,0,0,0,0,0,0,0,0
133782059,0,0,0,0,0,0,0,0,0,0
133782083,0,0,0,0,0,0,0,0,0,0
133782307,0,0,0,0,0,0,0,0,0,0
133783033,1,0,0,0,0,1,0,0,0,0
133783222,0,1,0,0,0,0,0,0,0,0
133783450,0,0,0,0,0,0,0,0,0,0
133783469,0,0,0,0,0,0,0,0,0,0
133783694,0,0,0,0,0,0,0,0,0,0
133783701,0,0,0,0,0,0,0,0,0,0
133783769,0,0,0,0,0,0,0,0,0,0
133783812,0,0,0,0,0,0,0,0,0,0
133783988,0,0,0,0,0,0,0,0,0,0
133784268,0,0,0,0,0,0,0,0,0,0
133784311,0,0,0,0,0,0,0,0,0,0
133784393,0,0,0,0,0,0,0,0,0,0
133784515,0,0,0,0,0,0,0,0,0,0
133784783,0,0,0,0,0,0,0,0,0,0
133784845,0,0,0,0,0,0,0,0,0,0
133785004,0,0,0,0,0,0,0,0,0,0
133785207,0,0,0,0,0,0,0,0,0,0
133785259,0,0,0,0,0,0,0,0,0,0
133785289,0,0,0,0,0,0,0,0,0,0
133785476,0,0,0,0,0,0,0,0,0,0
133785558,0,0,0,0,0,0,0,0,0,0
133785637,0,1,0,0,0,0,0,0,0,0
133785642,0,0,0,0,0,0,0,0,0,0
133785649,0,0,0,0,0,0,0,0,0,0
133785788,0,0,0,0,0,0,0,0,0,0
133785900,0,0,0,0,0,0,0,0,0,0
133786123,0,0,0,0,0,0,0,0,0,0
133786373,0,0,0,0,0,0,0,0,0,0
133786693,0,0,0,0,0,0,0,0,0,0
133787052,0,0,0,0,0,0,0,0,0,0
133787093,0,0,0,0,0,0,0,0,0,0
133787266,0,0,0,0,0,0,0,0,0,0
133787430,0,0,0,0,0,0,0,0,0,0
133787457,0,0,0,0,0,0,0,0,0,0
133787533,0,0,0,0,0,0,0,0,0,0
133787659,0,0,0,0,0,0,0,0,0,0
133787754,0,0,0,0,0,0,0,0,0,0
133787866,0,0,0,0,0,0,0,0,0,0
133787880,0,0,0,0,0,0,0,0,0,0
133787928,0,0,0,0,0,0,0,0,0,0
133787941,0,0,0,0,0,0,0,0,0,0
133787949,0,0,0,0,0,0,0,0,0,0
133787972,0,0,0,0,0,0,0,0,0,0
133788196,0,0,0,0,0,0,0,0,0,0
133788528,0,0,0,0,0,0,0,0,0,0
133788533,0,0,0,0,0,0,0,0,0,0
133788564,0,0,0,0,0,0,0,0,0,0
133788587,0,0,0,0,0,0,0,0,0,0
133788655,0,0,0,0,0,0,0,0,0,0
133788843,0,0,0,0,0,0,0,0,0,0
133788886,0,0,0,0,0,0,0,0,0,0
133788980,0,0,0,0,0,0,0,0,0,0
133789014,0,0,0,0,0,0,0,0,0,0
133789234,0,0,0,0,0,0,0,0,0,0
133789526,0,0,0,0,0,0,0,0,0,0
133789552,0,0,0,0,0,0,0,0,0,0
133789572,0,0,0,0,0,0,0,0,0,0
133789630,0,0,0,0,0,0,0,0,0,0
133789675,0,0,0,0,0,0,0,0,0,0
133789678,0,0,0,0,0,0,0,0,0,0
133789814,0,0,0,0,0,0,0,0,0,0
133789844,0,0,0,0,0,0,0,0,0,0
133789887,0,0,0,0,0,0,0,0,0,0
133789903,0,0,0,0,0,0,0,0,0,1
133789970,0,0,0,0,0,0,0,0,0,0
133790145,0,0,0,0,0,0,0,0,0,0
133790206,1,0,0,0,0,0,0,0,1,0
133790210,0,0,0,0,0,0,0,0,0,0
133790322,0,0,0,0,0,0,0,0,0,0
133790451,0,0,0,0,0,0,0,0,0,0
133790485,0,0,0,0,0,0,0,0,0,0
133790576,0,0,0,0,0,0,0,0,0,0
133790599,0,0,0,0,0,0,0,0,0,0
133790615,0,0,0,0,0,0,0,0,0,0
133790709,0,0,0,0,0,0,0,0,0,0
133790751,0,0,0,0,0,0,0,0,0,0
133790855,0,0,0,0,0,0,0,0,0,0
133790918,1,1,1,1,1,0,1,0,1,1
133790959,0,0,0,0,0,1,0,0,0,0
133790968,0,0,0,0,0,0,0,0,0,0
133791012,1,0,0,1,1,0,1,0,1,1
133791036,0,0,0,0,0,0,0,0,0,0
133791046,0,0,0,0,0,0,0,0,0,0
133791069,0,0,0,0,0,0,0,0,0,0
133791105,0,0,0,0,0,0,0,0,0,0
133791141,0,0,0,0,0,0,0,0,0,0
133791159,1,0,0,0,0,1,0,0,0,0
133791165,0,0,0,0,0,0,0,0,0,0
133791353,0,0,0,0,0,0,0,0,0,0
133791359,0,0,0,0,0,0,0,0,0,0
133791468,0,0,0,0,0,0,0,0,0,0
133791558,0,0,0,0,0,0,0,0,0,0
133791622,0,0,0,0,0,1,0,0,0,0
133791719,0,0,0,0,0,0,0,0,0,0
133791737,0,0,0,0,0,0,0,0,0,0
133791870,0,0,0,0,0,0,0,0,0,0
133791875,0,0,0,0,0,0,0,0,0,0
133791897,0,0,0,0,0,0,0,0,0,0
133791955,0,0,0,0,0,0,0,0,0,0
133792122,0,0,0,0,0,0,0,0,0,0
133792146,0,0,0,0,0,0,0,0,0,0
133792230,0,0,0,0,0,0,0,0,0,0
133792267,0,0,0,0,0,0,0,0,0,0
133792297,0,0,0,0,0,0,0,0,0,0
133792330,0,0,0,0,0,0,0,0,0,0
133792605,0,0,0,0,0,0,0,0,0,0
133792719,0,0,0,0,0,0,0,0,0,0
133793454,0,0,0,0,0,0,0,0,0,0
133793689,1,0,0,1,1,1,0,0,0,0
133793791,0,0,0,0,0,0,0,0,0,0
133794166,0,0,0,0,0,0,0,0,0,0
133794184,0,0,0,0,0,0,0,0,0,0
133794447,0,0,0,0,0,0,0,0,0,0
133794448,0,0,0,0,0,0,0,0,0,0
133794630,0,0,0,0,0,0,0,0,0,0
133794779,0,0,0,0,0,0,0,0,0,0
133794780,0,0,0,0,0,0,0,0,0,0
133795173,0,0,0,0,0,0,0,0,0,0
133795223,0,1,0,0,0,0,0,0,0,0
133795630,0,0,0,0,0,0,0,0,0,0
133796052,0,0,0,0,0,0,0,0,0,0
133796858,0,0,0,0,0,0,0,0,0,0
133797089,0,0,0,0,0,0,0,0,1,0
133797171,0,0,0,0,0,0,0,0,0,0
133797203,1,1,0,0,0,1,0,0,0,1
133797467,1,1,0,0,0,1,0,0,1,0
133797485,0,0,0,0,0,0,0,0,0,0
133797632,0,0,0,0,0,0,0,0,0,0
133797808,0,0,0,0,0,0,0,0,0,0
133797837,0,0,0,0,0,0,0,0,1,0
133797998,0,0,0,0,0,0,0,0,0,0
133798272,0,0,0,0,0,0,0,0,0,0
133798352,0,0,0,0,0,0,0,0,0,0
133798437,0,0,0,0,0,0,0,0,0,0
133798542,0,0,0,0,0,0,0,0,0,0
133798636,0,0,0,0,0,0,0,0,0,0
133798803,1,1,0,0,0,0,0,0,0,0
133798829,0,0,0,0,0,0,0,0,0,0
133798923,0,0,0,0,0,0,0,0,0,0
133798931,0,0,0,0,0,0,0,0,0,0
133799013,0,0,0,0,0,0,0,0,0,0
133799169,0,0,0,0,0,0,0,0,0,0
133799286,0,0,0,0,0,0,0,0,0,0
133799530,0,0,0,0,0,0,0,0,0,0
133799569,1,0,0,0,0,1,0,0,0,0
133799586,0,0,0,0,0,0,0,0,0,0
133799602,0,0,0,0,0,0,0,0,0,0
133799605,0,0,0,0,0,0,0,0,0,0
133799681,0,0,0,0,0,0,0,0,0,0
133799712,0,0,0,0,0,0,0,0,0,0
133799731,0,0,0,0,0,0,0,0,0,0
133799798,0,0,0,0,0,0,0,0,0,0
133799881,0,0,0,0,0,0,0,1,0,0
133799895,0,0,0,0,0,0,0,0,0,0
133800081,0,0,0,0,0,0,0,0,0,0
133800166,0,0,0,0,0,0,0,0,0,0
133800350,1,0,0,1,1,1,0,0,0,0
133800492,0,0,0,0,0,0,0,0,0,0
133800522,0,0,0,0,0,0,0,0,0,0
133800546,0,0,0,0,0,0,0,0,0,0
133800576,0,0,0,0,0,0,0,0,0,0
133800697,0,0,0,0,0,0,0,0,0,0
133800794,0,0,0,0,0,0,0,0,0,0
133800806,0,0,0,0,0,0,0,0,0,0
133800818,0,0,0,0,0,0,0,0,0,0
133800843,1,0,0,1,1,1,0,0,0,0
133800873,0,0,0,0,0,0,0,0,0,0
133800966,0,0,0,0,0,0,0,0,0,0
133801018,1,0,0,0,0,1,0,0,0,0
133801064,0,0,0,0,0,0,0,0,0,0
133801322,0,0,0,0,0,0,0,0,0,0
133801697,0,0,0,0,0,0,0,0,0,0
133801742,0,0,0,0,0,0,0,0,0,0
133801959,0,0,0,0,0,0,0,0,0,0
133801970,0,0,0,0,0,0,0,0,0,0
133801991,0,0,0,0,0,0,0,0,0,0
133802105,0,0,0,0,0,0,0,0,0,0
133802294,0,0,0,0,0,0,0,0,0,0
133802306,0,0,0,0,0,0,0,0,0,0
133802372,0,0,0,0,0,0,0,0,0,0
133802374,0,0,0,0,0,0,0,0,0,0
133802432,0,0,0,0,0,0,0,0,0,0
133802539,0,0,0,0,0,0,0,0,0,0
133802617,0,0,0,0,0,0,0,0,0,0
133802925,0,0,0,0,0,0,0,0,0,0
133803021,0,0,0,0,0,0,0,0,0,0
133803040,0,0,0,0,0,0,0,0,0,0
133803199,0,0,0,0,0,0,0,0,0,0
133803238,0,0,0,0,0,0,0,0,0,0
133803246,0,0,0,0,0,0,0,0,0,0
133803345,0,0,0,0,0,0,0,0,0,0
133803363,0,0,0,0,0,0,0,0,0,0
133803369,0,0,0,0,0,0,0,0,0,0
133803506,0,0,0,0,0,0,0,0,0,0
133803529,0,0,0,0,0,0,0,0,0,0
133803807,0,0,0,0,0,0,0,0,0,0
133803926,0,1,0,0,0,0,0,0,0,0
133803968,0,0,0,0,0,0,0,0,0,0
133803988,0,0,0,0,0,0,0,0,0,0
133804013,0,0,0,0,0,0,0,0,0,0
133804125,0,0,0,0,0,0,0,0,0,0
133804140,0,0,0,0,0,0,0,0,0,0
133804448,0,0,0,0,0,0,0,0,0,0
133804528,0,0,0,0,0,0,0,0,0,0
133804625,0,1,0,0,0,0,0,0,0,0
133804664,0,0,0,0,0,0,0,0,0,0
133804671,0,0,0,0,0,0,0,0,0,0
133804746,0,0,0,0,0,0,0,0,0,0
133805076,0,0,0,0,0,0,0,0,0,0
133805083,0,0,0,0,0,0,0,0,0,0
133805085,0,0,0,0,0,0,0,0,0,0
133805213,0,0,0,0,0,0,0,0,0,0
133805952,0,0,0,0,0,0,0,0,0,0
133806029,0,0,0,0,0,0,0,0,0,0
133806302,0,0,0,0,0,0,0,0,0,0
133806308,0,0,0,0,0,0,0,0,0,0
133806340,0,0,0,0,0,0,0,0,0,0
133806384,0,0,0,0,0,0,0,0,0,0
133806400,0,0,0,0,0,0,0,0,0,0
133806440,0,1,0,0,0,0,0,0,0,0
133806501,0,0,0,0,0,0,0,0,0,0
133806777,0,0,0,0,0,0,0,0,0,0
133806900,0,0,0,0,0,0,0,0,0,0
133806914,0,0,0,0,0,0,0,0,0,0
133807161,0,0,0,0,0,0,0,0,0,0
133807251,0,0,0,0,0,0,0,0,0,0
133807279,0,0,0,0,0,0,0,0,0,0
133807408,0,0,0,0,0,0,0,0,0,0
133807708,0,0,0,0,0,0,0,0,0,0
133807733,0,0,0,0,0,0,0,0,0,0
133807817,0,0,0,0,0,0,0,0,0,0
133807934,0,0,0,0,0,0,0,0,0,0
133808093,0,0,0,0,0,0,0,0,0,0
133808459,0,0,0,0,0,0,0,0,0,0
133808482,0,0,0,0,0,0,0,0,0,0
133808531,0,0,0,0,0,0,0,0,0,0
133808590,0,0,0,0,0,0,0,0,0,0
133808626,0,0,0,0,0,0,0,0,0,0
133808650,0,0,0,0,0,0,0,0,0,0
133808684,0,0,0,0,0,0,0,0,0,0
133808731,0,0,0,0,0,0,0,0,0,0
133808756,0,0,0,0,0,0,0,0,0,0
133808802,0,0,0,0,0,0,0,0,0,0
133808803,0,0,0,0,0,0,0,0,0,0
133808809,0,0,0,0,0,0,0,0,0,0
133808880,0,0,0,0,0,0,0,0,0,0
133808957,0,0,0,0,0,0,0,0,0,0
133809015,0,0,0,0,0,0,0,0,0,0
133809068,0,0,0,0,0,0,0,0,0,0
133809133,1,1,0,1,1,0,0,1,1,1
133809222,0,0,0,0,0,0,0,0,0,0
133809394,0,0,0,0,0,0,0,0,0,0
133809679,0,0,0,0,0,0,0,0,1,0
133809747,0,0,0,0,0,0,0,0,0,0
133809847,0,0,0,0,0,0,0,0,0,0
133810091,0,0,0,0,0,0,0,0,0,0
133810114,0,0,0,0,0,0,0,0,0,0
133810169,0,0,0,0,0,0,0,0,0,0
133810231,0,0,0,0,0,0,0,0,0,0
133810328,0,0,0,0,0,0,0,0,0,0
133810419,0,0,0,0,0,0,0,0,0,0
133810457,0,0,0,0,0,0,0,0,0,0
133810462,0,0,0,0,0,0,0,0,0,0
133810483,0,0,0,0,0,0,0,0,0,0
133810663,1,1,0,0,0,1,0,1,1,1
133810811,0,0,0,0,0,0,0,0,0,0
133810814,0,0,0,0,0,0,0,0,0,0
133810844,0,0,0,0,0,0,0,0,0,0
133810874,0,0,0,0,0,0,0,0,0,0
133810881,0,0,0,0,0,0,0,0,0,0
133810932,0,0,0,0,0,0,0,0,0,0
133810953,0,0,0,0,0,0,0,0,0,0
133810964,0,0,0,0,0,0,0,0,0,0
133810983,0,0,0,0,0,0,0,0,0,0
133811090,0,0,0,0,0,0,0,0,0,0
133811212,0,0,0,0,0,0,0,0,0,0
133811317,0,0,0,0,0,0,0,0,0,0
133811381,0,0,0,0,0,0,0,0,0,0
133811385,0,0,0,0,0,0,0,0,0,0
133811689,0,0,0,0,0,0,0,0,0,0
133811817,0,0,0,0,0,0,0,0,0,0
133811830,0,0,0,0,0,0,0,0,0,0
133811899,0,0,0,0,0,0,0,0,0,0
133811906,0,0,0,0,0,0,0,0,0,0
133812288,0,0,0,0,0,0,0,0,0,0
133812309,0,0,0,0,0,0,0,0,0,0
133812689,0,0,0,0,0,0,0,0,0,0
133812721,0,0,0,0,0,0,0,0,0,0
133812988,0,0,0,0,0,0,0,0,0,0
133813391,0,0,0,0,0,0,0,0,0,0
133813421,0,0,0,0,0,0,0,0,0,0
133813440,0,0,0,0,0,0,0,0,0,0
133813499,0,0,0,0,0,0,0,0,0,0
133813501,0,0,0,0,0,0,0,0,0,0
133813513,0,0,0,0,0,0,0,0,0,0
133813544,0,0,0,0,0,0,0,0,0,0
133813589,0,0,0,0,0,0,0,0,0,0
133813617,0,0,0,0,0,0,0,0,0,0
133813779,0,0,0,0,0,0,0,0,0,0
133813807,0,0,0,0,0,0,0,0,0,0
133813818,0,1,0,0,0,0,0,0,0,0
133813837,0,0,0,0,0,0,0,0,0,0
133813863,0,0,0,0,0,0,0,0,0,0
133813875,0,0,0,0,0,0,0,0,0,0
133814316,0,0,0,0,0,0,0,0,0,0
133814351,0,1,0,0,0,0,0,0,0,0
133814883,0,0,0,0,0,0,0,0,0,0
133814962,0,0,0,0,0,0,0,0,0,0
133814976,0,0,0,0,0,0,0,0,0,0
133814989,0,0,0,0,0,0,0,0,0,0
133814995,0,0,0,0,0,0,0,0,0,0
133814997,0,0,0,0,0,0,0,0,0,0
133815021,0,0,0,0,0,0,0,0,0,0
133815074,0,0,0,0,0,1,0,0,0,0
133815365,0,0,0,0,0,0,0,0,0,0
133815406,0,0,0,0,0,0,0,0,1,0
133815423,0,0,0,0,0,0,0,0,0,0
133815479,0,0,0,0,0,0,0,0,0,0
133815934,0,0,0,0,0,0,0,0,0,0
133816427,0,0,0,0,0,0,0,0,0,0
133816502,0,0,0,0,0,0,0,0,0,0
133816510,0,0,0,0,0,0,0,0,0,0
133816543,0,0,0,0,0,0,0,0,0,0
133816684,0,0,0,0,0,0,0,0,0,0
133816743,0,0,0,0,0,0,0,0,0,0
133816881,0,0,0,0,0,0,0,0,0,0
133817036,1,1,0,1,1,0,0,0,0,0
133817054,0,0,0,0,0,0,0,0,0,0
133817131,0,0,0,0,0,0,0,0,0,0
133817359,0,0,0,0,0,0,0,0,0,0
133817414,0,0,0,0,0,0,0,0,0,0
133817494,1,1,0,1,1,1,0,0,0,0
133817521,0,0,0,0,0,0,0,0,0,0
133817542,0,0,0,0,0,0,0,0,0,0
133817707,0,0,0,0,0,1,0,0,0,0
133817711,0,0,0,0,0,0,0,0,0,0
133817712,0,0,0,0,0,0,0,0,0,0
133817783,0,0,0,0,0,0,0,0,0,0
133817828,0,0,0,0,0,0,0,0,0,0
133817839,0,0,0,0,0,0,0,0,0,0
133817998,0,0,0,0,0,0,0,0,0,0
133818165,0,0,0,0,0,0,0,0,0,0
133818270,0,0,0,0,0,0,0,0,0,0
133818275,0,0,0,0,0,0,0,0,0,0
133818397,0,0,0,0,0,0,0,0,0,0
133818477,0,0,0,0,0,0,0,0,0,0
133818488,0,0,0,0,0,0,0,0,0,0
133818551,0,0,0,0,0,0,0,0,0,0
133818672,0,0,0,0,0,0,0,0,0,0
133818773,0,0,0,0,0,0,0,0,0,0
133818849,0,0,0,0,0,0,0,0,0,0
133819030,0,0,0,0,0,0,0,0,0,0
133819198,0,0,0,0,0,0,0,0,0,0
133819413,0,0,0,0,0,0,0,0,0,0
133819606,0,0,0,0,0,0,0,0,0,0
133819700,0,0,0,0,0,0,0,0,0,0
133819710,0,0,0,0,0,0,0,0,0,0
133819925,0,0,0,0,0,0,0,0,0,0
133819926,0,0,0,0,0,0,0,0,0,0
133820092,0,0,0,0,0,0,0,0,0,0
133820264,0,0,0,0,0,0,0,0,0,0
133820399,0,0,0,0,0,0,0,0,0,0
133820406,0,0,0,0,0,0,0,0,0,0
133820479,0,0,0,0,0,0,0,0,0,0
133820519,0,0,0,0,0,0,0,0,0,0
133820545,0,0,0,0,0,0,0,0,0,0
133820581,0,0,0,0,0,0,0,0,0,0
133820970,0,0,0,0,0,0,0,0,0,0
133821002,0,0,0,0,0,0,0,0,0,0
133821213,0,0,0,0,0,0,0,0,0,0
133821415,0,0,0,0,0,0,0,0,0,0
133821483,0,0,0,0,0,0,0,0,0,0
133821544,0,0,0,0,0,0,0,0,0,0
133821823,0,0,0,0,0,0,0,0,0,0
133822194,0,0,0,0,0,0,0,0,0,0
133822203,0,0,0,0,0,0,0,0,0,0
133822279,0,0,0,0,0,0,0,0,0,0
133822297,0,0,0,0,0,0,0,0,0,0
133822397,0,0,0,0,0,0,0,0,0,0
133822426,0,0,0,0,0,0,0,0,0,0
133822552,0,0,0,0,0,0,0,0,0,0
133822670,0,0,0,0,0,0,0,0,0,0
133822699,0,0,0,0,0,0,0,0,0,0
133822741,0,0,0,0,0,0,0,0,0,0
133823229,0,0,0,0,0,0,0,0,0,0
133823446,0,0,0,0,0,0,0,0,0,0
133823462,0,0,0,0,0,0,0,0,0,0
133823470,0,0,0,0,0,0,0,0,0,0
133823522,0,0,0,0,0,0,0,0,0,0
133823561,0,0,0,0,0,0,0,0,0,0
133823718,0,0,0,0,0,0,0,0,0,0
133823749,1,0,0,0,0,0,0,0,0,0
133823833,0,0,0,0,0,0,0,0,0,0
133824198,0,0,0,0,0,0,0,0,0,0
133824265,0,0,0,0,0,0,0,0,0,0
133824420,1,0,0,0,0,1,0,0,0,0
133824422,1,0,0,0,0,1,0,0,0,0
133824537,0,0,0,0,0,0,0,0,0,0
133825016,1,0,1,1,0,0,0,1,1,1
133825433,0,0,0,0,0,0,0,0,0,0
133825710,0,0,0,0,0,0,0,0,0,0
133826138,0,0,0,0,0,0,0,0,0,0
133826339,0,0,0,0,0,0,0,0,0,0
133826367,0,0,0,0,0,0,0,0,0,0
133826495,0,0,0,0,0,0,0,0,0,0
133826601,0,0,0,0,0,0,0,0,0,0
133826677,0,0,0,0,0,0,0,0,0,0
133826732,0,0,0,0,0,0,0,0,0,0
133826759,0,0,0,0,0,0,0,0,0,0
133826814,0,0,0,0,0,0,0,0,0,0
133827321,0,0,0,0,0,0,0,0,0,0
133827479,0,0,0,0,0,0,0,0,0,0
133827566,0,0,0,0,0,0,0,0,0,0
133827678,0,0,0,0,0,0,0,0,0,0
133827703,0,1,0,0,0,0,0,0,0,0
133827867,0,0,0,0,0,0,0,0,0,0
133827942,0,0,0,0,0,0,0,0,0,0
133827967,0,0,0,0,0,0,0,0,0,0
133828146,1,0,0,0,0,0,0,0,0,0
133828155,0,0,0,0,0,0,0,0,0,0
133828195,0,0,0,0,0,0,0,0,0,0
133828231,1,1,0,0,0,0,0,0,0,1
133828531,0,0,0,0,0,0,0,0,0,0
133828646,0,0,0,0,0,0,0,0,0,0
133828876,0,0,0,0,0,0,0,0,0,0
133828925,0,0,0,0,0,0,0,0,0,0
133829169,0,0,0,0,0,0,0,0,0,0
133829174,0,0,0,0,0,0,0,0,0,0
133829187,0,0,0,0,0,0,0,0,0,0
133829214,0,0,0,0,0,0,0,0,0,0
133829273,0,0,0,0,0,0,0,0,0,0
133829553,0,0,0,0,0,0,0,0,0,0
133829684,0,0,0,0,0,0,0,0,0,0
133829703,0,0,0,0,0,0,0,0,0,0
133829754,0,0,0,0,0,0,0,0,0,0
133829863,0,0,0,0,0,0,0,0,1,0
133829908,0,0,0,0,0,0,0,0,0,0
133829934,0,0,0,0,0,0,0,0,1,0
133830082,0,1,0,0,0,0,0,0,0,0
133830145,0,0,0,0,0,0,0,0,0,0
133830195,0,0,0,0,0,0,0,0,0,0
133830291,0,0,0,0,0,0,0,0,0,0
133830300,0,0,0,0,0,0,0,0,0,0
133830364,0,0,0,0,0,0,0,0,0,0
133830488,0,0,0,0,0,0,0,0,0,0
133830539,0,0,0,0,0,0,0,0,0,0
133830591,0,0,0,0,0,0,0,0,0,0
133830644,0,0,0,0,0,0,0,0,0,0
133830720,0,0,0,0,0,0,0,0,0,0
133830777,0,0,0,0,0,0,0,0,0,0
133830859,0,0,0,0,0,0,0,0,0,0
133830867,0,0,0,0,0,0,0,0,0,0
133830926,0,0,0,0,0,0,0,0,0,0
133830943,0,0,0,0,0,0,0,0,0,0
133831019,0,0,0,0,0,0,0,0,0,0
133831034,0,0,0,0,0,0,0,0,0,0
133831044,0,0,0,0,0,0,0,0,0,0
133831254,0,0,0,0,0,0,0,0,0,0
133831272,0,0,0,0,0,0,0,0,0,0
133831291,0,0,0,0,0,0,0,0,0,0
133831335,0,0,0,0,0,0,0,0,0,0
133831393,0,0,0,0,0,0,0,0,0,0
133831435,0,0,0,0,0,0,0,0,0,0
133831454,0,0,0,0,0,0,0,0,0,0
133831730,0,0,0,0,0,0,0,0,0,0
133831754,0,0,0,0,0,0,0,0,0,0
133831829,0,0,0,0,0,0,0,0,0,0
133831889,0,0,0,0,0,0,0,0,0,0
133831893,0,0,0,0,0,0,0,0,0,0
133831959,0,0,0,0,0,0,0,0,0,0
133832443,0,0,0,0,0,0,0,0,0,0
133832446,0,0,0,0,0,0,0,0,0,0
133832517,1,0,0,0,0,0,0,0,0,0
133832791,0,0,0,0,0,0,0,0,0,0
133832797,0,0,0,0,0,0,0,0,0,0
133832951,0,0,0,0,0,0,0,0,0,0
133832963,0,0,0,0,0,0,0,0,0,0
133833117,0,0,0,0,0,0,0,0,0,0
133833262,0,0,0,0,0,0,0,0,0,0
133833271,0,0,0,0,0,0,0,0,0,0
133833378,0,0,0,0,0,0,0,0,0,0
133833388,0,0,0,0,0,0,0,0,0,0
133833431,0,0,0,0,0,0,0,0,0,0
133833578,0,0,0,0,0,0,0,0,0,0
133833582,0,0,0,0,0,0,0,0,0,0
133833873,0,0,0,0,0,0,0,0,0,0
133833911,0,0,0,0,0,0,0,0,0,0
133833940,0,0,0,0,0,0,0,0,0,0
133834033,0,0,0,0,0,0,0,0,0,0
133835166,0,0,0,0,0,0,0,0,0,0
133835325,0,0,0,0,0,0,0,0,0,0
133835423,0,0,0,0,0,0,0,0,0,0
133835845,0,0,0,0,0,0,0,0,0,0
133836046,0,0,0,0,0,0,0,0,0,0
133836149,0,0,0,0,0,0,0,0,1,1
133836606,0,0,0,0,0,0,0,0,0,0
133836908,0,0,0,0,0,0,0,0,0,0
133837111,0,0,0,0,0,0,0,0,0,0
133837162,0,0,0,0,0,0,0,0,0,0
133837301,0,1,0,0,0,0,0,0,0,0
133837352,0,0,0,0,0,0,0,0,0,0
133837373,0,0,0,0,0,0,0,0,0,0
133837540,0,0,0,0,0,0,0,0,0,0
133837628,0,0,0,0,0,0,0,0,0,0
133837634,0,0,0,0,0,0,0,0,0,0
133837721,0,0,0,0,0,0,0,0,0,0
133837732,0,0,0,0,0,0,0,0,0,0
133838581,0,0,0,0,0,0,0,0,0,0
133838717,0,0,0,0,0,0,0,0,0,0
133838734,0,0,0,0,0,0,0,0,0,0
133838737,0,0,0,0,0,0,0,0,0,0
133838741,0,0,0,0,0,0,0,0,0,0
133838819,0,0,0,0,0,0,0,0,0,0
133838896,0,0,0,0,0,0,0,0,0,0
133838979,0,0,0,0,0,0,0,0,0,0
133838986,0,0,0,0,0,0,0,0,0,0
133838997,0,0,0,0,0,0,0,0,0,0
133839045,0,0,0,0,0,0,0,0,0,0
133839091,0,0,0,0,0,0,0,0,0,0
133839168,0,0,0,0,0,0,0,0,0,0
133839193,0,0,0,0,0,0,0,0,0,0
133839545,0,0,0,0,0,0,0,0,0,0
133839551,0,0,0,0,0,0,0,0,0,0
133839656,0,0,0,0,0,0,0,0,0,0
133839668,0,0,0,0,0,0,0,0,0,0
133839768,0,0,0,0,0,0,0,0,0,0
133839779,0,0,0,0,0,0,0,0,0,0
133839845,0,0,0,0,0,0,0,0,0,0
133839892,0,0,0,0,0,0,0,0,0,0
133840086,0,0,0,0,0,0,0,0,0,0
133840160,0,0,0,0,0,0,0,0,0,0
133840204,0,0,0,0,0,0,0,0,0,0
133840355,0,0,0,0,0,0,0,0,0,0
133840385,0,0,0,0,0,0,0,0,0,0
133840656,1,0,0,1,0,0,0,0,0,0
133840784,0,0,0,0,0,0,0,0,0,0
133840961,0,1,0,0,0,0,0,0,0,0
133840962,1,1,0,0,0,1,0,0,0,0
133841016,1,0,0,0,0,1,0,0,0,0
133841126,1,0,0,0,0,0,0,0,0,0
133841149,0,0,0,0,0,0,0,0,0,0
133841196,1,0,0,0,0,0,0,0,1,0
133841203,1,0,1,1,1,0,1,1,1,1
133841306,1,0,0,1,1,1,0,1,0,0
133841536,1,0,0,1,1,0,0,0,0,0
133841653,1,0,0,0,0,0,0,1,1,1
133841833,1,0,0,0,0,0,0,0,0,0
133841958,0,0,0,0,0,0,0,0,0,0
133842013,1,0,0,1,0,1,0,1,1,1
133842061,1,0,0,1,0,1,0,1,1,1
133842425,0,0,0,0,0,0,0,0,0,0
133842544,1,1,1,0,0,0,0,0,1,1
133842553,1,0,0,0,0,1,0,0,0,0
133842656,1,0,0,0,0,0,0,0,0,0
133842887,1,0,0,1,1,0,1,0,1,1
133842940,1,1,1,0,0,0,0,0,0,0
133842971,1,1,0,1,0,0,0,0,1,1
133843090,1,1,0,0,0,0,0,0,0,0
133843151,1,0,0,0,0,0,0,1,1,1
133843176,1,0,0,0,0,0,0,1,1,1
133843229,1,0,0,0,0,0,0,1,1,1
133843370,0,0,0,0,0,0,0,0,0,0
133843378,1,0,0,0,0,0,0,1,1,1
133844388,1,1,0,0,0,1,0,0,1,0
133844756,1,0,0,0,0,0,0,0,0,0
133844795,1,0,0,0,0,0,0,0,0,0
133844854,1,0,0,0,0,0,0,0,0,0
133844938,1,0,1,1,1,0,0,1,0,1
133844949,1,0,0,1,1,1,0,0,0,0
133844950,1,0,0,1,1,1,0,0,0,0
133844957,1,0,1,0,0,0,0,0,0,0
133844963,0,0,0,0,0,0,0,0,0,0
133845049,1,0,0,0,0,1,0,0,1,0
133845136,0,0,0,0,0,0,0,0,0,0
133845222,0,0,0,0,0,0,0,0,0,0
133845224,1,0,0,0,0,0,0,1,1,1
133845259,1,0,0,0,0,0,0,1,1,1
133845275,1,0,0,0,0,0,0,0,0,0
133845352,1,1,0,0,0,1,0,0,0,0
133845628,1,0,0,0,0,0,0,0,0,0
133845735,1,1,1,0,0,0,0,0,0,0
133845815,0,0,0,0,0,0,0,0,0,0
133845867,1,0,0,0,0,0,0,0,0,0
133845897,1,0,0,0,0,0,0,0,0,0
133845898,1,0,0,1,1,1,0,1,1,0
133845940,1,0,0,0,0,0,0,0,0,0
133846023,1,0,0,0,0,0,0,0,0,0
133846046,1,0,0,0,0,1,0,0,0,0
133846090,1,1,0,1,1,1,0,0,0,0
133846117,1,0,1,0,0,1,0,0,0,0
133846168,1,0,0,0,0,0,0,0,0,0
133846234,1,1,0,1,1,1,0,1,0,0
133846245,1,1,1,0,0,1,0,0,0,0
133846310,0,0,0,0,0,0,0,0,0,0
133846338,1,1,0,0,0,1,0,0,0,0
133846347,1,0,0,0,0,0,0,1,1,1
133846384,1,1,0,1,1,1,0,1,0,0
133846700,1,0,0,0,0,0,0,0,1,1
133846741,1,1,1,1,1,1,0,0,0,0
133846808,1,0,0,0,0,0,0,0,0,0
133847035,1,0,0,1,0,0,0,0,0,0
133847194,1,0,1,1,1,1,0,0,0,0
133847236,1,1,0,1,1,0,1,0,0,0
133847298,1,0,0,0,0,0,0,0,0,0
133847492,1,0,0,0,0,0,0,0,0,0
133847527,1,1,0,0,0,1,0,0,0,1
133847530,1,1,0,0,0,1,0,0,0,0
133847789,1,1,0,0,0,1,0,0,0,0
133847993,0,0,0,0,0,0,0,0,0,0
133848069,1,1,1,0,0,1,0,0,0,0
133848479,1,0,0,0,0,1,0,0,1,0
133848519,1,1,0,0,0,0,0,0,0,0
133848673,1,0,0,1,1,0,0,0,1,1
133848869,1,0,1,1,1,0,1,0,1,1
133848951,1,0,1,1,1,0,1,0,1,1
133849057,1,0,0,0,0,0,0,0,0,0
133849081,1,0,0,0,0,0,0,0,0,0
133849172,1,0,0,0,0,0,0,0,0,0
133849210,1,0,0,0,0,0,0,0,0,0
133849241,1,1,0,0,0,0,0,0,0,0
133849249,0,0,0,0,0,0,0,0,0,0
133849260,1,0,0,0,0,0,0,0,0,0
133849319,1,1,0,0,0,1,0,0,0,0
133849347,1,1,0,0,0,1,0,1,1,0
133849370,1,0,0,0,0,0,0,1,0,0
133849380,0,0,0,0,0,0,0,0,0,0
133849421,1,1,0,0,0,1,0,0,0,0
133849434,1,0,0,0,0,0,0,1,1,0
133849496,1,0,0,1,1,1,0,1,1,0
133849601,1,0,0,0,0,0,0,0,0,0
133849655,1,0,0,0,0,0,0,0,0,0
133849791,1,1,1,1,1,1,0,1,0,0
133849805,1,1,0,0,0,0,0,0,0,0
133849832,1,1,1,1,0,1,0,0,0,0
133849866,1,0,0,0,0,0,0,0,0,0
133849985,1,0,0,0,0,0,0,0,0,0
133850090,1,0,0,0,0,0,0,0,0,0
133850193,1,0,0,0,0,0,0,0,0,0
133850207,1,1,1,1,1,0,0,0,0,0
133850287,1,1,0,1,1,0,0,1,1,0
133850434,1,1,0,0,0,0,0,1,0,0
133850494,1,1,1,1,1,0,0,1,0,0
133850769,0,0,0,0,0,0,0,0,0,0
133850787,1,0,0,0,0,0,0,0,0,0
133850825,1,0,0,1,1,1,0,0,1,0
133850920,1,0,0,0,0,0,0,0,0,0
133851065,1,0,0,1,1,0,1,0,1,1
133851158,0,0,0,0,0,0,0,0,0,0
133851213,1,0,0,1,1,0,1,1,1,1
133851268,1,0,0,0,0,0,0,0,0,0
133851374,1,0,0,1,1,0,1,1,0,1
133851429,1,0,0,0,0,1,0,0,0,0
133851552,1,1,0,1,1,0,0,0,0,0
133851588,1,0,0,1,1,0,0,1,0,1
133851611,1,0,0,1,1,0,0,1,0,1
133851630,1,0,0,0,0,0,0,0,0,0
133851639,1,0,0,1,1,0,0,1,0,1
133851713,1,0,0,1,1,1,0,0,0,1
133851744,1,1,0,0,0,1,0,0,0,0
133851844,1,0,0,1,1,1,0,0,0,1
133851890,1,1,0,0,0,1,0,0,0,0
133852064,0,1,0,0,0,0,0,0,0,0
133852099,1,0,0,1,0,1,0,0,0,0
133852122,1,0,0,0,0,1,0,0,0,0
133852130,1,0,0,0,0,0,0,0,0,0
133852287,1,0,0,0,0,0,0,0,0,0
133852312,1,0,0,1,1,1,0,0,0,1
133852371,1,1,0,0,0,0,0,1,0,0
133852418,1,0,0,0,0,0,0,1,0,0
133852438,1,0,0,0,0,0,0,0,0,0
133852656,1,0,0,0,0,1,0,0,0,0
133852873,1,1,0,0,0,0,0,0,0,0
133852928,1,0,0,1,1,1,1,0,0,1
133853026,1,0,0,0,0,0,0,0,0,0
133853222,1,0,1,1,1,1,0,0,0,0
133853282,1,1,0,0,0,1,0,0,0,0
133853283,1,0,0,0,0,0,0,0,0,0
133853404,1,1,0,0,0,1,0,0,0,0
133853420,1,0,0,1,1,1,0,0,0,1
133853452,1,1,0,0,1,1,0,0,0,0
133853494,1,0,0,0,0,0,0,0,0,0
133853601,1,1,0,0,0,1,0,1,0,0
133853604,0,0,0,0,0,0,0,0,0,0
133853681,1,0,0,0,0,1,0,0,0,0
133853787,1,0,0,0,0,0,0,0,0,0
133853855,1,0,0,0,0,1,0,1,0,0
133853912,1,0,0,0,0,0,0,0,0,1
133853934,1,0,1,1,1,1,0,0,0,0
133854049,1,0,0,0,0,0,0,0,0,0
133854054,1,0,0,0,0,0,0,0,0,1
133854160,1,0,0,0,0,0,0,0,0,0
133854516,1,0,0,0,0,0,0,0,0,0
133854532,1,0,0,0,0,1,0,0,0,0
133854633,1,1,0,0,0,0,0,0,0,0
133854693,0,0,0,0,0,0,0,0,0,0
133854784,0,0,0,0,0,0,0,0,0,0
133854918,1,1,0,0,0,0,0,0,0,0
133855035,1,0,0,0,0,0,0,0,0,0
133855052,1,0,0,0,0,0,0,0,1,1
133855140,1,0,0,0,0,0,0,0,1,1
133855218,1,1,0,0,0,0,0,0,0,0
133855224,1,1,0,1,1,1,0,0,0,0
133855293,1,0,0,0,0,0,0,0,0,0
133855330,1,0,0,0,0,0,0,0,0,0
133855532,1,0,0,0,0,1,0,0,0,1
133855767,1,1,1,1,1,1,0,0,1,1
133855796,1,1,1,1,1,0,0,0,0,0
133856039,1,0,0,1,1,1,0,0,0,0
133857101,1,1,0,0,0,0,0,0,0,0
133857321,1,0,0,0,0,0,0,0,0,0
133857338,1,1,0,1,0,1,0,0,0,0
133857539,1,0,0,0,0,0,0,0,0,0
133857559,1,0,0,0,0,0,0,0,0,0
133857817,1,0,0,0,0,1,0,0,0,0
133858010,1,0,0,0,0,1,0,0,0,0
133858276,1,1,0,0,0,0,0,0,0,0
133858428,1,0,0,0,1,0,0,0,0,0
133858589,1,1,0,0,0,0,0,0,0,0
133858845,1,0,0,0,0,0,0,0,0,0
133858950,1,0,0,0,0,1,0,0,0,0
133859018,1,0,0,0,1,0,0,0,1,0
133859043,1,0,0,1,0,1,0,0,0,0
133859089,0,0,0,0,0,0,0,0,0,0
133859444,1,0,0,0,0,0,0,0,0,0
133859518,0,0,0,0,0,0,0,0,0,0
133859746,1,1,0,0,0,0,0,0,0,0
133859999,1,0,0,0,0,0,0,0,0,0
133860432,0,0,0,0,0,0,0,0,0,0
133860618,1,0,0,0,0,0,0,0,0,0
133860765,1,0,0,0,0,0,0,0,0,0
133860774,1,0,0,0,0,0,0,0,0,0
133860896,0,0,0,0,0,0,0,0,0,0
133860955,1,0,0,0,0,0,0,0,0,0
133861070,1,0,0,0,0,0,0,0,0,0
133861090,1,0,0,0,0,0,0,0,0,0
133861114,1,1,1,0,1,1,0,0,0,0
133861166,1,1,1,1,1,0,0,0,0,0
133861213,1,0,0,1,1,0,0,0,0,0
133861483,1,0,1,1,1,0,1,1,1,1
133861690,1,0,0,0,0,1,0,0,0,0
133861860,1,1,0,0,0,0,0,0,0,0
133861932,1,0,0,0,0,0,0,0,0,0
133862035,1,0,0,0,0,0,0,0,0,0
133862507,1,0,0,0,1,0,0,0,0,0
133862511,1,1,0,0,0,1,0,1,1,1
133862557,1,0,0,0,0,1,0,0,0,0
133862611,1,0,0,0,0,1,0,0,1,0
133863176,1,0,0,1,1,1,0,1,0,0
133863246,1,0,0,0,0,0,0,0,0,1
133863642,0,0,0,0,0,0,0,0,0,0
133863645,1,0,0,0,0,0,0,0,1,0
133863694,1,0,0,0,0,0,0,0,0,0
133863761,1,0,0,0,0,0,0,0,0,0
133863772,1,1,0,0,0,0,0,0,0,0
133863945,0,0,0,0,0,0,0,0,0,0
133864403,1,0,0,0,0,0,0,0,0,0
133864410,1,0,0,0,0,1,0,0,0,0
133864449,1,0,0,0,0,0,0,0,0,0
133864898,1,1,1,1,1,1,0,1,0,1
133865180,1,1,0,1,1,0,0,0,0,0
133865621,1,1,0,0,0,1,0,1,0,0
133865705,0,0,0,0,0,0,0,0,0,0
133866148,0,0,0,0,0,0,0,0,0,0
133866262,0,0,0,0,0,0,0,0,0,0
133866280,1,0,0,0,0,1,0,0,0,0
133866360,0,1,0,0,0,0,0,0,0,0
133866639,1,1,0,0,1,1,0,1,1,0
133866750,1,0,0,1,1,0,0,1,0,1
133866809,1,1,1,1,1,1,0,0,0,0
133866886,1,1,1,1,1,1,0,1,1,0
133866893,1,1,0,0,0,0,0,0,0,0
133866931,1,1,0,1,1,1,0,1,1,0
133867074,1,1,0,1,1,0,0,1,0,1
133867104,1,1,1,1,1,1,0,1,0,0
133867129,1,1,0,0,0,0,0,0,0,0
133867157,1,0,0,1,1,0,0,1,0,1
133867188,1,0,0,1,1,0,0,1,0,1
133867247,1,0,0,0,0,0,0,0,0,0
133867323,1,0,0,1,1,0,0,1,0,1
133867444,0,0,0,0,0,0,0,0,0,0
133867461,1,1,0,1,1,1,0,0,0,0
133867563,1,1,0,1,1,1,0,0,1,1
133867633,1,0,0,1,1,0,1,1,1,1
133867651,1,1,0,1,1,0,0,0,0,0
133867786,1,0,0,0,0,1,0,0,0,0
133867860,1,0,0,0,0,1,0,0,0,0
133867958,1,1,0,0,0,0,0,0,0,0
133868006,1,0,0,0,0,0,0,0,0,0
133868050,1,1,0,1,1,1,0,0,1,1
133868117,1,0,0,0,0,0,0,0,0,0
133868136,1,0,0,0,0,1,0,0,0,0
133868207,1,0,0,0,0,1,0,0,0,0
133868234,1,0,0,1,1,0,0,0,1,1
133868246,1,0,0,0,0,0,0,1,1,1
133868428,1,1,0,1,1,1,0,0,1,1
133868786,1,0,1,0,0,0,0,0,0,0
133868807,1,0,0,0,0,0,0,0,0,0
133869151,1,0,0,0,0,0,0,0,0,0
133869163,1,0,0,1,1,1,0,1,0,1
133869244,1,0,0,0,0,0,0,0,0,0
133869363,1,0,1,0,0,0,0,0,0,0
133869513,1,0,0,0,0,0,0,0,0,0
133869532,1,1,0,1,1,1,0,0,0,0
133870119,0,0,0,0,0,0,0,0,0,0
133870224,1,1,0,0,0,0,0,0,0,0
133870275,1,0,0,0,0,0,0,0,0,0
133870447,1,0,0,0,0,1,0,0,1,0
133870525,1,0,0,0,0,0,0,0,0,0
133870546,1,0,0,1,1,0,0,0,0,0
133870682,1,1,0,0,0,0,0,0,0,0
133871013,1,0,0,0,0,0,0,0,0,0
133871466,1,0,0,1,1,0,0,0,0,0
133871537,1,0,0,0,0,0,0,1,0,0
133871682,1,0,0,0,1,0,0,0,0,0
133871720,1,1,0,0,0,1,0,0,1,0
133871886,1,0,0,0,0,0,0,0,0,0
133872709,1,0,0,0,0,0,0,0,0,0
133872716,1,1,1,1,1,1,0,0,0,1
133872810,1,0,0,0,0,0,0,0,0,0
133872923,1,0,0,1,1,1,0,0,0,1
133873049,1,1,0,1,1,0,0,0,0,0
133873105,0,0,0,0,0,0,0,0,0,0
133873527,1,1,1,0,0,1,0,0,0,0
133873741,1,0,0,0,0,0,0,0,0,0
133873890,1,0,0,0,0,0,0,0,0,0
133873914,1,0,0,1,1,1,0,0,0,0
133874124,1,0,0,0,0,0,0,0,0,0
133874370,1,1,1,0,0,0,0,0,0,0
133874559,1,1,0,1,1,0,0,0,0,0
133874785,1,0,0,0,0,0,0,0,0,0
133874863,1,1,0,1,1,1,0,1,0,0
133875400,1,0,0,1,1,1,0,1,0,0
133875403,1,0,1,1,1,1,0,0,0,0
133875451,0,0,0,0,0,0,0,0,0,0
133875694,0,0,0,0,0,0,0,0,0,0
133875760,1,0,0,0,0,0,0,0,0,0
133875917,1,1,1,1,1,0,0,0,0,0
133876013,1,0,0,1,1,1,0,1,0,0
133876097,1,1,0,0,0,0,0,0,0,0
133876139,1,0,0,1,1,1,0,0,0,0
133876144,1,0,0,0,0,0,0,0,0,0
133876174,1,0,0,0,0,0,0,0,0,0
133876538,1,0,0,0,0,0,0,0,0,0
133876574,1,0,0,0,0,0,0,0,0,0
133876905,1,0,0,0,0,0,0,0,0,0
133877011,1,0,0,0,0,0,0,0,0,0
133877056,1,1,1,0,0,0,0,1,0,0
133877094,1,0,0,0,0,0,0,0,0,1
133877181,1,0,0,0,0,1,0,0,0,1
133877183,1,0,0,0,0,1,0,0,0,1
133877240,1,0,0,0,0,0,0,0,0,0
133877355,0,0,0,0,0,0,0,0,0,0
133877431,1,0,0,0,0,0,0,0,0,1
133877449,1,0,0,0,0,1,0,0,0,0
133877517,1,1,0,0,0,0,0,0,0,0
133877859,1,0,0,1,1,1,0,0,0,0
133877972,1,0,0,1,1,1,0,0,0,1
133878054,1,1,0,1,1,0,0,0,0,0
133878090,1,0,0,1,1,1,0,0,0,1
133878227,1,0,0,1,1,1,0,0,0,1
133878308,1,0,0,1,1,1,0,0,0,1
133878345,1,0,0,0,0,0,0,0,0,1
133878550,1,0,0,0,0,0,0,0,0,0
133878591,1,0,0,0,0,0,0,0,0,0
133878628,1,1,1,1,1,0,1,1,0,1
133878869,1,0,0,0,0,0,0,0,0,0
133878972,0,0,0,0,0,0,0,0,0,0
133879098,1,0,0,0,0,0,0,0,0,0
133879110,1,1,0,0,0,0,0,0,0,0
133879112,0,0,0,0,0,1,0,0,0,0
133879157,1,1,0,0,0,0,0,0,0,1
133879456,0,0,0,0,0,0,0,0,0,0
133879738,1,1,0,0,0,1,0,0,0,0
133879771,1,0,0,1,1,0,1,0,1,1
133879899,1,0,0,0,0,0,0,0,0,0
133880158,1,1,1,0,0,0,0,0,0,0
133880263,1,1,0,0,0,1,0,0,0,0
133880352,1,0,0,0,1,1,0,1,1,0
133880702,1,0,0,1,1,1,0,0,0,0
133880749,0,0,0,0,0,0,0,0,0,0
133880885,1,0,0,0,0,0,0,0,0,0
133880979,1,1,0,0,0,1,0,1,0,0
133881717,1,0,1,1,1,0,1,0,1,1
133881967,1,0,0,0,0,1,0,0,0,0
133882011,1,1,0,1,1,0,0,0,1,0
133882048,1,1,0,0,0,1,0,0,0,0
133882170,1,0,0,0,0,0,0,0,0,0
133882191,0,0,0,0,0,0,0,0,0,0
133882314,1,1,0,0,0,0,0,0,0,0
133882884,1,1,0,1,0,1,0,0,0,0
133882930,1,0,0,0,0,0,0,0,1,0
133883082,1,0,0,0,0,0,0,0,0,0
133883121,0,0,0,0,0,0,0,0,0,0
133883201,1,1,1,1,1,1,0,0,0,0
133883249,1,0,0,1,1,1,0,0,0,0
133883395,1,1,0,0,0,0,0,0,0,0
133883878,1,1,0,1,1,1,0,0,0,0
133884064,1,0,0,0,0,0,0,0,0,0
133884233,1,1,0,0,0,0,0,0,0,0
133884236,1,0,1,0,0,0,0,0,1,0
133884493,1,1,0,1,1,1,0,0,0,0
133884561,1,0,0,0,0,0,0,0,0,0
133884644,1,1,0,0,0,0,0,0,0,0
133884815,1,1,0,1,1,1,0,0,0,0
133884904,1,0,0,0,0,0,0,0,0,1
133884915,1,1,0,0,0,0,0,0,0,0
133885000,1,1,0,0,0,1,0,0,0,0
133885024,1,0,0,0,0,0,0,1,1,1
133885058,1,0,0,0,0,1,0,0,0,0
133885070,1,0,0,0,0,0,0,0,0,0
133885108,1,0,0,0,0,0,0,0,0,0
133885171,1,0,0,0,0,1,0,0,0,0
133885222,1,0,0,0,0,0,0,0,0,0
133885240,1,0,1,0,0,1,0,0,0,1
133885296,1,0,0,0,0,0,0,1,1,0
133885355,1,1,0,1,1,1,1,0,0,0
133885420,1,0,0,0,0,0,0,0,0,0
133885550,1,0,0,0,0,0,0,0,0,0
133885590,1,1,0,1,1,1,1,0,0,0
133885646,1,1,0,0,1,1,0,0,0,0
133885681,1,0,0,1,1,0,0,0,0,0
133886251,0,0,0,0,0,0,0,0,0,0
133886342,0,0,0,0,0,0,0,0,0,0
133886616,1,0,0,1,1,0,0,1,1,1
133886627,0,0,0,0,0,0,0,0,0,0
133886742,1,1,1,1,1,1,0,0,0,0
133886745,1,0,0,1,0,0,1,0,0,0
133886929,1,1,0,0,1,0,0,0,0,0
133886942,1,1,0,0,0,0,0,0,0,0
133887161,1,1,0,1,0,1,0,0,0,0
133887567,1,1,0,0,0,0,0,0,0,1
133887589,1,0,0,0,0,0,0,1,1,1
133887769,1,0,0,0,0,0,0,0,0,1
133887775,1,0,1,0,0,1,0,0,0,0
133887859,1,0,0,0,0,0,0,0,0,0
133887927,1,1,0,0,0,0,0,0,0,0
133888134,1,0,0,1,1,0,0,0,1,1
133888339,1,0,0,0,0,0,0,0,0,0
133888559,1,0,0,0,0,0,0,0,0,0
133888580,1,0,0,0,0,0,0,0,0,0
133888671,1,1,0,0,1,0,0,0,0,0
133888673,1,0,0,0,0,0,0,0,0,0
133888752,1,0,1,1,1,0,1,0,1,1
133888768,1,0,0,1,0,1,0,0,0,0
133889340,1,0,1,0,0,0,0,0,0,0
133889357,1,1,0,0,0,1,0,0,1,0
133889496,1,1,0,0,0,1,0,1,0,0
133889627,1,0,0,1,0,1,0,0,0,0
133890328,1,0,0,0,1,1,0,0,1,1
133890385,1,1,0,0,0,1,0,0,0,0
133890497,1,0,0,1,1,1,0,0,0,0
133890532,1,1,1,1,1,1,0,0,0,1
133890626,1,1,0,0,0,1,0,1,0,0
133890639,1,0,0,1,1,0,1,0,0,1
133890706,1,1,0,0,0,0,0,0,0,0
133890879,1,0,0,1,1,1,0,0,0,0
133890925,1,1,0,0,0,0,0,1,0,0
133890978,1,0,0,0,0,0,0,0,0,0
133891020,0,0,0,0,0,0,0,0,0,0
133891488,1,0,0,0,0,1,0,0,0,0
133891759,0,0,0,0,0,0,0,0,0,0
133891798,1,0,0,0,0,0,0,0,0,0
133891890,1,0,0,0,1,1,0,0,0,0
133891927,1,0,1,1,1,1,0,1,0,0
133891965,1,0,0,0,1,1,0,0,0,0
133891987,1,0,0,1,1,1,0,0,0,0
133892158,1,0,0,1,1,1,0,0,0,0
133892179,1,0,0,1,1,1,0,0,0,1
133892250,1,0,0,0,0,0,0,0,0,0
133892420,1,0,0,0,0,1,0,0,0,0
133892438,0,0,0,0,0,0,0,0,0,0
133892529,1,1,0,0,0,1,0,0,0,1
133892814,1,0,0,0,0,1,0,0,0,0
133893041,1,0,1,1,1,1,0,0,0,0
133893355,0,0,0,0,0,0,0,0,0,0
133893524,1,1,0,1,1,0,0,0,0,0
133893594,1,1,0,1,1,1,0,0,0,0
133893727,1,0,1,0,0,0,0,0,0,0
133893824,1,1,0,0,0,0,0,0,0,0
133893851,1,0,0,0,1,1,0,0,0,0
133893956,1,1,0,0,0,1,0,0,0,0
133894067,1,0,0,0,0,0,0,0,0,0
133894084,1,0,0,0,0,0,0,0,0,0
133894130,1,0,0,0,0,1,0,0,0,0
133894378,1,1,0,0,0,0,0,0,0,0
133894496,1,1,0,0,1,0,0,0,0,0
133894956,1,0,0,1,1,1,0,0,0,0
133895023,1,1,1,1,1,1,0,0,0,0
133895252,1,0,0,1,1,1,0,1,0,1
133895326,1,0,1,1,1,1,0,0,0,0
133895350,1,1,1,1,1,0,0,0,0,1
133895372,0,0,0,0,0,0,0,0,0,0
133895696,1,0,0,1,1,0,0,0,0,0
133896019,1,1,0,1,1,1,0,0,0,0
133896168,0,0,0,0,0,0,0,0,0,0
133896327,1,0,0,0,0,0,0,0,0,0
133896375,0,0,0,0,0,0,0,0,0,0
133896541,1,1,0,1,1,0,0,0,0,0
133896613,1,1,0,0,0,0,0,0,0,0
133896715,1,0,0,0,0,0,0,0,0,0
133896920,1,0,0,0,0,0,0,0,0,0
133896979,1,1,0,0,0,0,0,0,0,0
133897373,1,1,0,1,0,0,0,1,0,0
133897494,1,1,1,0,0,1,0,0,0,0
133897612,1,0,0,0,0,1,0,0,0,0
133897705,0,0,0,0,0,0,0,0,0,0
133897751,0,0,0,0,0,0,0,0,0,0
133897766,1,0,0,0,0,0,0,0,1,0
133897812,1,0,0,0,0,0,0,0,0,0
133897840,1,0,0,1,1,0,1,0,0,0
133897915,1,0,0,0,0,1,0,0,0,0
133897924,1,1,0,0,0,1,0,0,0,0
133898099,1,0,0,1,1,1,0,0,0,0
133898145,1,0,0,0,0,0,0,0,0,0
133898364,0,0,0,0,0,0,0,0,0,0
133898608,1,1,0,0,0,1,0,0,0,0
133898989,1,0,1,0,0,1,0,1,1,1
133899002,1,0,0,0,0,0,0,0,0,0
133899115,1,1,0,0,1,1,0,1,0,1
133899246,1,0,1,0,0,0,0,0,0,0
133899453,1,1,0,1,1,1,0,1,0,0
133899862,1,0,1,1,1,0,0,0,0,0
133900123,1,0,1,0,0,0,0,0,0,0
133900127,1,1,0,0,0,0,0,0,0,0
133900253,1,0,0,0,0,0,0,1,1,1
133900302,0,0,0,0,0,0,0,0,0,0
133900354,1,0,0,0,0,1,0,0,0,0
133900436,1,1,0,0,0,1,0,1,1,0
133900505,0,0,0,0,0,0,0,0,0,1
133900548,1,0,0,0,0,0,0,0,0,0
133900574,1,0,1,1,0,0,0,1,1,1
133900577,1,1,0,0,0,0,0,0,0,0
133900634,1,0,0,0,0,0,0,0,0,0
133900718,1,0,0,0,0,0,0,0,0,0
133900727,1,0,0,0,0,1,0,0,0,0
133900761,0,0,0,0,0,0,0,0,0,0
133901170,1,1,0,0,0,1,0,1,0,0
133901417,1,0,1,0,0,0,0,0,0,0
133901423,1,0,0,0,0,0,0,1,0,0
133901439,1,0,0,0,0,0,0,0,0,0
133901582,1,0,0,0,0,1,0,0,0,0
133901637,1,0,0,0,0,0,0,0,0,1
133901870,1,0,0,0,0,1,0,0,0,0
133901904,1,1,0,1,1,1,0,0,1,0
133902081,0,0,0,0,0,0,0,0,0,0
133902082,0,1,0,0,0,0,0,0,0,0
133902084,1,1,0,0,0,0,0,1,0,0
133902085,1,0,0,1,1,1,0,1,0,0
133902174,1,0,0,0,0,0,0,0,1,1
133902408,1,1,0,0,0,1,0,0,0,0
133902579,1,0,0,0,0,1,0,0,0,0
133902778,1,0,0,0,0,1,0,0,0,0
133902807,1,0,0,0,0,0,0,0,0,0
133902935,1,1,0,0,0,0,0,0,0,0
133903261,1,0,0,0,0,0,0,0,0,0
133903409,1,0,0,0,0,0,0,0,0,0
133903420,1,0,0,0,0,0,0,0,0,0
133903439,1,1,0,1,0,0,0,0,0,0
133903659,1,0,0,0,0,1,1,1,0,0
133903841,1,1,0,0,0,0,0,0,0,0
133903945,1,1,1,1,1,1,0,0,0,0
133903970,1,0,0,0,0,0,0,0,0,0
133904073,1,1,0,0,0,0,0,1,0,0
133904113,1,0,0,0,0,0,0,0,0,0
133904474,1,0,0,0,0,0,0,0,0,0
133904558,1,0,0,0,0,0,0,0,0,0
133904564,1,1,0,0,0,0,0,0,0,0
133904762,1,0,0,0,0,0,0,0,0,0
133904787,1,1,0,0,0,1,0,0,0,0
133904809,1,0,0,1,1,0,0,0,0,1
133904812,1,0,1,0,0,0,0,0,0,0
133904997,1,0,1,0,0,0,0,1,0,0
133905161,1,1,0,0,0,0,0,0,0,0
133905174,1,1,1,1,1,1,1,0,0,0
133905472,1,1,1,1,1,1,1,0,1,1
133905530,1,0,1,1,1,0,1,0,1,1
133905689,1,0,0,0,0,0,0,0,0,0
133905790,1,1,1,0,0,0,0,0,0,0
133905868,1,0,0,0,0,0,0,0,0,0
133905881,1,1,0,1,1,1,0,1,0,0
133906259,0,0,0,0,0,0,0,0,0,0
133906547,1,0,1,0,0,0,0,0,0,0
133906622,1,0,0,1,1,0,0,0,0,0
133906686,1,1,0,0,0,0,0,0,0,0
133906769,1,0,0,0,0,0,0,0,0,0
133906804,1,0,0,0,0,0,0,1,0,0
133906932,0,0,0,0,0,0,0,0,0,0
133906955,1,0,0,0,0,0,0,0,0,0
133907216,1,0,0,0,0,0,0,0,0,0
133907324,1,0,0,1,0,0,0,0,0,0
133907428,1,1,0,0,0,0,0,0,0,0
133907436,1,0,0,0,0,1,0,0,1,0
133907502,1,0,0,1,0,1,0,0,0,0
133907740,1,0,0,1,1,1,1,1,0,0
133907747,0,0,0,0,0,0,0,0,0,0
133907822,1,0,0,0,0,0,0,0,0,0
133907836,1,0,0,0,0,0,0,0,0,0
133907970,1,0,0,0,0,1,0,0,0,1
133908352,1,1,0,0,0,1,0,1,0,0
133908861,1,1,0,0,0,0,0,1,0,0
133908925,1,0,0,0,0,0,0,0,0,0
133908979,1,1,0,0,0,0,0,1,0,0
133909000,1,1,0,1,1,1,0,1,0,1
133909466,1,0,0,0,0,1,0,0,0,0
133909478,1,0,0,0,0,1,0,0,0,0
133909664,1,1,0,0,0,0,0,0,0,0
133910198,1,0,0,0,0,0,0,0,0,0
133910201,1,0,0,1,1,1,0,0,0,0
133910313,1,0,0,0,0,1,0,0,1,0
133910396,1,0,0,0,0,0,0,0,0,0
133910599,1,0,0,1,1,0,0,1,0,0
133910640,1,0,0,0,0,0,0,0,0,0
133910787,1,0,0,0,0,0,0,0,0,0
133910862,1,0,0,0,0,0,0,0,0,0
133910904,1,1,0,1,1,1,0,1,0,1
133911062,1,0,0,0,0,0,0,0,0,0
133911352,1,0,0,0,0,0,0,0,0,0
133911464,1,1,0,0,0,0,0,0,0,0
133911596,1,0,0,0,0,0,0,1,1,1
133911754,1,0,0,0,0,0,0,0,0,0
133911993,1,0,0,1,1,1,0,0,0,0
133912102,1,0,0,0,0,1,0,0,0,0
133912147,1,1,0,0,0,1,0,0,0,0
133912358,1,0,0,0,0,1,0,0,0,0
133912482,1,0,0,0,0,0,0,1,0,0
133912575,1,0,0,0,0,1,0,0,0,0
133912593,1,0,0,0,0,1,0,1,0,0
133912607,0,0,0,0,0,0,0,0,0,0
133912608,1,0,0,0,0,0,0,0,0,0
133912640,1,0,0,1,1,1,0,1,0,0
133912722,0,0,0,0,0,0,0,0,0,0
133912787,0,0,0,0,0,0,0,0,0,0
133912863,1,0,0,0,0,0,0,0,0,0
133912947,1,0,0,0,0,0,0,0,0,0
133912969,1,1,1,0,0,0,0,0,1,1
133913050,1,0,1,1,1,0,1,1,1,1
133913058,1,0,0,0,0,0,0,0,0,0
133913124,0,0,0,0,0,0,0,0,0,0
133913168,1,1,0,0,0,0,0,0,0,0
133913187,1,1,1,0,0,0,0,0,0,0
133913492,1,0,0,0,0,0,0,0,0,0
133913535,1,0,0,0,0,0,0,0,0,0
133913572,0,0,0,0,0,0,0,0,0,0
133913613,1,0,0,0,0,0,0,0,0,0
133913736,1,1,0,0,0,1,0,0,0,0
133913760,1,1,0,1,0,0,0,0,0,0
133913899,1,0,0,0,0,0,0,1,1,1
133913997,1,1,0,0,0,0,0,1,0,0
133914141,1,0,0,0,0,0,0,0,0,0
133914165,1,1,1,1,1,1,0,0,0,0
133914291,1,0,0,0,0,0,0,0,0,0
133914399,1,0,0,0,0,1,0,0,0,0
133914426,1,0,0,1,1,1,0,1,0,0
133914607,1,0,0,0,0,1,0,0,0,0
133914638,1,0,0,1,1,1,0,1,0,0
133914668,1,0,0,0,0,1,0,0,0,0
133914698,1,0,0,0,0,0,0,0,0,0
133914729,1,0,0,0,0,0,0,0,0,0
133914756,1,0,1,0,0,1,0,1,0,0
133914833,1,0,0,0,0,1,0,0,0,0
133914850,1,0,0,0,0,0,0,0,0,0
133914883,1,0,0,0,0,0,0,0,0,0
133914931,1,0,0,1,1,1,0,0,1,0
133915084,1,0,0,1,1,1,0,0,1,0
133915088,1,0,0,0,0,0,0,0,0,0
133915090,1,1,0,0,0,0,0,0,0,0
133915338,1,0,0,0,0,1,0,0,0,1
133915382,1,0,0,0,0,1,0,0,0,1
133915477,1,0,0,0,0,0,0,0,0,0
133915632,1,0,0,0,0,0,0,0,0,0
133915682,1,0,0,0,0,0,0,0,0,0
133915714,0,0,0,0,0,0,0,0,0,0
133915748,1,0,0,0,0,0,0,0,0,0
133915801,1,0,0,0,0,0,0,0,0,0
133915944,1,0,0,0,0,0,0,0,0,0
133915953,1,0,0,0,0,0,0,0,0,0
133916302,1,0,1,1,1,1,0,1,1,0
133916352,1,0,0,0,1,1,0,0,0,0
133916435,1,1,1,0,0,0,0,0,1,0
133916553,1,0,0,0,0,1,0,0,0,0
133916868,1,1,1,1,1,0,1,0,1,1
133916876,1,1,0,0,0,0,0,0,1,1
133917041,1,0,1,0,0,1,0,0,1,0
133917393,1,1,0,0,1,1,0,0,0,0
133917596,1,1,0,0,0,0,0,0,0,0
133917628,0,0,0,0,0,0,0,0,0,0
133917665,1,0,0,0,0,0,0,0,0,0
133917690,1,1,0,0,1,0,0,0,1,1
133917723,1,0,0,0,0,0,0,0,0,0
133917772,1,0,0,0,0,0,0,0,0,0
133917804,1,0,1,0,0,0,0,0,0,0
133917988,1,0,0,0,0,0,0,0,0,0
133918005,1,0,0,0,0,0,0,0,0,0
133918131,1,0,0,0,0,0,0,0,0,0
133918297,1,0,0,0,0,0,0,0,1,0
133918418,1,1,0,1,1,1,0,0,0,0
133918505,1,1,1,0,0,1,0,0,0,0
133918527,1,0,0,0,0,1,0,0,0,0
133918676,1,1,1,0,0,1,0,0,0,0
133918762,1,1,1,1,1,1,1,1,0,0
133919229,1,1,0,0,0,0,0,0,0,0
133919250,1,0,0,1,1,0,0,0,0,0
133919319,1,1,0,0,0,0,0,0,0,0
133919340,1,0,0,1,1,1,0,0,0,0
133919395,1,0,0,0,0,0,0,1,0,0
133919426,0,0,0,0,0,0,0,0,0,0
133919461,1,0,1,0,0,0,0,0,0,0
133919500,1,1,0,0,0,1,0,0,1,0
133919555,0,0,0,0,0,0,0,0,0,0
133919633,1,0,0,0,0,1,0,0,0,0
133919665,1,0,0,0,0,0,0,0,0,0
133919686,1,1,1,1,1,0,0,0,0,0
133920092,1,0,0,0,0,1,0,0,0,0
133920104,1,0,0,0,0,0,0,0,0,0
133920114,1,0,0,0,0,0,0,0,0,0
133920213,1,0,0,1,1,1,1,1,0,1
133920241,1,0,0,0,0,0,0,0,0,0
133920336,1,1,0,0,0,0,0,0,0,0
133920348,1,0,0,0,0,1,0,0,0,0
133920410,1,0,0,1,1,1,0,0,0,1
133920427,1,0,0,0,0,0,1,0,0,0
133920483,1,0,1,1,1,1,1,1,0,0
133920527,0,0,0,0,0,0,0,0,0,0
133920578,1,0,0,1,1,1,0,1,0,0
133920606,1,1,0,1,1,1,0,1,0,0
133921044,1,0,1,0,0,1,0,0,0,0
133921093,1,1,0,0,0,0,0,0,0,0
133921206,0,0,0,0,0,0,0,0,0,0
133921273,1,0,0,0,0,0,0,0,0,0
133921312,1,1,1,0,0,0,0,0,0,0
133921336,1,0,0,0,0,0,0,0,0,0
133921501,1,0,0,0,1,1,0,0,0,0
133921741,1,0,0,0,0,0,0,0,0,0
133922199,1,1,0,0,1,1,0,0,0,0
133922266,1,0,0,0,0,1,0,0,0,0
133922317,1,0,0,1,1,1,0,1,1,1
133922348,1,0,1,1,0,0,0,0,0,0
133922364,1,0,0,0,0,0,0,0,0,0
133922417,1,1,0,1,1,0,0,0,0,0
133922555,1,0,0,1,1,1,0,0,0,0
133922728,1,0,0,0,1,0,0,0,0,0
133922930,1,0,0,1,1,0,0,0,0,0
133923174,1,0,1,1,0,1,0,0,0,0
133923175,1,1,0,1,1,1,0,1,0,1
133923236,1,1,0,0,0,0,0,0,0,0
133923276,1,0,1,1,1,0,1,0,1,0
133923982,1,0,0,1,1,0,0,0,0,0
133924039,1,0,0,0,0,0,0,0,0,0
133924080,1,1,0,0,0,1,0,0,0,0
133924120,1,0,0,0,0,0,0,0,0,0
133924130,1,1,0,0,0,0,0,0,0,0
133924282,1,0,0,0,0,0,0,0,0,0
133924738,1,0,0,0,0,0,0,0,1,0
133925036,1,1,0,0,0,0,0,0,0,0
133925083,1,0,0,0,0,0,0,0,0,0
133925092,1,0,0,0,0,0,0,0,0,0
133925178,1,0,0,0,0,0,0,0,0,0
133925222,1,0,0,0,0,0,0,0,0,0
133925264,1,0,0,0,0,0,0,0,0,0
133925290,1,0,0,0,0,1,0,1,1,1
133925422,1,1,0,0,0,0,0,0,0,0
133925744,1,0,1,1,1,1,0,0,0,0
133925799,1,0,0,0,0,1,0,0,0,0
133925804,0,0,0,0,0,0,0,0,0,0
133925889,1,0,0,0,0,0,0,0,0,0
133925985,1,0,0,0,1,1,0,0,0,0
133926248,1,0,0,0,0,0,0,0,0,0
133926361,1,0,0,0,0,0,0,0,0,0
133926466,1,1,0,0,0,1,0,1,0,1
133926483,1,1,0,0,0,1,0,1,0,1
133926690,1,0,0,0,0,0,0,0,0,0
133926898,1,1,0,1,1,1,0,1,1,0
133926983,1,0,0,0,0,0,0,0,0,0
133927141,1,0,0,0,0,0,0,0,0,0
133927152,1,0,0,0,0,1,0,0,0,0
133927227,1,0,0,1,1,1,0,0,0,0
133927293,0,0,0,0,0,0,0,0,0,0
133927579,1,1,0,1,1,0,0,0,0,0
133927720,1,1,0,1,0,1,0,1,0,0
133927834,1,1,1,1,1,0,1,0,1,1
133927884,1,1,0,0,0,1,0,0,0,0
133927984,1,1,1,0,0,0,0,0,0,0
133928139,1,1,0,0,0,0,0,1,0,0
133928198,1,0,0,0,0,0,0,0,0,0
133928212,1,0,0,0,0,0,0,0,0,0
133928223,1,1,0,0,0,0,0,0,0,0
133928228,1,0,0,1,1,0,0,0,0,0
133928412,1,1,0,0,0,0,0,0,0,0
133928594,1,0,0,0,0,1,0,0,0,0
133928685,0,0,0,0,0,0,0,0,0,0
133929228,1,0,0,0,0,0,0,0,0,0
133929345,1,0,0,0,0,1,0,1,0,0
133929825,1,1,0,1,1,0,0,0,0,0
133929900,1,0,0,1,1,0,0,0,0,0
133930126,0,0,0,0,0,0,0,0,0,0
133930709,1,0,0,0,0,0,0,0,0,0
133930734,1,0,0,0,0,0,0,0,0,0
133930792,1,1,0,0,0,0,0,0,0,0
133931017,1,0,0,1,1,1,0,0,0,0
133931041,1,0,0,1,1,0,0,0,0,1
133931381,1,1,0,1,1,0,0,1,0,0
133931399,0,0,0,0,0,0,0,0,0,0
133931406,1,0,0,0,0,0,0,1,1,1
133931733,1,1,0,0,0,0,0,0,0,0
133931751,1,0,0,0,0,0,0,0,0,0
133931789,0,0,0,0,0,0,0,0,0,0
133931894,1,0,0,0,0,0,0,0,0,0
133931935,1,0,0,0,0,1,0,1,0,0
133931943,1,1,0,1,1,0,0,0,0,0
133931944,0,0,0,0,0,0,0,0,0,0
133931988,0,0,0,0,0,0,0,0,0,0
133932049,1,0,0,0,0,0,0,0,1,0
133932340,1,0,0,0,0,0,0,0,0,0
133932447,1,0,0,0,0,0,0,0,0,0
133932620,1,1,0,0,0,0,0,0,0,1
133932683,1,0,0,0,0,0,0,0,0,0
133932937,1,1,0,1,1,1,0,0,0,0
133932982,1,0,0,0,1,1,0,0,0,0
133933085,1,0,0,1,1,1,0,0,0,0
133933175,1,0,0,1,1,1,0,0,1,0
133933238,1,0,0,0,0,0,0,0,0,0
133933347,1,0,1,0,0,1,0,0,0,1
133933403,1,0,0,0,0,1,0,0,0,0
133933458,1,1,1,0,0,1,0,0,0,0
133933676,1,1,0,0,0,0,0,0,0,0
133933728,1,1,1,0,1,1,0,0,0,1
133933757,1,0,0,0,0,0,0,0,0,0
133933921,1,1,1,0,1,1,0,0,0,1
133934254,1,0,0,1,1,0,0,0,0,0
133934284,1,0,1,1,1,1,0,0,0,0
133934295,1,1,0,0,0,0,0,0,0,0
133934360,1,1,1,0,0,0,0,0,0,1
133934432,1,1,1,0,0,0,0,1,0,0
133934464,1,0,0,1,1,1,0,1,0,0
133934473,0,0,0,0,0,0,0,0,0,0
133934489,1,0,0,0,0,0,0,0,1,1
133934581,1,0,0,0,1,1,0,0,0,0
133934724,1,0,0,0,0,0,0,0,0,0
133934822,1,0,0,0,0,0,0,0,0,0
133934990,1,0,1,1,1,0,1,0,1,1
133935006,1,0,0,0,0,0,0,0,0,0
133935043,1,0,0,1,1,0,0,0,0,0
133935170,1,0,0,0,0,0,0,0,0,0
133935216,1,0,1,1,1,1,0,0,0,0
133935290,1,1,0,0,0,1,0,0,0,0
133935381,1,0,1,1,1,0,1,0,1,1
133935569,1,1,1,1,1,1,0,0,0,0
133935923,0,0,0,0,0,0,0,0,0,0
133936130,1,1,0,1,1,1,0,0,0,0
133936279,1,0,0,0,0,0,0,0,0,0
133936656,1,0,0,0,0,0,0,0,0,0
133936807,1,0,0,0,0,0,0,0,0,0
133936903,0,0,0,0,0,0,0,0,0,0
133936950,1,1,1,1,1,0,1,0,1,1
133937009,1,0,0,0,0,0,0,0,0,0
133937031,1,0,0,1,1,0,1,0,1,0
133937564,1,0,0,0,0,0,0,1,1,1
133937691,1,0,0,1,1,0,0,0,1,1
133937778,1,0,0,0,0,0,0,0,0,0
133937828,1,1,0,0,0,1,0,0,0,0
133937895,1,0,0,0,0,0,0,0,0,0
133938032,1,0,0,0,1,1,0,0,0,0
133938125,1,0,0,0,0,0,0,0,0,0
133938405,1,0,1,0,0,1,0,0,0,0
133938650,1,0,1,0,0,0,0,0,0,0
133938686,1,0,0,1,1,1,0,1,1,1
133939536,1,0,0,0,0,1,0,0,0,0
133939538,1,0,0,1,1,1,0,1,1,1
133939797,1,0,0,0,0,0,0,0,0,0
133939830,1,0,0,0,0,0,0,0,0,0
133939966,0,0,0,0,0,0,0,0,0,0
133939994,1,0,0,0,0,0,0,0,0,0
133940111,1,0,0,0,0,1,0,0,1,0
133940134,1,0,1,0,0,1,0,0,0,0
133940192,1,1,0,0,1,1,1,1,1,0
133940237,1,0,0,0,0,0,0,0,1,1
133940286,1,1,0,0,0,0,0,0,1,1
133940546,0,0,0,0,0,0,0,0,0,0
133940623,1,1,1,0,0,1,0,0,0,0
133940860,1,0,0,0,0,0,0,0,0,0
133941226,1,0,0,0,0,0,0,0,0,0
133941273,1,0,0,0,0,0,0,0,1,0
133941275,1,1,1,0,0,0,0,0,0,0
133941294,1,1,0,0,0,0,0,0,0,0
133941470,1,0,1,0,0,0,0,0,0,1
133941549,1,0,0,0,0,0,0,0,0,0
133941639,1,0,0,1,1,1,0,1,1,0
133941728,1,0,0,0,0,0,0,0,0,0
133941943,1,1,0,0,0,0,0,0,0,0
133941972,1,1,0,1,1,1,0,0,0,0
133942400,1,1,0,0,0,0,0,0,0,0
133942420,1,0,0,0,0,1,0,0,0,0
133942752,0,0,0,0,0,0,0,0,0,0
133942829,1,0,0,1,1,0,0,0,0,0
133942937,1,0,0,0,0,0,0,0,0,0
133943042,1,0,0,0,0,0,0,0,0,0
133943104,1,1,0,1,1,1,0,0,0,0
133943143,1,0,0,0,0,0,0,1,0,0
133943195,1,1,0,0,0,0,0,0,0,0
133943247,1,0,0,0,0,0,0,0,0,0
133943272,1,0,0,0,0,0,0,0,0,1
133943542,0,0,0,0,0,0,0,0,0,0
133943569,1,0,0,0,0,1,0,0,0,0
133943791,1,1,1,0,0,1,0,1,0,0
133943962,1,0,0,0,0,1,0,0,0,0
133944232,1,0,0,1,0,0,0,0,1,0
133944302,1,0,0,0,0,0,0,0,0,0
133944424,1,1,0,0,0,1,0,0,0,0
133944479,1,1,0,0,0,1,0,0,0,0
133944871,1,0,0,0,0,0,0,0,0,0
133944997,0,0,0,0,0,0,0,0,0,0
133945304,1,0,0,0,0,0,0,0,0,0
133945522,1,0,0,0,0,0,0,0,1,0
133945775,1,0,0,1,1,1,0,1,0,0
133945889,1,0,0,0,0,0,0,0,0,0
133946007,1,0,0,0,0,0,0,0,0,0
133946102,1,1,0,0,0,0,0,0,0,0
133946154,1,0,1,0,0,1,0,1,0,0
133946415,1,1,0,0,0,0,0,0,0,0
133946627,1,0,0,0,0,0,0,1,1,1
133946845,1,0,0,0,0,0,0,0,0,0
133947581,1,0,0,0,0,0,0,0,0,0
133947681,1,0,0,0,0,1,0,1,0,0
133947724,1,0,0,0,0,0,0,0,0,0
133947804,1,0,0,1,1,0,0,0,0,0
133948206,1,1,0,0,0,1,0,1,0,0
133948563,1,1,0,0,0,0,0,0,0,0
133948831,0,0,0,0,0,0,0,0,0,0
133949003,1,0,1,1,1,1,0,0,1,0
133949334,1,0,0,1,1,0,0,0,0,0
133949432,1,0,0,0,0,0,0,0,0,0
133949897,1,0,0,0,0,0,0,0,0,0
133949978,1,0,0,0,0,1,0,0,0,1
133950186,1,0,0,1,1,0,1,0,0,0
133950210,1,0,0,1,1,0,1,0,0,0
133950231,1,0,0,1,1,0,1,0,0,0
133950251,1,0,0,1,1,0,1,0,0,0
133950270,1,0,0,1,1,0,1,0,0,0
133950316,1,0,0,1,1,0,1,0,0,0
133950323,1,0,0,0,0,0,0,0,0,0
133950326,1,0,0,1,1,0,1,0,0,0
133950350,1,0,0,1,1,0,1,0,0,0
133950368,1,0,0,1,1,0,1,0,0,0
133950386,1,0,0,1,1,0,1,0,0,0
133950393,1,0,0,1,1,0,1,0,0,0
133950401,1,0,0,1,1,0,1,0,0,0
133950413,1,0,0,1,1,0,1,0,0,0
133950424,1,0,0,1,1,0,1,0,0,0
133950499,1,0,0,0,0,0,0,0,0,0
133950610,1,0,0,0,0,0,0,0,0,0
133950792,1,1,0,1,0,1,0,0,0,0
133950859,1,0,0,1,1,0,0,0,0,0
133950989,1,0,0,1,1,0,1,0,1,1
133951001,1,1,0,1,1,0,1,0,1,1
133951049,1,0,0,0,0,1,0,0,0,0
133951350,0,0,0,0,0,0,0,0,0,0
133951425,1,1,1,0,0,0,0,0,0,0
133951432,1,0,0,0,0,0,0,0,0,0
133951459,1,1,0,0,0,0,0,0,0,0
133951466,1,0,0,0,0,0,0,0,0,0
133951574,1,1,1,0,1,1,0,1,0,1
133951579,1,1,0,1,1,1,0,0,0,1
133951649,1,0,0,0,0,0,0,1,1,1
133951800,1,1,0,0,0,0,0,0,0,0
133951909,1,0,0,1,0,1,0,0,0,0
133951944,1,0,0,0,0,0,0,1,1,0
133952019,1,1,0,0,0,1,0,0,0,0
133952216,1,0,0,0,1,1,0,0,0,0
133952384,1,0,0,1,0,0,0,0,0,0
133952454,1,1,0,0,0,0,0,0,0,0
133952518,1,0,0,1,0,0,0,0,0,0
133952549,1,0,0,1,1,1,0,0,0,0
133952854,1,0,0,1,1,0,1,0,0,1
133952876,1,0,0,0,0,1,0,0,0,1
133952899,1,0,0,0,0,0,0,0,0,0
133952945,1,1,0,1,1,1,0,0,0,0
133953156,1,0,1,1,1,0,1,0,1,1
133953201,1,1,0,0,0,0,0,0,0,0
133953454,0,0,0,0,0,1,0,0,0,0
133953529,1,0,0,0,0,0,0,0,1,0
133953530,1,1,0,0,0,0,0,0,0,0
133953550,1,1,0,0,0,1,0,1,0,0
133953567,1,1,0,0,0,1,0,0,1,0
133953589,1,0,0,0,0,0,0,0,0,0
133953720,0,0,0,0,0,1,0,0,0,0
133953819,1,1,0,0,0,0,0,1,0,0
133953892,1,1,0,0,0,1,0,0,0,0
133953908,1,0,0,0,0,1,0,0,0,0
133954196,1,0,0,0,0,0,0,0,0,0
133954254,0,0,0,0,0,0,0,0,0,0
133954314,1,0,0,1,1,0,0,0,0,0
133954734,1,0,0,0,0,0,0,0,0,0
133954762,1,0,0,0,0,0,0,0,0,0
133954771,1,0,0,0,0,1,0,0,0,0
133954782,1,0,0,0,0,0,0,0,0,0
133954913,0,0,0,0,0,0,0,0,0,0
133954935,1,0,0,0,0,0,0,0,0,0
133955054,1,1,0,0,0,0,0,0,0,0
133955095,1,0,0,0,0,0,0,0,0,0
133955113,1,0,0,0,0,0,0,1,1,1
133955115,1,0,0,0,0,0,0,0,0,0
133955180,1,1,0,1,1,0,0,0,0,0
133955203,1,0,0,0,0,1,0,0,0,0
133955388,1,0,0,0,0,0,0,0,0,0
133955390,1,1,0,0,0,0,0,0,0,0
133955630,1,1,0,1,1,1,0,1,0,1
133955709,1,0,0,0,0,0,0,1,1,1
133955735,1,0,0,0,0,1,0,0,0,0
133955808,0,0,0,0,0,1,0,0,0,0
133955866,1,0,0,1,1,0,1,0,0,1
133955891,1,0,0,0,0,0,0,0,0,0
133955957,1,0,0,0,0,0,0,1,1,1
133956115,1,0,0,0,0,1,0,0,0,0
133956136,1,0,0,0,0,1,0,0,0,1
133956196,1,0,0,0,0,1,0,0,0,1
133956239,1,0,0,0,0,0,0,0,0,0
133956255,1,0,1,0,1,0,0,0,0,0
133956265,0,0,0,0,0,0,0,0,0,0
133956280,1,0,0,0,0,0,0,0,0,0
133956339,1,0,0,0,0,0,0,0,0,0
133956352,1,1,0,1,1,0,0,0,0,0
133956420,1,0,0,0,0,1,0,0,0,0
133956516,1,0,0,0,0,0,0,1,1,0
133956584,1,0,0,0,0,0,0,0,0,1
133956602,1,1,0,1,1,1,0,1,1,0
133956631,1,0,1,0,1,1,0,1,1,0
133956773,1,0,0,1,1,1,0,0,0,0
133956797,1,1,0,1,1,1,0,1,0,1
133956894,1,0,0,0,0,0,0,0,0,1
133956898,1,1,0,0,1,1,0,0,1,0
133956917,1,1,0,1,0,1,0,0,1,0
133956921,1,0,0,0,0,0,0,0,0,0
133956974,1,0,1,0,1,1,0,1,0,0
133957033,1,1,1,0,0,0,0,0,0,0
133957036,1,0,1,1,0,0,0,1,0,1
133957041,1,0,0,0,0,0,0,0,0,1
133957086,1,0,0,0,0,0,0,0,0,0
133957111,1,0,0,0,0,0,0,0,0,0
133957199,1,1,0,0,1,1,0,1,1,0
133957320,1,1,0,1,1,1,0,1,0,1
133957386,1,0,0,0,0,0,0,0,0,0
133957470,1,1,0,0,0,0,0,0,0,0
133957535,1,0,0,0,0,1,0,0,1,0
133957607,1,0,0,0,0,0,0,0,0,0
133957722,1,1,0,0,0,0,0,0,0,0
133957756,1,1,0,1,1,1,0,0,0,0
133957774,1,0,1,0,1,1,0,1,1,0
133957927,1,1,0,1,1,1,0,0,0,0
133957994,1,0,1,0,1,1,0,1,1,0
133958011,1,0,0,1,1,1,0,0,0,1
133958092,1,1,1,0,0,1,0,1,0,0
133958118,1,1,0,0,0,1,0,0,0,0
133958188,1,0,0,0,0,1,0,0,1,0
133958250,0,0,0,0,0,0,0,0,0,0
133958273,0,0,0,0,0,0,0,0,0,0
133958313,1,0,0,1,1,0,0,0,0,0
133958424,0,0,0,0,0,0,0,0,0,0
133958507,1,0,0,0,0,0,0,0,0,0
133958586,1,0,0,0,0,0,0,0,0,0
133958616,1,0,0,0,0,0,0,0,0,0
133958797,1,1,0,1,1,0,0,0,0,0
133958867,1,0,0,1,1,0,0,0,1,1
133958970,1,0,0,0,0,0,0,0,0,0
133959034,1,0,0,0,1,1,0,0,0,0
133959049,1,0,0,1,1,0,0,0,1,1
133959074,1,0,0,0,0,0,0,0,0,0
133959124,1,0,0,1,1,0,0,0,1,1
133959193,0,0,0,0,0,0,0,0,0,0
133959539,1,0,0,1,1,0,1,0,1,1
133959598,1,0,0,0,0,0,0,0,0,0
133959608,0,0,0,0,0,0,0,0,0,0
133959659,1,0,0,1,1,0,0,0,0,1
133959674,1,1,0,0,0,0,0,0,0,0
133959893,1,0,0,1,1,1,0,0,0,0
133960109,1,1,0,1,1,0,0,0,0,0
133960306,1,1,0,0,0,0,0,0,0,0
133960478,1,1,0,0,0,0,0,0,0,0
133960495,1,0,0,0,0,0,0,0,0,0
133961101,1,1,0,0,0,0,0,0,0,0
133961104,1,0,0,0,0,1,0,0,0,0
133961380,1,0,0,0,0,0,0,0,0,0
133961525,1,0,0,0,0,0,0,0,0,0
133961634,1,0,0,0,0,0,0,0,0,0
133962128,1,1,0,0,1,1,0,1,0,0
133962333,1,0,0,1,1,1,0,0,0,0
133962429,1,0,0,0,0,0,0,0,0,0
133962498,1,0,0,0,0,1,0,0,0,0
133962522,1,0,0,0,0,0,0,0,0,0
133962622,1,0,1,0,0,0,0,0,0,0
133962795,1,0,0,0,0,0,0,0,0,0
133962920,1,0,0,0,0,1,0,0,0,0
133962937,1,0,0,0,0,0,0,0,0,0
133963151,1,0,0,0,0,1,0,0,1,0
133963188,1,1,0,1,1,0,0,0,0,1
133963281,1,1,0,0,0,0,0,0,0,0
133963304,1,1,1,1,1,1,0,0,0,0
133963369,1,0,0,1,1,0,0,0,0,0
133963398,1,0,0,0,0,0,0,0,0,0
133963420,1,0,0,1,1,1,0,0,0,0
133963432,1,0,0,0,0,0,0,0,0,0
133963462,1,1,0,1,1,0,0,0,0,0
133963471,1,0,0,1,1,1,0,1,1,1
133963504,1,1,1,1,1,0,0,0,0,0
133963525,1,0,0,1,1,0,0,0,0,0
133963587,1,1,0,1,1,0,0,0,0,0
133963606,1,0,0,0,0,1,0,0,0,0
133963679,1,0,0,0,0,0,0,0,0,0
133963711,1,1,0,0,0,0,0,0,0,0
133963725,1,0,0,0,1,0,0,0,1,1
133963773,1,0,0,0,0,0,0,0,0,0
133963838,1,1,0,0,0,1,0,0,1,1
133964099,1,0,0,0,1,0,0,1,1,1
133964119,0,1,0,0,0,0,0,0,0,0
133964208,1,0,0,0,0,0,0,0,0,0
133964303,1,0,0,0,0,0,0,0,0,0
133964332,1,0,0,0,0,0,0,0,0,0
133964392,1,0,0,0,0,0,0,0,0,1
133964509,1,0,0,0,0,0,0,0,0,0
133964620,1,0,0,0,0,0,0,0,1,0
133964634,1,0,0,0,0,0,0,0,1,0
133964801,1,0,0,1,1,0,0,0,0,0
133964808,1,1,0,1,1,0,0,0,0,0
133964944,1,0,0,0,0,0,0,0,0,0
133965134,1,0,0,0,0,0,0,0,0,0
133965299,1,0,0,1,1,0,0,0,1,0
133965416,1,0,0,0,0,0,0,0,1,0
133965417,0,0,0,0,0,0,0,0,0,0
133965452,1,0,0,0,0,0,0,0,1,0
133965513,1,0,0,0,0,0,0,0,1,0
133965555,1,0,0,0,0,0,0,0,1,0
133965579,1,0,0,0,0,0,0,0,1,0
133965625,1,1,0,1,1,1,0,0,0,0
133965687,1,1,0,1,0,1,0,0,0,0
133965899,0,0,0,0,0,0,0,0,0,0
133965922,1,0,1,1,1,1,0,0,0,0
133966269,0,0,0,0,0,0,0,0,0,0
133966346,1,0,0,0,0,1,0,0,0,0
133966744,1,1,1,1,0,1,0,0,0,0
133966748,1,0,0,1,1,1,0,0,0,1
133966934,1,1,1,1,0,1,0,0,0,0
133967429,1,1,0,0,0,0,0,0,1,0
133967441,1,0,0,0,0,0,0,0,0,0
133967465,1,0,0,0,0,0,0,0,0,0
133967503,1,0,1,0,0,0,0,0,0,1
133967663,1,0,0,0,0,0,0,0,0,0
133967718,1,0,0,0,0,0,0,0,0,0
133967770,1,0,0,0,0,0,0,0,0,0
133968090,1,0,0,1,1,1,0,0,0,1
133968120,1,0,0,0,0,1,0,0,0,0
133968282,1,0,1,1,1,0,1,0,1,1
133968284,1,0,0,0,0,1,0,0,0,1
133968436,1,1,0,0,0,1,0,1,0,0
133968617,1,1,0,0,0,0,0,0,0,0
133968826,1,1,1,1,1,1,0,1,0,0
133968917,1,1,0,0,0,1,0,0,0,0
133969250,1,1,0,0,0,1,0,1,0,1
133969346,0,0,0,0,0,0,0,0,0,0
133969369,1,1,0,0,0,0,0,0,0,0
133969582,0,0,0,0,0,0,0,0,0,0
133969734,1,0,0,1,1,0,0,0,0,0
133970550,1,1,0,0,0,0,0,0,0,0
133970978,1,1,0,1,1,0,0,0,0,0
133971022,1,0,0,0,0,0,0,0,0,0
133971056,1,0,0,0,0,0,0,0,0,0
133971604,0,0,0,0,0,0,0,0,0,0
133971612,1,1,0,0,0,0,0,0,0,0
133971784,1,0,0,0,0,0,0,0,0,0
133971944,0,0,0,0,0,0,0,0,0,0
133972044,1,0,0,1,1,1,0,0,0,0
133972099,0,0,0,0,0,0,0,0,0,0
133972207,1,0,0,0,0,0,0,1,1,1
133972250,1,1,0,0,0,1,0,1,0,0
133972265,1,1,0,0,0,1,0,0,0,0
133972525,1,0,0,0,0,0,0,0,1,0
133972541,1,0,0,1,1,1,0,0,1,1
133972580,1,0,0,0,0,0,0,0,0,0
133972626,0,0,0,0,0,0,0,0,0,0
133972686,1,1,1,0,0,0,0,0,0,0
133972739,1,1,0,0,0,0,0,0,1,0
133972760,1,1,0,0,0,0,0,0,0,0
133972809,1,1,0,0,0,1,0,0,0,0
133972951,1,0,0,1,1,0,1,0,1,1
133973083,0,0,0,0,0,0,0,0,0,0
133973155,1,0,0,1,1,0,1,0,1,1
133973210,1,0,0,0,0,0,0,0,0,0
133973216,1,0,0,0,1,1,0,0,0,0
133973226,1,1,0,0,0,0,0,0,0,0
133973453,1,1,0,0,1,0,0,0,0,0
133973467,1,0,0,0,0,0,0,0,1,0
133973542,1,0,0,0,0,0,0,0,0,0
133973671,1,0,0,0,0,0,0,0,0,0
133974075,1,0,0,0,0,0,0,1,1,1
133974143,1,0,0,0,0,0,0,0,0,0
133974393,1,0,0,0,0,0,0,0,0,0
133974509,1,0,0,0,0,1,0,1,0,0
133974529,0,0,0,0,0,0,0,0,0,0
133974530,1,1,0,0,0,1,0,0,0,0
133974613,1,1,0,1,1,1,0,0,0,0
133974648,1,0,1,1,1,0,0,1,0,1
133974729,1,1,0,0,0,1,0,0,1,1
133975066,1,0,0,0,0,0,0,0,0,0
133975101,1,0,0,0,0,0,0,0,0,0
133975213,1,0,0,0,0,0,0,0,0,0
133975230,1,1,0,0,0,0,0,0,0,0
133975237,1,1,0,0,0,0,0,0,0,0
133975274,1,0,0,0,0,0,0,0,0,0
133975407,0,0,0,0,0,0,0,0,0,0
133975604,1,0,0,0,0,0,0,0,1,1
133975672,1,0,0,0,0,1,0,0,1,0
133975691,1,0,0,0,0,1,0,1,0,0
133975724,1,0,0,0,0,1,0,1,1,0
133975900,1,0,0,0,0,0,0,0,0,0
133975950,0,0,0,0,0,0,0,0,0,0
133976027,1,0,1,1,1,1,0,0,0,0
133976145,1,0,0,0,0,0,0,0,0,0
133976259,1,0,0,1,1,1,0,0,1,0
133976432,1,0,0,0,0,0,0,1,1,1
133976468,1,0,0,0,0,0,0,0,0,0
133976547,1,1,0,1,1,0,0,1,1,1
133976706,1,0,0,1,1,1,0,1,0,1
133976759,1,0,0,0,0,0,0,0,0,0
133976787,1,0,0,1,1,0,0,0,1,0
133976800,1,1,0,1,1,1,0,1,0,1
133976811,1,0,1,1,1,0,1,0,1,1
133976953,1,0,0,0,0,0,0,0,0,0
133976975,1,0,0,1,1,1,0,0,0,1
133977017,1,0,1,1,1,1,0,0,0,1
133977049,1,1,0,0,0,0,0,0,0,0
133977059,1,1,0,0,0,0,0,0,0,0
133977088,1,1,1,1,1,1,0,0,0,1
133977089,1,0,1,1,1,0,0,0,0,0
133977138,1,1,0,1,0,1,1,0,0,0
133977184,1,0,1,0,0,0,0,0,0,0
133977189,1,0,0,1,1,0,0,0,0,0
133977224,1,0,0,1,1,1,0,0,0,1
133977254,1,0,0,1,1,0,0,0,0,0
133977275,1,0,0,1,1,1,0,0,0,1
133977338,1,0,1,1,1,1,0,1,0,1
133977344,1,0,0,1,1,0,0,0,0,0
133977396,1,1,1,1,1,1,0,0,0,1
133977435,1,0,1,1,1,0,1,0,1,1
133977446,1,1,0,1,1,1,0,1,0,1
133977493,1,0,1,1,1,0,1,0,1,1
133977506,1,0,0,1,1,1,0,0,0,1
133977550,1,0,0,0,0,0,0,0,0,0
133977552,1,0,0,1,1,1,0,1,0,1
133977569,1,0,1,1,1,0,1,0,1,1
133977609,1,0,1,1,1,0,1,0,1,1
133977649,1,0,0,0,0,0,0,0,1,0
133977657,1,1,0,0,0,0,0,0,0,0
133977763,0,0,0,0,0,0,0,0,0,0
133977876,1,0,0,0,0,0,0,0,0,0
133978017,1,0,0,0,0,1,0,1,0,0
133978069,1,0,0,0,0,0,0,0,0,0
133978398,1,1,0,0,0,0,0,0,0,0
133978479,1,0,0,0,0,0,0,0,0,0
133978499,0,0,0,0,0,0,0,0,0,0
133978542,1,0,0,1,1,0,0,0,0,0
133978768,0,0,0,0,0,0,0,0,0,0
133978797,0,0,0,0,0,0,0,0,0,0
133978954,0,0,0,0,0,0,0,0,0,0
133979045,1,0,0,1,1,1,0,0,0,0
133979076,1,1,0,0,0,1,0,0,0,0
133979088,1,0,0,0,0,1,0,0,0,0
133979131,1,0,0,0,0,1,0,0,0,0
133979185,1,0,0,0,0,0,0,0,0,0
133979228,1,0,0,0,0,0,0,0,0,0
133979242,1,1,1,1,1,1,0,1,0,0
133979312,1,1,0,1,1,0,0,1,0,0
133979318,0,0,0,0,0,0,0,0,0,0
133979612,1,1,0,0,0,0,0,0,0,0
133979818,1,1,0,0,0,1,0,0,0,1
133979895,1,0,0,0,0,0,0,0,0,0
133979926,1,0,0,0,0,0,0,0,0,0
133979979,1,0,0,0,0,0,0,0,0,0
133980033,1,1,0,0,0,1,0,0,0,0
133980146,1,0,0,1,1,1,0,0,1,0
133980334,1,0,0,0,0,0,0,0,0,0
133980727,1,0,0,1,1,0,0,0,0,1
133980826,1,0,1,1,1,1,0,1,0,0
133980910,1,0,0,0,0,0,0,0,0,0
133980916,1,0,0,0,0,0,0,0,0,0
133980925,1,0,0,1,1,1,0,1,0,0
133980960,1,0,0,1,1,0,0,0,0,1
133980993,1,0,0,1,1,1,0,1,0,0
133981009,1,1,0,1,1,1,0,1,0,1
133981094,1,0,0,1,1,1,0,1,0,0
133981167,1,0,0,0,0,0,0,0,0,0
133981296,1,0,0,0,0,1,0,0,0,1
133981470,1,0,0,1,1,1,0,1,0,0
133981491,1,1,0,0,1,0,0,0,0,1
133981760,1,0,0,1,1,1,0,0,0,0
133981969,1,0,1,1,1,0,1,0,1,1
133982055,1,0,0,0,0,0,0,0,0,0
133982221,0,0,0,0,0,0,0,0,0,0
133982246,1,1,0,0,0,0,0,0,0,0
133982435,1,1,0,0,1,1,0,0,0,0
133982527,1,1,0,0,0,1,0,0,0,0
133982534,1,0,0,0,0,1,0,0,0,0
133982994,1,0,0,0,0,0,0,0,0,0
133983028,1,0,0,0,0,0,0,0,1,0
133983114,1,0,0,0,0,0,0,0,1,0
133983132,1,0,0,1,1,0,1,0,0,1
133983178,1,0,0,0,0,1,0,0,1,0
133983317,1,0,0,0,0,0,0,0,1,0
133983366,1,0,0,0,0,0,0,0,0,1
133983397,1,0,0,0,0,0,0,0,1,0
133983463,0,0,0,0,0,0,0,0,0,0
133983471,1,0,0,0,0,0,0,0,0,0
133983514,0,0,0,0,0,0,0,0,0,0
133983600,1,0,0,1,1,0,1,0,1,1
133983622,1,0,0,0,0,0,0,0,1,0
133983821,1,0,0,0,0,0,0,0,0,0
133983941,1,0,0,1,1,1,0,1,0,1
133984039,1,0,0,0,0,1,0,0,0,0
133984041,1,0,0,0,0,0,0,0,1,0
133984169,1,0,0,0,0,0,0,0,0,0
133984426,1,0,0,1,1,1,0,1,1,1
133984593,1,0,0,0,0,0,0,0,0,0
133984897,1,0,0,0,0,0,0,0,0,0
133985196,1,1,0,0,0,0,0,0,0,0
133985309,1,0,0,0,0,1,0,0,0,0
133985341,1,0,1,0,0,0,0,0,0,0
133985477,1,0,0,1,1,1,0,1,1,0
133985594,1,0,0,0,0,0,0,0,0,0
133985800,1,1,0,1,1,1,0,1,1,0
133985806,1,0,0,1,1,0,1,0,1,1
133985814,1,0,0,0,0,1,0,0,0,0
133985856,1,0,0,0,0,0,0,0,0,0
133985970,1,1,0,0,0,0,0,0,0,0
133986015,1,0,0,0,0,0,0,0,1,0
133986428,1,1,0,0,0,0,0,0,0,0
133986506,1,0,0,0,0,0,0,0,0,0
133986507,1,0,0,0,0,1,0,0,0,0
133986525,1,0,0,0,0,0,0,0,0,0
133986558,1,0,0,0,0,0,0,0,0,0
133986726,1,0,1,1,1,0,1,0,1,1
133986735,1,0,0,0,0,0,0,0,0,0
133986869,1,1,1,0,0,1,0,0,0,0
133986940,1,0,0,0,0,0,0,0,0,0
133986957,1,1,1,1,1,0,0,0,0,0
133987046,1,0,0,0,0,0,0,0,0,0
133987556,1,0,0,1,1,1,0,0,0,0
133987864,1,1,0,0,0,1,0,0,0,0
133988021,1,0,0,0,0,1,0,0,0,0
133988097,1,0,0,1,1,0,0,0,0,1
133988200,1,0,0,0,0,0,0,0,0,0
133988201,0,0,0,0,0,0,0,0,0,0
133988239,1,0,0,0,0,0,0,0,0,0
133988575,1,1,0,0,0,1,0,0,0,0
133988960,1,1,0,0,0,1,0,0,0,0
133989027,1,0,0,0,0,0,0,0,0,0
133989028,1,0,0,0,0,0,0,0,0,0
133989055,1,0,0,0,0,0,0,0,0,0
133989073,1,0,0,1,1,1,0,0,0,0
133989245,1,0,0,1,1,0,0,0,0,0
133989382,1,0,0,0,0,0,0,0,0,0
133989558,1,0,0,0,0,0,0,0,0,0
133989663,1,0,0,0,0,0,0,0,0,0
133990012,1,0,0,1,1,1,0,0,0,0
133990015,1,1,1,0,0,0,0,0,0,0
133990023,1,0,0,0,0,0,0,0,0,0
133990517,1,0,0,0,0,0,0,0,0,0
133990618,1,0,1,0,0,1,0,0,0,0
133990947,0,0,0,0,0,0,0,0,0,0
133991400,1,0,0,0,0,1,0,0,0,0
133991621,1,0,1,1,0,1,0,1,1,1
133991639,1,0,0,0,0,0,0,0,0,0
133991648,1,1,0,1,1,0,0,0,0,0
133991687,1,0,0,0,0,0,0,0,0,0
133991700,1,0,0,0,0,0,0,0,0,0
133991766,1,0,0,0,0,0,0,1,1,1
133991843,1,0,0,0,0,0,0,0,0,0
133991932,1,1,1,1,1,1,0,0,0,1
133992120,1,1,0,1,1,1,0,0,0,1
133992155,1,1,1,1,1,0,0,0,0,0
133992178,1,1,0,0,0,1,0,0,0,0
133992318,1,0,0,0,0,1,0,1,0,0
133992321,1,0,0,0,0,0,0,0,0,0
133992419,1,0,0,0,0,0,0,0,0,0
133992492,1,1,0,0,1,1,0,0,0,0
133992515,1,0,0,0,0,1,0,0,0,0
133992544,1,1,0,0,0,0,0,0,1,1
133992765,1,0,0,1,1,0,0,0,1,0
133992831,1,0,0,0,0,0,0,1,1,1
133992908,1,0,0,0,0,0,0,1,0,0
133992980,1,0,0,0,0,0,0,1,0,0
133993012,1,0,0,0,1,0,0,0,0,0
133993059,1,0,0,0,0,0,0,0,0,0
133993649,1,0,0,0,0,1,0,0,1,0
133993735,1,0,0,0,0,0,0,0,0,1
133993833,1,0,0,0,0,0,0,0,0,0
133993925,1,0,0,0,0,0,0,0,0,0
133994019,1,0,0,0,0,0,0,0,0,0
133994075,1,0,0,0,0,0,0,0,1,0
133994130,1,1,0,0,1,0,0,0,1,1
133994385,1,0,0,0,0,0,0,0,0,0
133994422,1,0,0,1,0,1,0,1,0,0
133994468,1,0,0,0,0,0,0,0,0,0
133994564,1,0,0,0,0,0,0,0,1,0
133994576,1,0,0,0,0,0,0,0,0,0
133994751,1,1,0,0,0,1,0,0,0,0
133994876,1,0,0,0,0,0,0,0,0,0
133994929,1,0,1,1,0,0,0,1,0,0
133994931,1,1,0,0,0,1,0,0,0,0
133994965,1,1,0,1,1,1,0,0,0,0
133995020,1,1,0,0,0,0,0,0,1,0
133995027,1,0,0,0,0,1,0,0,0,1
133995185,1,0,0,0,0,1,0,0,0,0
133995216,1,0,0,1,0,1,0,1,1,1
133995337,1,0,0,0,0,0,0,0,0,0
133995346,1,0,0,1,1,0,0,0,1,0
133995502,0,0,0,0,0,0,0,0,0,0
133995506,1,0,0,1,0,1,0,1,1,1
133995604,1,0,0,1,0,1,0,1,1,1
133995613,1,1,0,1,1,1,0,0,0,0
133995724,1,1,0,1,1,0,1,0,0,1
133996049,1,1,0,1,1,1,0,1,0,0
133996177,0,0,0,0,0,0,0,0,0,0
133996209,1,0,0,0,0,0,0,0,0,0
133996599,1,0,0,0,0,0,0,1,1,1
133996619,1,0,0,1,1,0,0,1,1,0
133996660,1,0,0,0,0,0,0,0,0,0
133996809,1,0,0,1,1,1,0,1,1,1
133997116,1,0,0,0,0,0,0,0,0,0
133997235,0,1,0,0,0,0,0,0,0,0
133997295,1,0,0,1,1,1,0,0,0,0
133997374,1,1,0,0,0,0,0,1,0,0
133997624,1,0,0,1,0,1,0,1,0,0
133997627,1,0,0,1,1,1,0,0,1,1
133997630,1,1,0,0,0,0,0,0,0,0
133997640,1,1,0,0,0,1,0,0,0,0
133997644,1,1,1,0,0,0,0,0,0,0
133997693,1,0,0,0,0,1,0,0,0,0
133997749,0,0,0,0,0,0,0,0,0,0
133997978,1,0,0,1,1,0,0,0,0,0
133998095,1,0,0,1,1,1,0,0,0,0
133998297,1,0,0,0,0,0,0,0,0,0
133998392,1,0,0,1,1,1,1,1,0,0
133998568,1,1,1,0,0,0,0,1,0,0
133998634,0,0,0,0,0,0,0,0,0,0
133998945,1,1,1,1,1,1,0,0,0,0
133999027,1,0,0,0,0,1,0,0,0,0
133999050,1,0,0,0,0,0,0,0,0,0
133999173,1,1,1,0,0,1,0,0,1,0
133999184,1,0,0,0,0,1,0,0,0,0
133999194,1,1,0,1,1,1,0,0,0,0
133999199,1,0,0,0,0,0,0,0,1,0
133999343,1,0,0,1,1,1,0,0,0,1
133999390,1,1,0,1,0,1,0,0,0,0
133999393,0,0,0,0,0,0,0,0,0,0
133999531,1,0,0,0,0,0,0,0,0,0
133999724,1,1,0,0,0,0,0,0,0,0
133999763,1,1,0,0,0,0,0,0,0,0
133999781,1,1,1,1,1,1,0,0,0,0
133999844,1,1,1,0,0,1,0,0,0,0
133999887,1,1,1,1,1,0,0,1,0,0
133999926,1,0,0,0,0,0,0,0,0,0
134000085,1,0,0,0,0,0,0,0,1,1
134000270,1,0,0,0,0,1,0,0,0,0
134000316,1,0,0,0,0,0,0,0,0,0
134000324,1,1,0,0,0,0,0,0,1,0
134000371,1,0,1,1,1,1,0,1,1,0
134000383,1,0,0,1,1,0,0,0,1,0
134000429,1,0,0,0,0,0,0,0,0,0
134000451,1,1,1,1,1,1,0,1,1,0
134000481,1,0,0,0,0,0,0,0,0,0
134000503,1,1,1,1,1,1,0,1,1,0
134000518,1,0,0,0,0,1,0,1,0,0
134001002,1,0,1,1,1,0,1,0,1,0
134001005,0,0,0,0,0,0,0,0,0,0
134001093,1,0,1,1,1,1,0,1,0,1
134001203,1,0,1,0,0,1,0,0,0,0
134001244,1,0,0,1,1,1,0,0,1,0
134001340,1,1,0,1,1,0,0,0,1,1
134001396,1,0,1,1,1,1,0,1,1,0
134001540,1,0,0,1,1,1,0,1,0,0
134001544,1,1,0,1,1,1,0,0,0,0
134001770,0,0,0,0,0,0,0,0,0,0
134002011,1,0,0,0,0,1,0,0,0,0
134002093,1,1,0,1,1,0,0,1,1,1
134002122,1,1,0,0,0,1,0,0,0,0
134002353,1,0,0,0,0,0,0,1,1,1
134002393,1,0,0,0,0,0,0,0,0,0
134002563,1,1,0,0,0,1,0,0,0,0
134002574,1,1,0,1,1,0,0,0,0,0
134002603,1,0,0,0,0,0,0,0,0,0
134002844,1,1,0,1,1,0,0,0,0,0
134002932,1,1,1,0,0,0,0,0,1,0
134003165,1,0,1,0,0,0,0,0,0,0
134003170,1,0,0,0,0,0,0,0,0,0
134003269,1,0,1,1,1,0,1,0,1,1
134003554,1,1,0,1,1,1,0,1,0,0
134003675,1,0,0,0,0,1,0,1,0,0
134003732,1,0,0,0,0,0,0,0,0,0
134003772,1,0,0,0,0,0,0,0,0,0
134003829,0,0,0,0,0,0,0,0,0,0
134003889,1,1,1,1,1,1,0,1,0,0
134003919,0,0,0,0,0,0,0,0,0,0
134003929,1,0,0,1,1,1,0,1,0,0
134004086,1,1,0,0,0,0,0,0,1,0
134004098,1,0,0,0,0,0,0,0,0,0
134004113,1,0,0,0,0,1,0,0,0,0
134004334,1,0,0,0,0,0,0,0,0,0
134004567,1,0,0,0,0,0,0,0,0,0
134004571,1,0,0,0,0,0,0,0,0,0
134004647,1,1,0,0,0,0,0,0,1,0
134004673,1,1,0,0,0,1,0,0,1,0
134005124,0,0,0,0,0,0,0,0,0,0
134005291,1,0,0,0,0,0,0,0,0,0
134005319,1,1,1,0,1,1,0,0,0,1
134005328,1,1,1,1,1,0,0,0,0,0
134005339,1,0,0,0,0,0,0,0,0,0
134005504,1,0,0,0,0,1,0,1,0,0
134005538,1,0,0,1,1,0,0,0,0,0
134005559,1,0,0,1,1,1,0,0,0,0
134005606,1,0,0,0,0,0,0,0,0,0
134005629,1,0,0,0,0,1,0,0,0,0
134005635,1,0,0,0,0,1,0,0,0,0
134005708,1,1,1,1,1,0,0,0,0,0
134005726,1,0,1,1,1,0,0,0,0,0
134005776,1,0,0,0,0,0,0,0,0,0
134005805,1,0,0,0,0,0,0,0,0,0
134005957,1,0,0,1,1,1,0,0,1,1
134006058,1,0,0,1,1,0,0,1,0,1
134006097,1,0,0,1,1,0,0,1,0,1
134006122,1,0,0,1,1,0,0,1,0,1
134006158,1,0,0,0,0,0,0,0,0,0
134006190,1,0,0,1,1,1,0,1,0,0
134006254,1,1,1,1,1,1,0,1,0,0
134006663,1,0,0,0,1,1,0,0,0,1
134006670,1,1,0,0,0,0,0,0,0,0
134006757,1,0,1,1,1,0,0,0,0,0
134006769,1,0,0,0,0,0,0,0,0,0
134006775,0,0,0,0,0,0,0,0,0,0
134006933,1,0,0,0,0,0,0,0,0,0
134006937,1,1,0,0,1,1,0,0,0,0
134007105,1,1,1,0,1,1,0,1,0,1
134007141,1,0,0,1,1,0,1,0,0,1
134007157,1,1,0,0,0,0,0,0,0,0
134007178,1,1,1,0,0,0,0,0,1,0
134007187,1,0,0,0,0,0,0,0,0,0
134007188,1,1,0,0,0,1,0,0,0,0
134007222,1,1,1,0,0,0,0,0,1,0
134007266,1,1,0,1,1,1,0,0,0,0
134007381,1,0,1,0,0,1,0,0,0,0
134007517,1,0,0,0,0,0,0,0,0,0
134007633,1,0,0,0,0,0,0,0,0,0
134007810,1,0,0,1,1,1,0,0,0,0
134007901,1,0,0,0,0,0,0,0,0,0
134007955,1,1,1,1,1,1,0,0,0,1
134007982,1,0,0,0,0,1,0,0,0,0
134008038,1,0,0,1,1,1,0,0,0,0
134008060,1,0,0,0,0,0,0,0,0,0
134008228,0,0,0,0,0,0,0,0,0,0
134008240,1,0,0,0,0,0,0,0,0,0
134008255,1,0,0,0,0,1,0,1,0,0
134008271,1,0,0,0,0,1,0,1,1,0
134008330,1,0,0,0,0,1,0,1,1,0
134008466,1,0,0,1,1,1,0,1,1,1
134008509,1,0,0,1,1,1,0,1,1,1
134008633,1,1,0,1,1,1,0,0,0,0
134008834,1,0,0,0,0,0,0,0,0,0
134008944,1,0,0,0,0,1,0,0,1,0
134009029,1,0,0,0,0,1,0,0,0,0
134009125,1,1,0,1,1,1,0,1,1,1
134009273,1,0,0,0,0,0,0,0,0,0
134009289,1,0,0,0,0,0,0,0,0,0
134009365,1,1,0,1,1,1,0,0,0,0
134009464,1,0,0,1,1,1,0,0,0,0
134009578,1,0,0,0,0,1,0,0,0,0
134009866,1,1,0,0,0,0,0,0,1,0
134010153,1,0,0,0,1,1,0,1,0,0
134010246,1,0,0,0,0,0,0,1,0,0
134010276,1,1,0,0,0,0,0,0,0,0
134010385,1,0,0,1,1,1,0,0,0,0
134010408,1,1,0,0,0,0,0,0,0,0
134010463,0,0,0,0,0,0,0,0,0,0
134010590,1,0,0,0,0,0,0,0,0,0
134010656,1,0,0,0,0,1,0,0,1,0
134010708,1,1,0,0,0,0,0,0,0,0
134010976,1,0,0,0,0,0,0,0,1,0
134011074,0,0,0,0,0,0,0,0,0,0
134011115,1,1,1,0,0,0,0,0,0,0
134011369,0,0,0,0,0,0,0,0,0,0
134011501,1,0,0,0,0,0,0,0,0,0
134011521,1,1,0,0,0,1,0,0,0,0
134011522,1,0,0,1,1,1,0,0,0,0
134011603,0,0,0,0,0,0,0,0,0,0
134011613,1,0,0,1,1,1,0,1,0,0
134011640,0,0,0,0,0,0,0,0,0,0
134011655,1,1,1,0,0,0,0,0,0,0
134011836,1,0,0,1,1,1,0,1,0,0
134012027,1,0,0,1,1,0,1,0,1,1
134012065,1,0,0,1,1,0,1,0,1,1
134012207,1,0,0,0,0,0,0,1,0,0
134012220,1,0,1,0,0,0,0,0,0,1
134012247,1,0,1,0,0,0,0,0,0,1
134012268,1,0,1,0,0,0,0,0,0,1
134012275,1,1,0,0,0,1,0,0,0,0
134012324,1,0,1,0,0,0,0,0,0,1
134012465,1,0,0,1,1,0,1,0,1,1
134012561,0,0,0,0,0,0,0,0,0,0
134012573,1,0,0,0,0,0,0,0,0,0
134012665,1,0,1,1,1,1,0,1,0,0
134012694,0,0,0,0,0,0,0,0,0,0
134012702,1,1,0,1,0,0,0,0,1,1
134012710,1,1,0,1,1,1,0,0,0,0
134012822,1,0,0,0,0,0,0,0,0,0
134012959,1,0,1,0,1,1,1,1,0,1
134013287,1,0,0,0,0,0,0,0,0,0
134013311,1,0,0,0,0,0,0,0,0,0
134013328,1,0,0,0,0,0,0,0,0,0
134013368,1,0,0,0,0,0,0,0,0,0
134013372,0,0,0,0,0,0,0,0,0,0
134013404,1,1,0,0,0,0,0,0,0,0
134013784,1,0,0,1,1,0,0,0,0,0
134013860,1,0,0,0,0,0,0,0,1,1
134013949,1,1,0,0,0,0,0,0,0,0
134013987,1,1,0,0,0,0,0,0,0,0
134014322,1,0,0,0,0,1,0,0,0,0
134014412,1,1,0,0,0,1,0,1,0,0
134014609,1,1,0,1,0,1,0,0,0,0
134014623,1,0,0,0,0,1,0,0,0,0
134014663,1,0,0,0,0,0,0,0,0,0
134014685,1,0,0,0,0,0,0,1,0,0
134014904,1,0,0,0,0,1,0,0,0,0
134015153,1,1,0,0,0,0,0,0,0,0
134015262,1,1,0,0,0,1,0,0,0,0
134015493,1,0,0,1,1,1,0,0,1,1
134015982,1,0,0,0,0,0,0,0,0,0
134016046,1,1,0,0,0,0,0,0,0,0
134016214,1,1,0,0,0,1,0,0,0,0
134016455,1,0,0,0,0,0,0,0,0,1
134016537,1,0,0,0,0,0,0,0,0,0
134016559,1,0,0,1,1,1,0,1,1,0
134016637,1,1,0,0,0,0,0,0,0,0
134016789,1,0,0,0,0,0,0,0,0,0
134017055,0,0,0,0,0,0,0,0,0,0
134017255,1,1,0,0,0,0,0,0,0,0
134017258,1,0,0,0,0,0,0,0,0,0
134017339,1,1,1,1,1,1,1,1,0,0
134017405,1,0,0,0,0,0,0,0,0,0
134017445,1,0,0,0,1,1,0,0,0,0
134017575,1,0,0,1,1,1,0,0,0,0
134017585,1,0,0,0,0,0,0,0,0,0
134017752,1,1,0,0,0,0,0,0,0,0
134017804,1,1,0,0,1,0,0,0,0,0
134017808,1,1,1,0,0,1,0,0,0,0
134017893,1,0,0,0,0,1,0,0,0,0
134017908,1,0,0,1,1,0,0,0,1,1
134018016,0,0,0,0,0,0,0,0,0,0
134018118,1,0,0,0,0,0,0,0,1,1
134018200,1,0,0,1,1,0,0,0,0,0
134018273,1,0,0,0,0,0,0,0,0,0
134018306,0,0,0,0,0,0,0,0,0,0
134018404,1,1,0,1,1,1,0,0,0,0
134018578,1,0,0,0,0,0,0,0,0,0
134018587,1,1,0,0,0,0,0,0,0,0
134018651,0,0,0,0,0,0,0,0,0,0
134018664,0,0,0,0,0,0,0,0,0,0
134018889,1,0,0,0,0,0,0,0,0,0
134018893,1,1,0,0,0,1,0,0,1,0
134018919,1,0,0,1,1,1,0,1,1,0
134018973,1,0,0,1,1,1,0,1,1,0
134019049,1,0,0,0,0,1,0,0,1,0
134019151,1,1,0,0,0,1,0,0,1,0
134019320,1,1,0,0,0,1,0,0,1,0
134019337,0,0,0,0,0,0,0,0,0,0
134019571,1,0,0,0,0,1,0,0,0,0
134019755,1,0,0,0,0,0,0,0,0,0
134019802,0,0,0,0,0,0,0,0,0,0
134019810,1,1,0,1,0,1,0,0,0,0
134020060,1,0,0,0,0,0,0,0,0,0
134020149,0,0,0,0,0,0,0,0,0,0
134020292,1,0,0,0,0,0,0,0,0,0
134020391,1,1,0,0,0,0,0,0,0,0
134020603,1,0,0,0,0,0,0,0,0,0
134020819,1,0,0,0,0,1,0,1,0,0
134020969,1,0,0,0,0,0,0,0,0,0
134021012,1,0,1,1,0,1,0,1,0,1
134021233,1,0,0,1,1,1,0,1,1,0
134021282,0,1,0,0,0,1,0,0,0,0
134021546,1,1,0,1,1,1,0,0,1,0
134021923,1,0,1,1,1,1,0,0,0,0
134021981,1,0,0,0,0,0,0,0,0,0
134022202,1,1,0,0,0,1,0,0,1,0
134022225,1,0,0,0,0,1,0,0,0,0
134022260,0,0,0,0,0,0,0,0,0,0
134022450,1,0,0,0,0,0,0,0,0,0
134022486,1,0,0,1,1,1,0,0,0,0
134022495,1,0,0,0,0,0,0,0,0,1
134022705,1,0,0,0,0,0,0,0,0,0
134022795,1,0,0,0,0,0,0,0,0,0
134023025,1,0,0,1,1,0,0,0,0,0
134023112,1,0,1,1,1,1,0,0,0,1
134023480,1,1,0,0,0,0,0,0,0,0
134023808,1,1,0,1,1,1,0,0,0,0
134023853,1,0,0,0,0,1,0,0,0,0
134023978,1,0,0,0,0,0,0,0,0,0
134024200,1,1,1,1,0,1,0,1,0,0
134024268,1,0,0,0,0,0,0,0,0,0
134024414,1,0,0,0,0,1,0,0,0,1
134024454,1,0,0,0,0,1,0,0,0,1
134024570,1,0,0,0,0,0,0,0,0,0
134024586,1,0,0,0,0,0,0,1,1,1
134024671,1,1,0,0,0,1,0,0,0,0
134024758,1,1,0,0,0,0,0,0,0,0
134024776,1,0,0,1,1,1,0,1,1,0
134024824,1,0,0,0,0,1,0,0,1,1
134024843,1,0,0,1,1,1,0,1,1,0
134024881,0,0,0,0,0,0,0,0,0,0
134024943,1,0,0,1,1,1,0,1,1,0
134025400,1,1,0,0,0,0,0,0,0,0
134025442,1,0,0,0,0,0,0,1,0,1
134025491,1,0,0,0,0,0,0,1,0,0
134025499,1,1,1,0,1,1,0,1,0,1
134025515,1,0,0,0,0,1,0,0,0,0
134025536,1,0,0,0,0,0,0,0,0,0
134025555,1,0,1,0,0,0,0,0,0,0
134025612,1,1,0,0,0,1,0,0,0,0
134025628,1,1,0,1,1,1,0,0,1,0
134025765,1,0,0,0,0,0,0,0,0,0
134025773,1,0,0,0,0,0,0,1,0,0
134025799,1,0,0,0,0,0,0,1,1,1
134025807,1,0,0,0,0,0,0,1,1,1
134025814,1,0,0,0,0,0,0,1,0,1
134025837,1,0,0,1,1,1,1,1,1,1
134026138,1,0,0,0,0,0,0,0,0,0
134026158,1,0,0,1,1,1,0,1,0,0
134026167,1,0,0,0,0,0,0,0,0,0
134026170,0,0,0,0,0,0,0,0,0,0
134026187,1,1,0,0,0,0,0,0,0,0
134026208,0,0,0,0,0,0,0,0,0,0
134026283,1,0,0,0,0,0,0,0,0,0
134026286,1,0,0,0,0,1,0,0,0,0
134026326,1,0,0,0,0,0,0,0,0,0
134026328,1,0,0,0,0,1,0,0,1,0
134026353,1,1,0,0,0,1,0,0,0,0
134026371,1,1,1,0,0,1,0,0,0,0
134026553,1,1,0,0,0,0,0,0,0,0
134026671,1,1,0,0,0,0,0,0,0,0
134026688,1,0,0,0,0,0,0,0,0,0
134027047,1,0,0,1,1,0,0,0,0,0
134027065,1,0,0,0,0,0,0,1,0,0
134028141,1,1,1,1,1,1,0,0,0,0
134028418,1,0,0,0,0,0,0,0,0,0
134028466,0,0,0,0,0,0,0,0,0,0
134028528,1,0,0,1,1,1,1,1,1,0
134028537,1,0,1,1,1,1,1,1,1,0
134028548,1,0,1,1,0,1,0,0,0,1
134028552,0,0,0,0,0,0,0,0,0,0
134028560,1,1,0,1,1,0,1,1,1,0
134028609,1,1,0,1,1,0,0,1,0,1
134028637,1,1,0,1,1,1,0,0,0,0
134028732,1,0,0,0,0,0,0,0,0,0
134028770,1,1,1,0,1,1,0,0,0,0
134028805,1,0,0,0,0,1,0,0,0,0
134028840,1,0,0,0,0,0,0,0,0,0
134028938,1,0,0,0,0,1,0,0,0,0
134028989,1,0,1,0,0,0,0,0,0,0
134029061,1,0,0,0,0,0,0,0,0,0
134029069,1,1,0,0,0,0,0,0,0,0
134029289,1,1,0,0,0,0,0,0,0,0
134029405,1,0,0,0,0,1,0,0,0,0
134029466,1,1,0,1,1,0,0,0,0,0
134029979,1,0,0,0,0,0,0,0,0,0
134030045,1,1,0,0,0,0,0,1,1,0
134030061,1,0,0,1,1,1,0,0,0,0
134030250,1,0,0,1,1,0,1,0,0,0
134030295,1,0,0,0,0,0,0,0,0,0
134030397,1,1,0,0,0,0,0,0,0,0
134030455,1,1,0,0,0,0,0,0,0,0
134030460,1,1,1,1,1,1,0,0,0,1
134030639,1,1,0,0,0,1,0,0,0,0
134030705,1,0,0,0,0,0,0,0,0,0
134030743,1,1,0,0,0,1,0,0,0,0
134030945,1,1,0,0,0,0,0,0,0,0
134031037,1,1,0,1,1,1,0,0,1,0
134031061,0,0,0,0,0,0,0,0,0,0
134031091,1,0,0,1,1,1,0,0,1,0
134031132,1,1,0,0,0,0,0,0,0,0
134031145,0,0,0,0,0,0,0,0,0,0
134031157,1,1,1,0,1,1,0,1,0,1
134031161,1,0,0,1,1,1,0,0,1,0
134031383,1,1,1,0,1,1,0,1,0,1
134031420,1,1,1,1,1,1,0,0,0,0
134031479,1,1,1,0,1,1,0,1,0,1
134031490,0,0,0,0,0,0,0,0,0,0
134031833,0,0,0,0,0,0,0,0,0,1
134031901,1,0,0,0,0,0,0,0,0,0
134031976,1,1,0,0,0,0,0,0,0,0
134032002,1,0,0,0,0,0,0,0,0,0
134032166,1,0,0,0,0,0,0,0,0,0
134032372,1,0,0,0,0,1,0,0,0,0
134032529,1,1,0,0,0,0,0,0,0,0
134032605,1,0,0,0,0,0,0,0,0,0
134033128,1,1,0,1,1,1,0,0,0,0
134033147,1,0,0,0,0,1,0,0,0,0
134033228,1,0,1,0,0,0,0,0,0,0
134033938,1,1,0,1,1,1,0,0,0,0
134034060,1,1,1,1,1,1,0,1,0,0
134034354,1,1,1,0,1,1,0,1,0,1
134034399,1,1,0,1,1,1,1,1,0,0
134034637,0,0,0,0,0,0,0,0,0,0
134034943,1,0,0,0,0,0,0,0,0,0
134035052,1,0,0,1,1,1,0,1,0,1
134035166,1,0,0,1,1,0,0,0,0,0
134035437,1,1,0,0,0,0,0,0,0,0
134035489,1,0,0,0,0,0,0,0,0,0
134035653,1,1,1,0,0,0,0,0,0,0
134035721,1,0,1,0,0,0,0,0,0,0
134035802,1,0,0,0,0,0,0,0,0,0
134035864,1,1,0,0,0,0,0,0,0,0
134035907,1,0,0,0,0,0,0,0,0,0
134035921,1,0,0,0,0,0,0,0,0,0
134035962,1,0,0,0,0,0,0,0,0,0
134036031,1,0,0,0,0,1,0,0,0,0
134036114,1,0,0,0,0,0,0,0,0,0
134036147,1,1,0,0,0,0,0,0,0,0
134036208,1,0,0,0,0,0,0,0,0,0
134036280,0,0,0,0,0,0,0,0,0,0
134036587,1,0,0,0,0,0,0,0,0,0
134037143,1,1,1,1,0,1,0,0,0,0
134037181,1,1,0,0,0,0,0,0,0,0
134037444,1,0,0,0,0,0,0,0,0,0
134037515,0,0,0,0,0,0,0,0,0,0
134037737,1,0,0,0,0,0,0,0,0,0
134038073,1,0,0,0,0,1,0,0,0,0
134038091,1,0,0,1,1,1,0,0,0,0
134038179,1,1,1,0,0,1,0,0,0,0
134038631,1,0,0,1,1,1,0,0,1,0
134039121,0,0,0,0,0,0,0,0,0,0
134039266,1,0,0,0,0,0,0,0,0,0
134039283,1,0,1,1,1,0,1,0,1,1
134039395,1,0,0,1,1,0,1,0,0,0
134039488,1,1,1,0,0,0,0,0,0,0
134039504,1,1,1,1,1,1,0,0,0,0
134039568,1,1,0,0,0,0,0,0,0,0
134039888,1,0,0,1,1,1,0,0,0,0
134040093,1,0,0,1,1,1,0,0,0,1
134040185,1,1,0,0,0,0,0,0,0,0
134040276,1,0,0,0,0,1,0,1,0,0
134040387,1,1,0,0,0,0,0,0,0,0
134040764,0,0,0,0,0,0,0,0,0,0
134040878,1,0,0,0,0,0,0,0,0,0
134041184,1,0,1,1,1,0,1,0,1,0
134041245,1,0,1,1,1,0,1,0,0,0
134041366,1,0,1,1,1,0,1,0,0,0
134041376,1,0,0,0,0,1,0,0,0,0
134041388,1,0,0,1,1,1,0,0,0,0
134041398,1,0,1,0,0,1,0,0,0,0
134041490,1,0,1,1,1,0,0,0,0,0
134041880,0,0,0,0,0,0,0,0,0,0
134041910,1,0,1,0,1,1,0,0,0,0
134041972,1,1,0,0,0,1,0,0,1,0
134041973,0,0,0,0,0,0,0,0,0,0
134042009,0,0,0,0,0,0,0,0,0,0
134042022,1,0,0,1,0,0,0,1,0,0
134042063,1,0,0,0,0,0,0,1,1,0
134042089,1,1,0,1,1,1,0,0,0,0
134042125,1,1,0,0,0,1,0,0,0,0
134042142,0,0,0,0,0,0,0,0,0,0
134042155,1,0,0,1,1,1,0,0,0,0
134042184,1,1,0,0,0,1,0,0,0,0
134042245,1,0,0,0,0,1,0,0,0,0
134042294,1,0,0,1,1,1,0,0,0,0
134042322,1,1,0,1,1,1,0,0,0,0
134042333,1,0,0,0,0,1,0,0,0,0
134042352,1,1,0,1,1,1,0,0,0,0
134042369,1,0,0,1,1,1,0,0,0,0
134042388,1,0,0,1,1,1,0,0,0,0
134042451,1,0,0,1,1,1,0,0,1,0
134042485,1,1,0,0,0,0,0,0,1,0
134042562,1,0,0,0,0,0,0,0,0,0
134042570,1,0,0,1,1,1,0,0,0,0
134042619,1,0,0,1,1,1,0,0,0,0
134042620,1,0,0,0,0,1,0,0,0,0
134042637,1,0,0,0,0,1,0,0,0,0
134042865,1,1,0,0,0,1,0,0,0,0
134042965,1,0,0,1,0,1,0,0,0,0
134042997,1,0,0,0,0,1,0,0,0,0
134043361,1,0,0,0,0,0,0,0,0,0
134043469,1,0,0,0,0,0,0,0,0,0
134043793,1,0,0,0,0,0,0,0,0,0
134043850,1,0,0,0,0,0,0,1,0,0
134043934,1,0,0,0,0,0,0,0,0,0
134044027,1,1,0,0,1,1,0,0,0,0
134044408,1,0,0,0,0,0,0,1,1,1
134044479,0,0,0,0,0,0,0,0,0,0
134044553,1,0,0,1,1,1,0,0,0,0
134044597,1,0,0,0,0,0,0,0,0,0
134044671,1,0,1,1,1,1,0,0,0,0
134044853,1,1,0,0,0,0,0,0,0,0
134044890,1,0,0,0,0,0,0,0,0,0
134044967,1,0,0,0,0,0,0,0,0,0
134044993,1,0,1,1,1,1,0,0,0,0
134045022,1,0,0,0,0,1,0,0,0,0
134045259,1,1,0,0,0,0,0,0,0,0
134045380,1,1,0,0,0,1,0,0,0,0
134045491,1,0,0,0,0,1,0,0,1,0
134045660,1,0,0,0,1,0,0,0,0,1
134045756,1,1,0,0,0,0,0,0,0,0
134045819,1,1,0,1,1,0,0,1,0,0
134045851,1,1,0,0,0,1,0,0,0,0
134045921,1,1,0,1,0,1,0,0,1,0
134045979,1,0,0,0,0,1,0,1,1,1
134046023,1,1,0,1,1,1,0,1,0,0
134046053,1,0,0,0,0,1,0,0,0,0
134046137,1,0,0,0,0,0,0,0,0,0
134046149,1,0,0,0,0,1,0,0,0,0
134046207,1,0,1,0,0,1,0,0,0,0
134046345,1,1,0,0,0,0,0,0,0,0
134046397,1,0,0,0,0,0,0,0,0,0
134046603,1,0,0,0,0,1,0,0,0,1
134046638,1,1,0,0,0,1,0,0,0,0
134046726,1,1,0,0,0,1,0,0,0,0
134046861,1,0,0,1,1,1,0,0,0,0
134046867,1,0,1,1,1,0,1,0,1,1
134046911,1,0,0,0,0,0,0,0,0,0
134047063,1,0,1,0,0,0,0,0,0,0
134047076,1,0,0,0,0,0,0,0,0,0
134047108,1,0,0,0,0,1,0,0,0,0
134047109,1,0,0,1,1,0,0,1,1,0
134047125,1,1,0,0,0,0,0,1,0,0
134047194,1,0,0,0,0,0,0,0,0,0
134047204,1,0,0,0,0,1,0,0,0,0
134047229,0,0,0,0,0,0,0,0,0,0
134047274,1,1,1,1,1,1,0,1,0,0
134047330,1,0,0,0,0,1,0,1,0,0
134047337,1,0,0,1,1,1,1,0,0,1
134047403,1,1,0,1,0,1,0,0,1,0
134047536,1,1,0,1,1,0,1,0,0,1
134048031,1,0,1,0,1,0,0,0,0,1
134048072,0,1,0,0,0,0,0,0,0,0
134048102,1,0,0,1,1,1,0,0,0,0
134048111,1,0,0,0,0,0,0,0,0,0
134048219,1,0,0,0,0,0,0,0,0,0
134048390,1,0,0,1,1,0,0,0,1,1
134048433,1,1,0,0,0,1,0,0,0,0
134048472,1,0,1,1,1,1,0,0,1,0
134048490,1,1,1,1,1,1,0,0,1,0
134048526,1,1,0,1,1,1,0,0,0,0
134048833,1,0,0,1,1,0,0,1,0,0
134049048,1,0,0,0,0,0,0,0,0,0
134049054,1,1,1,0,0,0,0,0,0,0
134049127,1,0,0,0,0,0,0,0,0,0
134049286,1,1,0,0,0,1,0,0,0,0
134049682,1,0,0,1,1,1,0,1,1,0
134049760,1,1,0,1,1,1,0,1,1,0
134049984,1,1,0,0,0,1,0,0,0,0
134050139,1,1,1,0,0,0,0,0,0,0
134050162,1,0,0,1,1,0,0,0,0,0
134050173,1,0,0,0,0,0,0,0,0,0
134050178,1,0,0,0,0,0,0,0,0,1
134050225,0,0,0,0,0,0,0,0,0,0
134050274,1,0,0,0,0,0,0,0,0,0
134050333,1,0,0,1,1,1,0,0,0,1
134050353,1,1,1,0,1,1,0,0,0,1
134050456,1,1,0,0,0,0,0,0,0,0
134050490,1,0,0,0,0,0,0,0,0,0
134050497,1,0,0,1,1,0,0,1,0,0
134050625,1,0,0,0,0,0,0,0,0,0
134050642,1,1,0,0,0,0,0,0,0,0
134050772,1,0,1,1,0,0,0,1,0,1
134050779,1,0,1,0,1,1,0,0,0,1
134050969,1,0,0,0,1,1,0,0,0,0
134050972,0,0,0,0,0,0,0,0,0,0
134051059,0,0,0,0,0,0,0,0,0,0
134051102,1,1,0,0,1,1,0,0,0,0
134051129,1,0,0,0,0,1,0,0,1,0
134051158,0,0,0,0,0,0,0,0,0,0
134051174,1,0,1,0,0,1,0,0,0,0
134051198,0,0,0,0,0,0,0,0,0,0
134051477,1,1,1,1,1,1,1,0,0,0
134051502,1,0,0,0,0,0,0,1,0,0
134051719,1,0,0,0,0,0,0,0,0,0
134051732,1,0,0,1,1,0,0,0,0,0
134051764,1,1,0,1,1,0,0,1,1,1
134051766,1,0,0,0,0,1,0,0,0,0
134051806,1,0,0,0,0,0,0,0,0,0
134051836,0,1,0,0,0,0,0,0,0,0
134051913,1,0,0,0,0,1,0,1,0,0
134051938,0,0,0,0,0,0,0,0,0,0
134051979,1,0,0,0,0,0,0,0,0,0
134052056,1,0,0,0,0,0,0,0,0,0
134052112,1,0,0,0,0,0,0,0,0,0
134052115,1,0,0,0,0,0,0,0,0,0
134052150,1,1,0,0,0,0,0,0,1,1
134052383,1,1,0,0,0,0,0,1,1,0
134052465,0,0,0,0,0,0,0,0,0,0
134052506,1,1,0,1,1,0,0,1,1,1
134052783,1,1,0,0,0,0,0,1,0,0
134052804,1,0,0,0,0,0,0,0,0,0
134053033,1,1,0,0,0,0,0,0,0,0
134053077,1,0,0,1,1,0,0,1,1,0
134053122,1,0,0,0,0,0,0,0,0,0
134053222,1,1,0,1,1,1,0,0,1,1
134053244,1,0,0,0,0,0,0,0,0,0
134053300,0,0,0,0,0,1,0,0,0,0
134053348,1,0,0,0,0,1,0,0,0,0
134053433,1,0,0,0,0,0,0,0,0,0
134053455,1,0,1,1,1,0,0,0,0,0
134053466,1,1,0,0,0,0,0,0,0,0
134053511,1,0,0,0,0,0,0,0,0,0
134053523,1,0,0,0,0,0,0,0,0,0
134053577,1,1,0,0,0,0,0,0,0,0
134053601,0,0,0,0,0,0,0,0,0,0
134053856,1,0,0,0,0,0,0,0,0,0
134053872,1,1,0,1,1,1,0,0,0,0
134053873,1,0,0,0,0,1,0,0,0,0
134053877,1,0,0,1,1,0,0,1,1,0
134053893,1,0,0,1,1,1,0,1,0,0
134054098,1,0,0,0,0,0,0,0,1,0
134054255,1,1,0,0,1,1,0,0,0,0
134054325,1,0,1,1,1,1,0,1,1,0
134054474,1,0,0,0,0,0,0,0,0,0
134054481,1,1,0,0,0,0,0,0,0,0
134054487,1,0,0,0,0,0,0,0,1,1
134054674,1,0,0,0,0,1,0,0,1,0
134054734,1,0,0,0,0,0,0,0,0,0
134054854,1,0,0,1,0,1,0,0,0,1
134054914,1,0,0,0,0,0,0,0,0,0
134054959,1,0,0,0,0,1,0,0,0,0
134055099,1,0,0,1,1,0,0,0,0,0
134055216,1,1,0,1,1,0,0,0,0,0
134055359,1,1,0,1,1,1,0,1,0,0
134055419,1,1,0,0,0,0,0,0,1,1
134055430,1,0,0,0,0,0,0,0,1,0
134055568,1,0,0,0,0,0,0,0,0,0
134055815,1,0,0,0,0,0,0,0,1,0
134055980,0,0,0,0,0,0,0,0,0,0
134056132,1,0,0,0,0,1,0,0,1,0
134056173,1,0,0,0,0,0,0,0,0,0
134056176,1,1,0,0,0,0,0,0,0,0
134056211,1,0,0,0,0,0,0,0,0,0
134056229,1,1,1,0,0,0,0,0,0,0
134056461,1,0,0,0,0,1,0,1,0,0
134056597,1,0,0,0,0,0,0,0,0,0
134056679,1,0,0,0,0,0,0,0,0,0
134056706,0,0,0,0,0,0,0,0,0,0
134056719,1,0,0,0,0,0,0,0,0,0
134056974,1,0,0,0,0,0,0,0,0,0
134056981,1,0,0,0,0,0,0,0,0,0
134056995,1,1,0,0,0,0,0,0,0,0
134057006,1,0,0,0,0,0,0,0,0,0
134057046,1,1,0,0,0,1,0,0,0,0
134057071,1,0,0,0,0,0,0,0,0,0
134057217,1,0,0,0,0,0,0,0,0,0
134057384,1,0,0,0,0,1,0,0,0,0
134057454,1,0,0,1,1,0,0,0,0,0
134057534,1,0,0,0,0,0,0,0,0,0
134057831,1,0,0,0,0,0,0,0,0,0
134057833,1,1,0,0,0,0,0,0,0,0
134057915,1,0,0,0,0,0,0,1,1,1
134057971,1,1,1,0,0,1,0,0,0,0
134058225,1,0,0,1,1,1,0,0,0,0
134058240,1,0,0,0,1,0,0,0,1,0
134058410,1,0,0,0,0,1,0,0,0,0
134058478,1,1,0,1,1,1,0,0,0,0
134058550,0,0,0,0,0,0,0,0,0,0
134058566,1,1,0,0,0,1,0,0,0,0
134058773,1,0,1,1,1,1,0,1,1,0
134058807,1,0,0,0,0,1,0,0,0,0
134058967,1,1,0,0,0,1,0,0,0,0
134059057,1,0,0,0,0,0,0,0,0,0
134059226,1,0,0,0,0,0,0,0,0,0
134059395,1,0,0,1,1,1,0,0,0,0
134059420,1,0,0,0,0,1,0,0,0,0
134059798,0,0,0,0,0,0,0,0,0,0
134059943,1,0,0,0,0,0,0,0,0,0
134060144,1,0,0,0,0,1,0,0,0,0
134060156,0,0,0,0,0,0,0,0,0,0
134060202,1,0,0,1,1,0,0,0,1,1
134060232,1,0,0,1,1,0,0,0,1,1
134060266,1,1,0,1,0,1,0,0,0,0
134060545,1,1,0,0,0,0,0,0,1,1
134060610,1,1,0,0,0,0,0,1,0,0
134061399,1,1,1,0,0,0,0,0,1,1
134061453,1,1,0,0,0,1,0,0,0,0
134061500,1,0,0,0,1,1,0,0,0,0
134061526,1,0,0,0,0,0,0,0,0,0
134061863,1,1,0,0,1,1,0,0,1,0
134062228,1,0,1,1,1,1,0,0,0,0
134062384,1,0,0,0,0,0,0,0,0,0
134062523,1,0,0,0,0,1,0,0,0,0
134062941,0,0,0,0,0,0,0,0,0,0
134063040,1,0,0,0,0,0,0,0,0,0
134063246,1,0,0,0,0,0,0,0,0,0
134063494,1,0,0,0,0,0,0,0,0,0
134063577,1,0,0,0,0,0,0,0,0,0
134063583,1,1,1,1,1,0,0,0,0,0
134063746,1,0,0,1,1,1,0,0,0,0
134064594,1,0,0,1,1,0,0,1,0,0
134064628,1,0,0,0,0,0,0,0,0,0
134064931,1,0,0,0,0,0,0,1,1,0
134064972,1,0,0,0,0,1,0,0,0,0
134065136,0,0,0,0,0,0,0,0,0,0
134065252,1,1,1,0,0,0,0,0,0,0
134065279,1,1,0,1,1,1,0,1,0,1
134065320,0,0,0,0,0,0,0,0,0,0
134065324,1,0,0,1,1,0,0,1,0,0
134065340,1,0,0,1,1,1,0,1,0,0
134065716,1,0,0,0,0,0,0,0,0,0
134065761,0,0,0,0,0,0,0,0,0,0
134065766,1,1,0,0,0,0,0,0,0,1
134065838,1,0,0,0,0,0,0,0,0,0
134065847,1,1,0,0,1,0,0,0,0,0
134065869,0,1,0,0,0,0,0,0,0,0
134065870,1,1,0,0,0,0,0,0,0,0
134065920,1,0,0,0,0,1,0,0,0,0
134065924,1,0,0,0,0,0,0,1,0,0
134066039,1,0,0,0,0,0,0,1,0,0
134066135,1,0,0,0,0,0,0,0,0,0
134066236,1,1,0,1,1,1,0,0,0,0
134066491,1,0,0,0,0,0,0,0,0,0
134066548,0,0,0,0,0,0,0,0,0,0
134066553,1,1,0,0,0,1,0,0,0,0
134067253,1,1,0,1,1,1,0,0,0,0
134067262,1,0,1,0,0,0,0,0,0,0
134067347,1,0,0,1,1,1,0,0,0,0
134067364,0,0,0,0,0,0,0,0,0,0
134067695,1,1,0,0,0,1,0,1,1,1
134067709,1,1,0,0,0,1,0,0,1,1
134067778,1,1,0,0,0,0,0,0,1,1
134067784,1,0,0,1,1,0,1,0,1,1
134067796,1,0,0,0,0,0,0,1,1,1
134067798,0,0,0,0,0,0,0,0,0,0
134067918,1,1,0,0,0,0,0,0,1,0
134067937,1,1,0,1,1,1,0,0,0,0
134068109,1,0,0,0,0,0,0,0,0,0
134068112,1,0,0,1,0,0,0,0,0,0
134068241,1,0,0,0,0,0,0,1,1,1
134068242,1,0,0,1,0,1,0,1,0,0
134068245,1,1,0,1,1,1,1,1,0,0
134068311,0,0,0,0,0,0,0,0,0,0
134068364,0,0,0,0,0,0,0,0,0,0
134068431,1,0,0,0,0,0,0,1,1,1
134068581,1,0,0,0,0,0,0,0,0,0
134068684,0,0,0,0,0,0,0,0,0,0
134068709,1,0,0,1,1,0,0,0,1,1
134068731,1,0,0,0,0,0,0,0,0,0
134068746,1,1,0,0,0,0,0,0,0,0
134068748,1,0,0,1,1,0,1,0,1,1
134068829,1,0,1,0,0,0,0,0,1,1
134068857,1,0,0,1,1,0,1,0,1,1
134068864,1,0,0,1,1,1,0,0,0,1
134069031,1,0,0,1,1,0,1,0,1,1
134069135,0,0,0,0,0,0,0,0,0,0
134069334,1,0,0,0,0,0,0,0,0,0
134069375,1,0,0,0,0,0,0,0,0,1
134069423,1,0,0,1,1,1,0,0,0,1
134069537,1,0,0,0,0,0,0,0,0,0
134069557,0,0,0,0,0,0,0,0,0,0
134069644,0,0,0,0,0,0,0,0,0,0
134069661,1,0,0,0,0,0,0,0,0,0
134069669,1,0,1,1,0,0,0,1,1,1
134069794,1,0,0,0,0,0,0,0,0,0
134069846,1,0,0,0,0,1,0,0,0,0
134069906,1,0,0,0,0,1,0,0,0,0
134069954,1,0,1,1,1,1,0,0,0,1
134070082,0,0,0,0,0,0,0,0,0,0
134070193,0,0,0,0,0,0,0,0,0,0
134070288,1,0,0,0,0,1,0,0,0,0
134070371,1,0,0,0,0,0,0,0,0,0
134070435,1,1,0,0,0,1,0,0,0,0
134070439,1,1,1,0,1,1,0,0,0,0
134070511,1,0,0,0,0,0,0,0,0,0
134070555,1,0,0,0,0,0,0,0,0,0
134070599,1,0,1,1,1,0,1,1,0,0
134070617,1,0,0,0,0,0,0,0,0,0
134070719,1,0,0,1,1,0,0,1,0,0
134070786,1,0,0,0,0,0,0,0,0,0
134070939,1,0,0,0,1,1,0,0,0,0
134070943,1,0,0,1,1,1,0,0,1,1
134071057,1,0,0,1,1,1,0,1,1,0
134071131,1,0,0,1,1,1,0,1,0,0
134071133,1,0,0,0,0,0,0,0,0,0
134071138,1,0,0,1,0,1,0,1,0,0
134071217,1,0,0,0,0,0,0,0,0,0
134071232,1,0,0,1,1,1,0,1,1,0
134071267,1,0,0,0,0,0,0,0,0,0
134071353,1,0,0,0,0,0,0,0,0,0
134071354,1,1,0,0,0,0,0,0,0,0
134071361,0,0,0,0,0,0,0,0,0,0
134071401,1,1,0,1,1,0,0,0,0,0
134071439,1,1,0,0,0,0,0,0,0,1
134071507,1,0,0,0,0,0,0,0,0,0
134071595,0,0,0,0,0,0,0,0,0,0
134071732,1,0,0,0,0,0,0,0,0,0
134071759,1,0,0,0,0,0,0,0,0,0
134071762,1,0,0,0,0,0,0,0,1,0
134071860,1,0,0,0,0,0,0,0,0,0
134071881,1,1,1,0,0,0,0,0,0,0
134071921,1,0,0,0,0,0,0,0,0,0
134072009,1,1,1,1,1,1,0,1,0,0
134072025,1,0,0,0,0,0,0,0,0,0
134072049,1,1,1,0,0,1,0,0,0,0
134072176,1,0,0,0,1,0,0,0,0,0
134072309,1,0,0,0,0,0,0,0,0,0
134072327,1,1,0,0,0,1,0,0,0,0
134072329,1,0,0,1,1,1,0,0,0,1
134072356,1,1,0,0,0,1,0,0,0,0
134072510,1,0,0,1,1,1,0,0,0,1
134072534,1,0,0,1,1,0,1,0,0,0
134072567,0,0,0,0,0,0,0,0,0,0
134072594,1,0,0,1,0,1,0,0,0,0
134072708,1,1,1,0,0,0,0,0,1,1
134072812,1,0,0,0,0,0,0,0,0,0
134072829,1,0,0,0,0,0,0,0,0,0
134072857,1,0,0,1,1,1,0,0,0,0
134073077,0,0,0,0,0,0,0,0,0,0
134073142,1,0,0,0,0,0,0,0,0,0
134073596,1,0,0,0,0,0,0,0,0,1
134073687,1,1,0,0,0,1,0,0,0,0
134073742,1,0,0,0,0,0,0,0,0,0
134073760,1,0,0,0,0,0,0,0,0,0
134073771,1,0,0,1,1,0,0,0,0,0
134073847,1,0,0,1,1,0,1,0,0,1
134073901,1,1,0,0,0,0,0,0,0,1
134073936,1,0,0,0,0,0,0,0,0,0
134074069,1,1,0,0,0,0,0,0,0,0
134074179,1,0,1,1,1,0,1,0,1,1
134074271,1,0,0,0,0,0,0,0,0,0
134074296,1,0,0,0,0,0,0,0,0,0
134074303,1,0,0,1,1,1,0,0,0,1
134074318,1,0,0,1,1,1,0,0,0,1
134074336,1,0,0,0,0,0,0,0,0,0
134074341,1,0,0,0,0,1,0,0,0,0
134074441,1,0,1,1,1,0,1,0,1,1
134074467,1,0,0,1,1,0,1,0,0,1
134074494,1,0,0,0,0,0,0,0,0,0
134074567,1,0,0,1,1,0,0,0,0,0
134074576,1,0,0,1,1,0,0,0,1,1
134074584,1,1,0,1,1,1,0,0,0,0
134074592,1,0,0,0,0,0,0,0,0,0
134074654,0,0,0,0,0,0,0,0,0,0
134074695,1,0,0,0,0,0,0,0,0,0
134074764,1,0,0,0,0,0,0,1,1,1
134074768,1,0,0,0,0,0,0,0,0,0
134074865,1,0,0,0,0,0,0,0,0,0
134074913,1,0,0,1,1,1,0,0,0,1
134074980,1,0,0,0,0,0,0,0,1,1
134075172,1,0,0,0,0,0,0,0,0,0
134075216,1,0,1,0,0,1,0,0,0,0
134075226,1,0,0,0,0,0,0,0,0,0
134075290,1,0,0,0,0,1,0,0,1,0
134075361,1,0,0,0,0,1,0,0,1,0
134075378,1,0,1,1,1,0,0,0,0,0
134075390,0,0,0,0,0,0,0,0,0,0
134075399,1,0,0,0,0,0,0,0,0,0
134075408,1,0,0,0,0,0,0,0,1,0
134075490,1,1,0,0,0,0,0,0,1,0
134075510,1,0,0,1,1,1,0,0,0,0
134075866,1,0,0,0,0,0,0,0,0,0
134075892,1,0,0,0,0,0,0,0,0,0
134075928,1,0,0,1,1,0,1,0,0,1
134075962,1,0,0,1,1,0,1,0,0,1
134076072,1,0,0,1,1,0,1,0,0,1
134076123,1,0,0,0,1,1,0,0,0,0
134076214,1,1,0,0,0,0,0,0,0,0
134076314,1,1,0,0,0,1,0,0,0,0
134076319,1,1,0,0,0,0,0,0,0,0
134076436,1,0,0,1,1,1,0,0,0,0
134076699,1,0,0,1,1,0,0,0,0,0
134076839,1,0,0,1,1,0,0,0,0,0
134076956,1,0,0,1,1,0,0,0,0,0
134077117,0,0,0,0,0,0,0,0,0,0
134077154,1,0,0,0,0,0,0,0,0,0
134077156,1,0,0,1,1,0,0,1,0,0
134077222,0,0,0,0,0,0,0,0,0,0
134077223,1,0,0,0,0,0,0,0,0,0
134077279,1,0,0,1,1,1,0,0,0,1
134077314,1,0,0,0,0,0,0,0,0,0
134077331,0,0,0,0,0,0,0,0,0,0
134077376,0,0,0,0,0,0,0,0,0,0
134077449,1,0,0,1,1,1,0,0,0,1
134077521,1,1,0,1,1,1,0,0,0,1
134077593,1,0,0,0,0,0,0,0,0,0
134077675,1,0,0,0,0,0,0,0,0,0
134077711,0,0,0,0,0,0,0,0,0,0
134077749,1,0,0,0,0,0,0,0,0,0
134077806,1,0,0,0,0,0,0,1,0,0
134077852,0,0,0,0,0,0,0,0,0,0
134077951,1,0,0,0,0,0,0,0,0,0
134078127,1,0,0,0,0,0,0,0,0,0
134078134,1,0,0,0,0,0,0,0,0,0
134078174,1,0,0,0,0,0,0,0,0,0
134078275,1,0,0,0,0,0,0,0,0,0
134078421,1,0,0,0,0,0,0,0,0,1
134078656,1,1,0,0,0,0,0,0,0,0
134078698,1,1,0,0,0,0,0,0,0,0
134078770,0,0,0,0,0,0,0,0,0,0
134078835,1,0,0,1,0,1,0,0,1,0
134078868,1,1,0,0,1,1,0,0,0,0
134078921,1,0,0,0,0,0,0,0,0,0
134078954,1,0,1,0,0,1,0,1,0,0
134079099,1,0,0,1,1,0,1,0,0,0
134079193,1,0,0,0,1,1,0,0,0,0
134079265,1,0,0,0,0,0,0,0,1,1
134079313,1,0,0,0,0,0,0,0,0,0
134079367,0,0,0,0,0,0,0,0,0,0
134079578,1,0,0,0,0,0,0,0,0,0
134079614,0,0,0,0,0,0,0,0,0,0
134079648,1,0,0,0,0,0,0,0,0,0
134079649,1,1,0,0,0,1,0,0,0,0
134079802,1,0,0,0,0,0,0,0,0,0
134079957,0,0,0,0,0,0,0,0,0,0
134080023,1,0,0,1,1,0,0,0,1,1
134080157,1,0,1,1,1,0,1,0,1,1
134080410,0,0,0,0,0,0,0,0,0,0
134080486,1,0,0,0,0,1,0,0,0,0
134080505,1,1,0,0,0,0,0,0,0,0
134080547,0,0,0,0,0,0,0,0,0,0
134080593,0,0,0,0,0,0,0,0,0,0
134080665,1,0,0,0,0,0,0,0,0,0
134080736,1,0,0,0,0,1,0,0,0,0
134080768,1,0,0,0,0,0,0,0,0,0
134080775,1,0,0,1,1,1,0,1,0,1
134080869,1,1,0,0,0,1,0,0,1,0
134080982,1,1,1,1,0,0,0,0,0,0
134081013,1,0,0,0,1,0,0,0,0,0
134081152,1,1,0,0,0,0,0,0,1,0
134081418,1,0,1,1,1,1,0,0,0,1
134081531,1,0,0,0,0,0,0,0,0,0
134081550,0,0,0,0,0,0,0,0,0,0
134081651,1,1,0,0,0,0,0,0,0,0
134081732,1,0,0,1,1,1,0,0,1,0
134081735,0,0,0,0,0,0,0,0,0,0
134081758,1,0,0,1,1,1,0,0,1,0
134081781,1,0,0,1,1,1,0,0,1,0
134081790,1,0,1,0,0,0,0,0,0,0
134081946,1,0,0,0,0,1,0,0,0,0
134081986,1,0,0,1,1,1,0,1,1,0
134082053,1,0,0,1,1,1,0,1,1,0
134082068,1,1,1,0,0,0,0,0,1,1
134082118,1,1,1,0,0,0,0,0,0,0
134082163,1,0,0,0,0,1,0,0,0,0
134082169,1,0,0,1,1,0,0,0,0,0
134082211,1,0,0,0,0,0,0,1,0,0
134082474,1,1,0,0,0,1,0,0,0,0
134082589,1,0,0,0,0,0,0,0,0,1
134082659,1,1,0,1,0,1,0,0,0,0
134082742,1,1,0,0,0,0,0,0,0,0
134082753,1,0,0,0,0,0,0,0,0,0
134083053,1,1,0,0,0,0,0,0,0,0
134083435,1,1,0,1,0,0,0,0,0,0
134083520,1,0,0,0,0,0,0,0,0,0
134083550,1,0,0,0,0,1,0,0,0,0
134083699,1,0,0,0,0,1,0,0,0,0
134083710,1,0,0,1,1,1,0,0,0,0
134083805,1,1,0,0,0,1,0,0,0,0
134083837,1,0,0,0,0,0,0,0,0,0
134083928,1,0,1,0,0,1,0,0,0,0
134083950,0,0,0,0,0,0,0,0,0,0
134084286,1,0,0,0,0,0,0,0,0,0
134084327,1,0,0,0,0,0,0,0,0,0
134084408,1,0,0,0,0,0,0,0,0,0
134084734,1,0,1,0,0,0,0,0,0,0
134086196,1,1,0,1,1,1,0,1,0,0
134086206,1,0,0,0,0,0,0,0,0,0
134086226,1,1,0,0,0,1,0,0,0,0
134086247,1,1,0,0,0,0,0,1,0,0
134086260,1,0,0,0,0,1,0,0,0,0
134086287,1,0,1,1,1,0,0,0,0,0
134086298,1,1,0,1,1,1,0,0,1,1
134086485,1,0,0,0,0,0,0,1,1,1
134086548,0,0,0,0,0,0,0,0,0,0
134086640,1,0,0,0,0,0,0,0,0,0
134086707,1,0,0,1,1,1,0,0,0,0
134086745,1,0,0,0,0,0,0,0,0,0
134086749,1,1,1,0,0,0,0,0,0,0
134086824,1,0,0,0,0,0,0,0,0,0
134086838,1,1,1,0,0,0,0,0,0,0
134086875,1,0,0,0,0,0,0,0,0,0
134087037,1,0,1,1,1,0,0,0,0,0
134087150,1,1,0,0,0,0,0,0,0,0
134087389,1,1,0,1,1,1,0,1,0,0
134087565,1,1,0,0,0,0,0,0,0,0
134087687,1,1,1,0,1,0,0,0,0,0
134087756,1,1,0,0,0,0,0,0,0,0
134087761,1,0,0,0,0,1,0,0,0,0
134087785,1,0,0,1,1,1,0,0,0,0
134087844,1,0,0,0,0,1,0,0,0,0
134087908,1,1,1,0,0,0,0,0,1,1
134088005,1,0,0,0,0,0,0,0,0,0
134088047,1,0,0,0,0,0,0,0,0,0
134088056,1,0,0,1,1,1,0,0,0,0
134088125,1,0,0,0,0,0,0,0,1,1
134088257,1,0,0,1,1,0,0,0,1,1
134088260,1,0,0,0,0,0,0,0,0,0
134088270,1,0,0,0,0,1,0,0,0,0
134088318,1,0,0,0,0,0,0,0,0,0
134088325,1,0,0,0,0,0,0,0,0,0
134088353,1,1,0,1,1,1,0,0,0,0
134088493,1,0,0,0,0,1,0,0,0,0
134088538,1,1,0,0,0,0,0,0,1,0
134088582,1,0,0,0,0,1,0,0,0,0
134088600,1,0,1,1,1,0,0,0,0,0
134088706,1,0,0,0,0,1,0,0,0,0
134088730,1,0,0,1,1,0,0,1,0,0
134089088,1,0,0,1,1,1,0,0,0,1
134089112,1,0,0,0,0,0,0,0,0,0
134089129,1,0,0,0,0,1,0,0,0,0
134089140,1,0,0,1,1,0,0,1,0,0
134089302,1,0,0,0,0,0,0,0,0,0
134089451,1,1,0,0,0,0,0,0,0,0
134089471,1,0,0,0,0,0,0,0,0,0
134089500,1,1,0,0,0,0,0,0,0,0
134089589,1,0,1,0,0,0,0,0,0,0
134089646,1,1,0,0,0,0,0,0,0,0
134089736,1,0,0,0,0,0,0,0,0,0
134089863,1,0,0,0,0,0,0,0,0,0
134089988,1,0,1,1,1,0,0,0,0,0
134090219,1,0,0,0,0,0,0,0,0,0
134090416,1,0,0,0,0,0,0,0,0,0
134090571,1,0,0,0,0,0,0,0,0,0
134090674,1,0,0,0,0,0,0,0,1,1
134090804,1,0,0,1,1,1,0,0,0,1
134090857,0,0,0,0,0,0,0,0,0,0
134090900,1,0,0,1,1,1,0,0,0,1
134090955,1,0,0,0,0,0,0,0,1,1
134091058,0,0,0,0,0,0,0,0,0,0
134091083,1,0,0,1,1,1,0,0,0,1
134091141,1,0,0,1,1,0,0,0,0,0
134091337,1,0,0,1,1,1,0,0,0,1
134091352,1,0,0,1,1,1,0,0,0,1
134091353,0,0,0,0,0,0,0,0,0,0
134091370,1,0,1,1,1,1,0,0,0,0
134091418,1,0,0,0,0,0,0,0,0,0
134091722,1,1,0,1,1,0,0,0,0,0
134091780,1,0,0,1,1,0,0,0,0,0
134091856,1,1,0,1,1,1,0,1,0,1
134092012,1,1,0,1,1,0,0,1,1,1
134092051,1,1,0,1,1,1,0,0,0,0
134092116,1,0,0,0,0,0,0,0,0,0
134092134,1,1,0,0,0,0,0,0,0,0
134092169,0,0,0,0,0,0,0,0,0,0
134092401,1,0,0,0,0,0,0,0,0,0
134092552,1,0,0,0,0,0,0,0,0,0
134092572,1,0,1,1,1,1,1,1,1,1
134092648,1,0,0,0,0,0,0,0,0,0
134092816,1,1,0,0,0,0,0,0,0,0
134092851,1,0,0,0,0,0,0,0,0,0
134092900,1,0,0,0,0,1,0,0,0,0
134092911,1,0,0,1,1,1,1,1,1,0
134093008,1,0,0,0,0,0,0,0,0,0
134093455,1,1,1,0,0,0,0,0,1,0
134093490,1,0,1,1,1,1,1,0,0,0
134093561,1,0,0,1,0,0,0,0,0,0
134093563,1,1,0,0,0,1,0,0,0,0
134093628,1,0,0,0,0,0,0,1,1,0
134093748,1,0,0,0,0,1,0,1,0,0
134093878,1,0,0,0,0,1,0,0,0,0
134093885,1,1,0,1,1,0,1,0,0,1
134093920,0,0,0,0,0,0,0,0,0,0
134093995,0,0,0,0,0,0,0,0,0,0
134094044,1,0,0,0,0,0,0,0,0,0
134094159,1,0,0,0,0,0,0,0,0,0
134094356,1,0,0,0,0,1,0,0,0,0
134094596,1,1,0,0,0,0,0,0,0,0
134094638,1,1,0,0,0,0,0,0,0,0
134094698,1,0,0,0,0,0,0,0,0,0
134094700,1,0,0,0,0,0,0,0,1,0
134094701,1,1,0,0,0,0,0,0,0,0
134094751,0,0,0,0,0,0,0,0,0,0
134094783,1,0,1,1,1,0,1,0,1,1
134094826,1,0,0,1,1,0,0,0,0,0
134095192,1,0,0,1,1,1,1,0,0,1
134095344,1,0,0,1,0,1,0,1,0,1
134095367,1,0,0,1,1,0,0,0,1,0
134095457,1,0,0,1,1,0,0,0,0,0
134095490,1,0,0,0,0,0,0,1,0,0
134095569,1,1,0,0,0,0,0,0,0,0
134095650,1,0,0,0,0,0,0,0,1,0
134095727,1,1,0,0,0,1,0,0,0,0
134095842,1,0,0,0,0,1,0,0,0,0
134095974,1,0,0,0,0,0,0,0,0,0
134095998,1,0,0,0,0,0,0,0,1,0
134096007,1,0,0,0,1,0,0,0,0,0
134096028,1,0,0,1,1,0,0,0,1,0
134096132,1,0,0,1,1,0,1,0,1,0
134096208,1,0,0,0,0,0,0,1,0,0
134096618,1,0,0,0,0,1,0,0,0,0
134096663,1,1,0,0,0,0,0,0,0,0
134096859,1,1,0,0,0,0,0,0,0,0
134096907,1,0,0,0,0,0,0,0,1,1
134096925,1,1,0,0,0,0,0,0,1,0
134097061,1,1,1,0,0,0,0,0,0,0
134097277,0,0,0,0,0,0,0,0,0,0
134097509,1,0,0,0,0,0,0,1,0,0
134097559,1,0,0,0,0,0,0,0,0,0
134097575,1,0,0,0,0,0,0,0,0,0
134097576,1,0,0,0,0,0,0,0,0,0
134097638,1,0,0,0,1,0,0,0,0,0
134097937,1,1,0,0,0,0,0,0,0,0
134097991,1,0,0,0,0,0,0,1,1,1
134098008,1,0,0,0,0,0,0,0,0,0
134098009,1,0,0,0,0,0,0,0,0,0
134098168,0,0,0,0,0,0,0,0,0,0
134098182,1,1,1,0,0,0,0,0,0,0
134098184,1,0,0,0,0,0,0,1,0,1
134098668,0,0,0,0,0,0,0,0,0,0
134098713,1,1,0,1,1,1,0,0,0,1
134098855,0,0,0,0,0,0,0,0,0,0
134098939,1,1,0,1,1,0,0,1,1,1
134099125,1,0,0,0,0,0,0,0,0,0
134099173,1,1,0,0,0,1,0,0,0,0
134099221,0,0,0,0,0,0,0,0,0,0
134099263,0,0,0,0,0,0,0,0,0,0
134099474,1,1,0,1,1,1,0,1,0,0
134099541,1,1,1,0,1,1,0,0,0,0
134099547,1,0,0,0,0,1,0,1,0,0
134099633,1,0,0,0,0,1,0,1,0,0
134099732,1,1,0,0,0,0,0,0,0,0
134099830,1,0,0,0,0,1,0,1,0,0
134099851,1,0,0,1,1,0,0,1,1,0
134099852,1,0,0,1,0,0,0,1,0,0
134099865,0,0,0,0,0,0,0,0,0,0
134099967,1,0,0,0,0,0,0,0,0,0
134100210,1,0,0,0,0,0,0,0,0,1
134100234,1,0,0,0,0,0,0,0,0,0
134100444,1,0,0,0,0,0,0,0,0,0
134100538,1,1,0,0,0,1,0,0,0,0
134101142,1,0,0,0,1,1,0,0,0,0
134101247,1,0,0,1,0,0,0,0,0,0
134101474,1,0,0,0,0,0,0,1,1,1
134101570,1,1,1,0,0,1,0,0,0,0
134101616,1,0,0,1,1,0,0,0,0,0
134102028,1,0,1,1,1,1,0,0,1,0
134102325,1,0,0,1,1,1,0,0,0,0
134102358,0,0,0,0,0,0,0,0,0,0
134102416,0,0,0,0,0,0,0,0,0,0
134102464,1,1,0,0,0,1,0,0,0,0
134102560,1,1,0,0,0,0,0,0,1,1
134102650,1,0,0,0,0,1,0,0,0,0
134102978,1,0,0,0,0,0,0,0,0,0
134103044,1,0,0,0,0,1,0,0,1,0
134103135,1,0,0,0,0,0,0,0,0,0
134103150,0,0,0,0,0,0,0,0,0,0
134103186,0,0,0,0,0,0,0,0,0,0
134103204,0,0,0,0,0,0,0,0,0,0
134103293,1,0,0,0,0,0,0,0,0,0
134103516,1,1,0,0,0,0,0,0,0,0
134103556,1,0,0,0,0,0,0,0,0,0
134103616,0,0,0,0,0,0,0,0,0,0
134104096,1,0,0,0,0,0,0,0,0,0
134104193,1,1,0,0,0,0,0,0,0,0
134104216,1,1,1,0,1,1,0,0,0,1
134104348,0,0,0,0,0,0,0,0,0,0
134104615,1,0,0,0,0,0,0,0,1,0
134104645,1,0,0,0,0,1,0,0,0,0
134104752,1,0,0,0,0,0,0,0,0,0
134104767,1,0,0,0,0,0,0,0,0,0
134104783,1,0,0,0,0,0,0,0,0,0
134105011,1,0,0,1,1,0,0,0,0,0
134105038,1,0,0,0,0,0,0,0,0,0
134105069,1,0,0,0,0,0,0,0,0,0
134105112,1,0,0,1,1,1,0,1,1,1
134105132,1,0,0,0,0,0,0,0,0,0
134105596,1,0,0,0,0,0,0,0,0,0
134105662,1,1,0,0,0,0,0,0,0,0
134105711,1,0,0,0,0,1,0,0,0,0
134106214,1,0,0,0,0,1,0,0,1,0
134106297,0,0,0,0,0,0,0,0,0,0
134106352,1,0,0,0,0,0,0,0,0,0
134106361,1,0,1,0,0,0,0,0,0,0
134106369,1,0,0,0,0,0,0,0,0,0
134106436,1,0,0,0,0,0,0,0,0,0
134106477,1,0,0,1,1,1,0,1,1,1
134106583,0,0,0,0,0,0,0,0,0,0
134106638,1,0,0,1,1,0,0,1,0,0
134106692,1,0,0,0,0,0,0,0,0,0
134106698,0,0,0,0,0,0,0,0,0,0
134106725,1,1,1,0,0,0,0,0,0,0
134106820,1,0,1,0,0,1,0,0,0,1
134106858,1,1,0,0,0,0,0,0,0,0
134107005,0,0,0,0,0,0,0,0,0,0
134107056,1,1,0,0,0,1,0,0,0,0
134107115,1,1,0,1,1,0,0,0,0,0
134107122,1,1,0,0,0,0,0,0,1,0
134107177,1,0,0,0,0,0,0,0,0,0
134107249,1,0,0,0,0,0,0,0,0,0
134107286,1,0,0,0,0,0,0,0,0,0
134107336,1,0,0,0,0,0,0,0,0,0
134107361,1,0,0,0,0,0,0,0,0,0
134107429,1,0,0,0,0,0,0,0,0,0
134107856,1,1,0,0,0,0,0,1,0,0
134107921,1,0,0,0,0,1,0,1,1,0
134108103,1,1,0,0,0,1,0,0,0,0
134108118,1,0,0,0,0,0,0,0,0,1
134108131,0,0,0,0,0,0,0,0,0,0
134108194,0,0,0,0,0,0,0,0,0,0
134108248,1,1,0,1,1,1,0,0,0,0
134108316,1,0,0,0,0,0,0,0,0,0
134108467,1,0,0,0,0,0,0,0,0,0
134108593,1,0,0,0,0,0,0,0,0,0
134108615,1,1,0,1,1,0,0,0,0,0
134108651,1,1,0,0,1,1,0,0,0,0
134108710,1,1,0,0,0,0,0,0,0,0
134108740,1,1,0,1,1,1,0,0,0,1
134108839,0,0,0,0,0,0,0,0,0,0
134109019,1,0,0,1,1,1,0,0,0,0
134109205,1,1,0,0,0,0,0,0,1,0
134109531,1,0,0,0,0,0,0,0,0,0
134109586,1,0,0,0,0,0,0,0,0,0
134109610,1,0,1,1,1,1,0,1,0,0
134109629,1,1,0,0,1,1,0,0,0,0
134109714,1,0,0,0,0,1,0,0,0,0
134109752,0,0,0,0,0,0,0,0,0,0
134109833,1,0,0,1,1,0,0,0,0,0
134109908,1,0,1,0,0,0,0,1,0,0
134109927,1,1,0,1,1,1,0,0,0,0
134109944,1,1,0,0,0,0,0,0,0,0
134109945,1,0,0,1,1,1,0,0,0,0
134109983,1,0,0,0,0,0,0,0,0,0
134110063,1,0,0,0,0,1,0,0,0,0
134110178,1,0,0,1,0,1,0,0,0,0
134110217,1,0,0,0,0,0,0,0,0,0
134110224,1,0,0,0,0,0,0,0,0,0
134110432,0,0,0,0,0,0,0,0,0,0
134110436,1,1,0,0,0,0,0,0,0,0
134110629,1,0,0,0,0,0,0,0,0,0
134110710,1,0,0,0,0,0,0,0,0,0
134110716,1,1,0,0,0,1,0,0,0,0
134110743,1,0,0,0,0,0,0,0,0,0
134110774,1,0,0,0,0,0,0,0,0,1
134111019,1,1,0,0,0,1,0,1,0,1
134111026,1,0,1,0,0,0,0,0,0,0
134111281,1,0,0,0,0,0,0,0,1,1
134111442,0,0,0,0,0,0,0,0,0,0
134111446,1,1,0,0,0,0,0,0,0,0
134111501,1,0,0,0,0,0,0,0,0,0
134111844,1,0,0,0,0,0,0,0,0,0
134112145,1,1,0,0,0,0,0,0,0,1
134112345,1,0,0,0,0,0,0,0,0,0
134112487,1,0,0,0,0,0,0,0,0,0
134112512,1,0,0,1,1,0,1,0,0,1
134112534,1,0,1,1,1,0,1,1,1,1
134112586,1,0,0,1,1,0,0,0,0,0
134112590,0,0,0,0,0,0,0,0,0,0
134112617,1,1,0,0,0,0,0,0,0,0
134112722,1,0,1,1,1,0,1,0,1,1
134112834,1,1,0,1,1,1,0,0,1,1
134113105,1,0,0,0,0,0,0,0,0,1
134113203,1,1,1,1,1,0,1,0,1,1
134113209,1,1,0,0,0,1,0,0,0,0
134113287,1,0,0,1,1,0,1,0,1,1
134113349,1,0,0,1,1,0,1,0,1,1
134113490,1,0,0,1,1,0,0,0,0,0
134113715,1,0,0,1,1,0,1,0,0,1
134113745,1,0,0,0,0,0,0,0,0,0
134113748,1,0,0,0,0,0,0,0,0,0
134113816,1,0,0,0,0,1,0,0,0,0
134113818,1,0,0,0,0,0,0,1,1,1
134113901,0,0,0,0,0,0,0,0,0,1
134113907,1,0,0,0,0,1,0,0,0,1
134113950,0,1,0,0,0,0,0,0,0,0
134113994,1,0,1,1,1,1,0,1,1,0
134114043,1,1,0,0,0,0,0,0,0,0
134114099,1,0,0,0,0,0,0,0,1,1
134114434,1,0,0,0,0,0,0,0,0,0
134114437,0,0,0,0,0,0,0,0,0,0
134114511,1,1,0,0,0,1,0,0,0,0
134114656,1,1,0,0,0,0,0,0,0,0
134114674,1,1,1,1,1,1,0,1,0,0
134114788,1,0,0,0,0,1,0,0,0,0
134114971,0,0,0,0,0,0,0,0,0,0
134115021,0,0,0,0,0,0,0,0,0,0
134115177,1,0,1,0,0,0,0,0,0,0
134115184,1,0,0,1,1,1,0,1,0,1
134115190,1,1,0,0,0,1,0,0,0,0
134115269,1,0,0,0,0,1,0,0,0,0
134115302,1,0,1,0,0,0,0,0,0,1
134115512,1,1,0,0,0,0,0,0,0,0
134115543,1,0,0,0,0,0,0,0,0,0
134115618,0,0,0,0,0,0,0,0,0,0
134115663,1,0,1,0,0,0,0,0,0,1
134115752,0,0,0,0,0,0,0,0,0,0
134115858,0,0,0,0,0,0,0,0,0,0
134115950,1,0,0,0,0,0,0,0,0,0
134116225,1,1,0,0,0,0,0,0,1,1
134116384,1,1,0,0,0,0,0,0,0,0
134116401,1,1,0,0,0,0,0,0,1,1
134116494,1,0,0,0,0,0,0,0,0,0
134116568,1,0,0,0,0,0,0,0,0,0
134116594,1,1,0,1,1,0,1,0,0,1
134116708,1,0,0,1,1,0,0,1,0,1
134116741,1,1,0,0,0,1,0,1,0,0
134116881,1,1,1,0,0,1,0,0,0,0
134116902,1,0,0,0,0,0,0,0,0,0
134116906,1,0,0,1,1,0,1,0,0,0
134116944,1,0,0,1,1,1,0,1,0,1
134116964,0,0,0,0,0,0,0,0,0,0
134117008,1,1,0,1,1,0,0,1,0,1
134117076,1,1,0,0,0,0,0,0,0,0
134117104,1,0,0,1,1,0,0,0,0,0
134117149,1,1,0,0,0,1,0,1,0,0
134117231,0,0,0,0,0,0,0,0,0,0
134117331,1,1,0,0,0,0,0,0,0,0
134117345,0,0,0,0,0,0,0,0,1,0
134117384,1,0,0,0,0,0,0,0,0,0
134117395,1,1,0,0,0,0,0,0,0,0
134117465,1,0,0,0,0,0,0,0,0,0
134117537,1,0,0,0,0,0,0,1,0,0
134117694,1,1,1,1,0,1,0,0,0,0
134117906,1,0,0,0,0,0,0,0,0,0
134117991,1,0,0,0,0,1,0,0,0,0
134118054,1,0,0,1,1,1,0,0,0,0
134118116,1,1,0,0,0,0,0,0,0,0
134118130,1,0,0,0,0,0,0,0,0,0
134118150,1,0,0,1,1,0,0,1,0,1
134118270,1,1,0,0,0,0,0,0,0,0
134118276,1,0,0,1,1,0,0,1,0,1
134118338,1,0,0,0,0,0,0,0,0,0
134118392,1,0,0,0,0,0,0,0,0,0
134118551,1,0,0,1,1,1,0,0,0,0
134118552,1,1,0,0,1,1,0,1,0,0
134118576,1,0,0,1,1,1,0,0,0,0
134118619,1,0,0,0,0,0,0,0,0,0
134118631,1,1,0,0,0,0,0,0,1,1
134118795,1,1,0,0,1,1,0,1,0,0
134119094,1,0,0,0,0,0,0,0,0,0
134119217,1,0,0,0,0,0,0,0,0,0
134119235,1,0,0,0,0,0,0,0,0,0
134119272,1,0,1,1,1,0,1,0,0,1
134119356,1,0,0,0,0,1,0,0,0,0
134119412,1,0,1,1,1,0,1,0,1,1
134119599,1,0,0,0,0,0,0,0,1,0
134119621,1,0,0,0,0,0,0,0,1,0
134119739,1,0,0,0,0,0,0,0,0,1
134119833,0,0,0,0,0,0,0,0,0,0
134119996,1,0,1,1,1,0,1,0,1,1
134120157,1,0,0,0,0,0,0,0,0,0
134120194,1,1,0,0,0,0,0,0,0,0
134120212,1,0,0,0,0,0,0,0,0,0
134120241,1,0,0,1,1,1,0,0,0,0
134120347,1,0,0,0,0,0,0,0,0,0
134120393,1,0,0,0,0,0,0,0,0,0
134120437,0,0,0,0,0,0,0,0,0,0
134120447,1,0,0,0,0,1,0,0,0,0
134120531,1,0,1,1,1,1,0,0,0,0
134120536,1,0,0,0,0,1,0,0,0,0
134120552,1,0,0,0,0,1,0,0,0,0
134120918,1,0,0,0,0,0,0,0,0,0
134121043,1,0,0,0,0,0,0,0,0,0
134121151,1,0,0,1,1,1,0,1,0,1
134121989,1,0,0,0,0,0,0,0,0,0
134122081,1,0,1,1,1,0,1,0,1,1
134122104,1,1,0,0,0,0,0,0,0,0
134122108,1,0,0,1,1,0,0,1,0,0
134122277,1,0,1,0,0,0,0,0,0,0
134122333,1,0,0,0,1,1,0,0,0,0
134122570,1,0,0,1,1,0,0,0,0,0
134122768,1,1,0,1,0,1,0,0,0,0
134122788,1,1,1,1,1,1,0,1,0,0
134122807,1,1,0,0,0,1,0,0,0,0
134122859,1,0,0,1,1,0,0,0,0,0
134123014,1,0,0,0,0,0,0,0,0,0
134123074,1,1,0,0,0,0,0,0,0,0
134123305,1,1,0,1,0,1,1,1,0,0
134123462,1,0,0,0,0,0,0,0,0,0
134123488,1,0,1,0,0,0,0,0,0,0
134123694,1,1,0,1,1,0,1,0,1,1
134123716,1,0,0,1,1,1,0,0,0,0
134123833,1,0,0,0,0,0,0,0,0,0
134123846,1,0,0,0,0,0,0,0,0,0
134123929,1,0,0,1,0,0,0,1,1,0
134123981,1,0,1,1,0,0,0,1,1,1
134124016,1,1,1,1,0,0,0,1,1,0
134124036,1,0,0,1,0,0,0,1,1,0
134124086,1,0,0,0,0,0,0,0,0,0
134124133,1,1,0,1,1,1,0,1,1,0
134124180,1,1,0,0,0,1,0,1,0,0
134124230,1,1,0,1,1,1,0,1,0,0
134124270,1,1,0,1,1,1,0,1,0,0
134124527,1,0,0,1,1,1,0,0,0,0
134124561,1,0,0,1,1,1,0,0,1,0
134124577,1,0,0,0,0,0,0,0,0,0
134124614,1,0,0,0,0,1,0,0,0,0
134124677,0,0,0,0,0,0,0,0,0,0
134124760,0,0,0,0,0,0,0,0,0,0
134124768,1,1,0,0,1,1,0,1,1,0
134124775,1,0,0,0,0,0,0,0,0,0
134124790,1,0,0,1,1,0,1,0,0,1
134124820,1,1,0,0,1,1,0,1,1,0
134124830,1,0,0,0,0,0,0,0,0,0
134124955,1,1,0,0,0,0,0,0,0,0
134124999,0,0,0,0,0,0,0,0,0,0
134125002,1,0,0,0,0,0,0,0,0,0
134125027,1,0,0,0,0,0,0,0,0,0
134125045,1,0,0,0,0,0,0,0,0,0
134125071,1,0,0,0,0,0,0,0,0,0
134125085,1,0,0,1,1,0,0,0,0,0
134125108,1,0,0,0,0,0,0,0,0,0
134125116,0,0,0,0,0,0,0,0,0,0
134125117,1,0,0,0,0,0,0,0,0,0
134125175,1,0,0,0,0,0,0,0,0,0
134125197,1,0,0,0,0,0,0,0,0,0
134125217,1,0,0,0,0,0,0,0,0,0
134126595,1,0,0,1,1,1,0,0,1,0
134126832,1,0,0,0,0,1,0,1,0,0
134126921,1,0,1,1,1,0,1,0,1,1
134127045,1,0,0,0,0,0,0,0,0,0
134127172,1,0,1,0,0,0,0,0,0,0
134127178,1,0,0,0,0,0,0,0,0,0
134127206,1,0,0,0,0,0,0,0,0,0
134127219,1,1,0,0,0,0,0,0,0,0
134127222,1,1,0,0,0,0,0,0,0,0
134127223,0,0,0,0,0,0,0,0,0,0
134127455,1,1,0,1,1,0,0,0,0,0
134127476,1,1,0,0,0,0,0,0,0,0
134127548,1,0,0,0,0,0,0,1,1,1
134127687,1,1,1,1,0,0,0,1,0,0
134127707,1,1,0,0,0,1,0,0,1,0
134127714,1,0,0,0,0,1,0,0,0,0
134127728,1,1,0,0,0,1,0,0,0,0
134127789,1,1,1,0,0,0,0,0,1,0
134127816,1,1,0,1,1,0,0,1,1,0
134127855,1,0,0,1,1,1,0,0,0,0
134127862,1,0,0,1,1,1,0,0,0,0
134128014,1,0,0,0,0,0,0,0,0,0
134128019,1,0,0,0,0,0,0,0,0,0
134128021,1,0,0,0,0,0,0,0,0,0
134128285,1,0,0,0,0,0,0,0,0,0
134128377,1,1,0,0,1,1,0,1,1,0
134128378,1,0,0,0,0,0,0,1,1,1
134128391,1,0,0,0,0,1,0,0,0,0
134128503,1,0,0,0,1,1,0,0,0,0
134128525,1,1,1,0,1,1,0,1,1,0
134128620,1,0,1,0,0,1,0,0,0,0
134128712,1,0,0,1,1,0,1,0,0,1
134128873,0,1,0,0,0,0,0,0,0,0
134128895,1,1,0,1,1,1,0,0,0,0
134129057,1,0,0,0,0,0,0,0,0,0
134129066,1,0,0,0,0,0,0,1,0,0
134129082,1,0,0,0,0,0,0,0,0,0
134129134,1,0,0,0,0,0,0,0,0,0
134129152,1,0,0,0,0,0,0,0,0,0
134129175,0,0,0,0,0,0,0,0,0,0
134129202,1,0,0,1,1,0,0,0,0,0
134129230,1,1,0,0,0,0,0,0,0,0
134129251,1,1,0,0,0,0,0,0,0,0
134129368,1,0,1,1,0,0,0,1,1,1
134129536,1,0,0,0,0,1,0,0,0,0
134129652,1,1,0,0,0,1,0,0,0,1
134129705,1,0,0,1,1,1,0,1,1,0
134129775,1,0,0,1,1,1,0,1,1,0
134129783,1,0,0,1,1,1,0,0,0,0
134129824,1,0,0,0,0,0,0,0,0,0
134130039,1,0,0,0,0,0,0,0,0,0
134130153,1,0,0,0,0,0,0,0,0,1
134130215,1,0,0,0,0,0,0,0,0,0
134130263,1,0,1,1,1,1,0,0,0,0
134130352,1,0,0,0,0,0,0,0,0,0
134130368,1,0,0,0,0,0,0,0,0,0
134130390,1,1,0,0,0,0,0,0,0,0
134130434,1,0,0,0,0,0,0,0,0,0
134130454,1,0,0,0,0,0,0,0,0,0
134130565,1,0,0,0,0,0,0,0,0,0
134130613,1,0,1,0,0,1,0,1,0,1
134130674,1,0,1,1,1,0,0,0,0,0
134130709,1,0,0,0,0,0,0,0,0,0
134130720,1,1,0,0,0,0,0,0,0,0
134130729,1,0,0,0,0,0,0,0,0,0
134130801,1,1,1,0,0,0,0,0,0,0
134130809,1,0,0,1,1,0,1,0,1,1
134130831,1,1,1,1,1,0,1,0,0,0
134130890,1,0,0,0,0,0,0,0,0,0
134130914,0,0,0,0,0,0,0,0,0,0
134130982,1,0,0,0,0,0,0,0,0,0
134131021,1,0,0,0,0,0,0,0,0,0
134131035,1,0,0,0,0,1,0,0,0,0
134131049,0,0,0,0,0,0,0,0,0,0
134131078,1,0,0,0,0,0,0,0,0,0
134131155,1,0,0,0,0,0,0,0,0,0
134131346,1,0,0,0,0,0,0,0,0,0
134131393,1,0,0,0,0,1,0,0,1,0
134131411,1,1,0,0,0,1,0,1,0,0
134131523,0,0,0,0,0,0,0,0,0,0
134131529,1,0,0,1,1,1,0,0,1,0
134131753,1,0,0,0,0,0,0,0,0,0
134131814,1,0,0,1,1,0,1,0,1,0
134131858,1,0,0,0,0,0,0,0,0,0
134131873,1,0,0,0,1,1,0,0,0,0
134131985,1,1,0,1,1,0,0,0,0,0
134131993,1,1,0,0,0,0,0,0,0,0
134132215,1,0,0,1,1,0,0,1,0,1
134132351,1,0,0,0,0,0,0,0,0,0
134132428,1,0,0,1,1,0,0,0,0,0
134132640,1,0,0,1,1,1,1,1,0,0
134132713,1,1,0,0,1,1,0,0,0,1
134132839,1,0,0,0,0,0,0,0,0,0
134132977,1,1,0,1,0,1,0,0,0,0
134133062,1,0,0,0,0,0,0,0,0,0
134133133,1,1,0,0,0,1,0,0,0,0
134133157,1,0,0,0,0,0,0,0,0,0
134133305,1,0,0,0,0,0,0,0,0,0
134133368,1,0,0,1,0,1,0,0,0,0
134133441,1,1,1,1,1,1,0,0,1,0
134133543,1,0,0,1,1,1,0,0,0,0
134133554,1,0,0,0,0,0,0,0,0,0
134133581,1,1,1,1,1,1,0,0,1,0
134133943,1,0,0,0,0,1,0,0,0,0
134134094,1,0,0,0,0,1,0,1,1,0
134134121,1,1,1,0,1,1,0,1,0,1
134134127,1,0,0,0,0,1,0,0,0,0
134134199,1,1,0,0,0,0,0,0,0,0
134134325,1,0,0,0,0,0,0,0,0,0
134134355,1,0,0,0,0,0,0,0,0,0
134134454,1,0,0,1,1,1,0,0,0,0
134134507,1,0,0,0,0,1,0,0,0,0
134134540,0,0,0,0,0,0,0,0,0,0
134134693,1,0,0,0,0,0,0,0,0,0
134134826,1,0,0,0,0,0,0,0,0,0
134134831,1,1,1,0,1,1,0,1,0,1
134134847,1,1,0,0,0,0,0,0,0,0
134134922,1,1,0,0,0,1,0,0,1,1
134134953,0,0,0,0,0,0,0,0,0,1
134134999,1,0,0,1,1,1,0,0,1,0
134135008,1,1,1,0,0,0,0,0,1,1
134135243,0,0,0,0,0,0,0,0,0,0
134135270,1,0,1,1,1,0,1,0,1,1
134135279,1,0,0,0,0,0,0,0,0,0
134135310,1,0,0,1,1,1,0,0,1,0
134135376,1,0,0,1,1,0,0,0,0,0
134135423,1,0,0,1,1,0,1,0,1,1
134135434,1,1,1,0,0,1,0,0,0,0
134135516,0,0,0,0,0,0,0,0,0,0
134135518,1,1,0,1,0,0,0,0,1,1
134135537,1,0,0,0,0,0,0,0,0,0
134135558,0,0,0,0,0,0,0,0,0,0
134135594,0,0,0,0,0,0,0,0,0,0
134135595,1,1,0,0,0,1,0,0,0,0
134135624,1,0,0,0,0,0,0,0,0,0
134135636,0,0,0,0,0,0,0,0,0,0
134135659,1,0,0,1,1,0,0,0,0,0
134135727,1,0,0,0,0,0,0,0,0,0
134135771,1,1,1,1,1,1,0,0,1,0
134135812,1,0,0,1,1,0,1,0,1,0
134135832,0,0,0,0,0,0,0,0,0,0
134135933,1,0,0,0,0,1,0,0,1,0
134135940,1,0,0,1,1,1,0,0,1,0
134135983,1,0,0,1,1,0,0,0,1,0
134136029,1,0,0,1,0,1,0,0,0,0
134136089,0,0,0,0,0,0,0,0,0,0
134136123,1,0,0,1,1,1,0,0,0,1
134136247,1,0,1,1,0,0,0,0,1,0
134136304,1,0,0,1,1,0,0,1,1,0
134136308,1,0,0,1,1,0,1,0,0,0
134136311,1,0,1,1,1,0,1,0,0,0
134136343,1,0,0,1,1,1,0,0,0,1
134136411,1,1,0,1,1,1,0,0,0,0
134136538,1,0,0,1,1,0,0,0,0,0
134136608,1,1,0,0,0,1,0,1,0,0
134136660,1,0,0,1,1,0,0,0,1,0
134136700,1,0,0,0,0,0,0,0,1,0
134136759,1,0,0,0,0,0,0,0,0,0
134136761,1,0,0,1,1,1,0,0,0,1
134136783,1,0,0,0,0,0,0,0,1,0
134136814,1,0,0,0,0,1,0,0,0,0
134136892,1,0,0,1,1,0,1,0,0,0
134136960,1,0,1,1,1,1,1,0,1,1
134137076,1,1,0,0,0,1,0,0,0,0
134137155,1,0,1,1,1,0,1,0,1,1
134137245,1,0,1,1,0,0,0,0,1,0
134137286,1,0,0,0,0,0,0,1,1,0
134137372,0,0,0,0,0,0,0,0,0,0
134137463,1,0,0,0,0,1,0,0,0,0
134137477,1,0,0,0,0,0,0,1,0,0
134137486,1,0,0,1,1,1,0,0,0,0
134137507,1,0,0,0,0,0,0,0,0,0
134137523,1,1,0,0,0,1,0,1,0,0
134137542,0,0,0,0,0,0,0,0,0,0
134137566,1,0,0,0,0,1,0,0,0,0
134137618,1,0,0,1,1,1,0,0,0,0
134137658,1,1,1,0,0,1,0,0,0,0
134137730,1,0,0,1,1,1,0,0,0,0
134137762,1,0,0,0,0,1,0,0,0,0
134138081,1,1,1,0,0,1,0,1,1,0
134138286,1,0,0,1,1,1,0,0,0,1
134138296,1,1,0,0,0,0,0,0,0,0
134138453,1,1,1,1,1,1,0,0,1,0
134138639,1,0,0,0,0,0,0,0,0,0
134138895,1,0,0,0,0,0,0,0,0,0
134139104,0,0,0,0,0,0,0,0,0,0
134139121,1,0,0,0,0,0,0,0,0,0
134139482,1,1,1,0,0,0,0,0,0,0
134139520,1,0,0,0,0,0,0,0,0,0
134139658,1,0,0,1,0,1,0,0,0,0
134140199,1,1,1,1,1,1,0,1,0,0
134140254,1,1,0,0,0,0,0,1,0,0
134140278,1,1,1,0,0,1,0,1,1,0
134140312,1,0,0,1,1,0,0,1,0,0
134140341,1,1,0,0,0,0,0,0,0,0
134140376,0,0,0,0,0,0,0,0,0,0
134140457,1,0,0,0,0,0,0,1,1,1
134140683,0,0,0,0,0,0,0,0,0,0
134140812,0,0,0,0,0,0,0,0,0,0
134141228,1,0,0,0,0,0,0,0,1,0
134141393,1,0,0,0,0,0,0,0,1,0
134141532,1,1,0,0,0,0,0,0,0,0
134141550,1,0,0,0,0,0,0,0,0,0
134141658,1,1,1,0,0,1,0,0,0,0
134141685,1,0,0,1,0,1,0,0,0,0
134141694,1,1,0,0,0,0,0,0,0,0
134141919,1,0,0,0,0,0,0,1,0,0
134141931,1,0,0,1,1,0,0,0,0,0
134141941,1,0,0,0,0,0,0,0,0,0
134142129,1,0,0,0,0,0,0,0,0,0
134142137,1,0,0,0,0,0,0,0,0,0
134142180,1,0,0,1,0,0,0,0,0,0
134142230,1,0,0,0,0,0,0,0,0,0
134142332,1,0,1,0,0,0,0,0,0,0
134142355,1,0,0,0,0,1,0,0,0,0
134142384,1,0,1,0,0,0,0,0,0,0
134142541,1,0,0,0,0,0,0,0,0,0
134142576,1,0,0,0,0,0,0,0,1,0
134142710,1,0,0,0,0,0,0,0,0,0
134142746,1,0,0,0,0,0,0,0,0,0
134142891,0,0,0,0,0,0,0,0,0,0
134142930,1,0,0,0,0,0,0,1,1,0
134143075,1,1,0,0,0,1,0,0,1,0
134143357,1,1,0,0,0,1,0,0,1,0
134143397,1,0,0,0,0,0,0,0,0,0
134143547,1,0,0,1,1,0,0,0,0,0
134143937,0,0,0,0,0,0,0,0,0,0
134144069,1,0,0,1,1,1,0,0,1,0
134144097,1,1,0,0,0,1,0,0,0,0
134144100,1,0,0,0,0,1,0,0,0,0
134144466,1,0,0,1,1,1,0,0,0,1
134144548,1,0,0,0,0,0,0,0,1,1
134144771,1,1,0,0,0,0,0,0,0,0
134144790,1,0,0,1,1,0,0,1,1,1
134144799,1,1,0,0,0,1,0,0,0,0
134144890,1,0,0,0,0,0,0,0,0,0
134145415,1,0,0,0,0,0,0,0,0,0
134145859,1,1,0,1,1,1,0,0,0,0
134146136,1,1,0,0,0,0,0,1,1,0
134146297,1,1,1,0,0,0,0,1,0,1
134146337,0,0,0,0,0,0,0,0,0,0
134146342,1,1,0,1,0,0,0,0,0,0
134146389,1,0,0,1,1,0,0,1,1,1
134146416,0,0,0,0,0,0,0,0,0,0
134146476,1,1,0,1,1,0,0,1,0,0
134146490,0,0,0,0,0,0,0,0,0,1
134146534,1,0,0,1,1,0,0,0,1,0
134146561,1,0,0,0,0,0,0,0,0,0
134146567,0,0,0,0,0,0,0,0,0,0
134146616,1,0,1,0,0,1,0,0,0,0
134146622,1,0,0,0,0,1,0,0,0,0
134146636,1,1,0,0,0,0,0,0,0,0
134146887,0,0,0,0,0,0,0,0,0,0
134146935,1,1,0,0,0,0,0,1,0,0
134147109,1,0,0,1,1,1,0,0,0,0
134147181,1,0,0,0,0,0,0,0,1,0
134147345,1,1,0,0,0,0,0,0,0,0
134147465,1,0,0,0,0,0,0,0,0,0
134147474,0,0,0,0,0,0,0,0,0,0
134147567,1,0,0,1,1,1,0,1,1,0
134147638,1,1,0,1,1,0,0,0,0,0
134147667,1,1,0,0,0,1,0,0,0,0
134147699,1,0,0,0,0,0,0,0,0,0
134147724,1,0,0,0,1,1,0,0,0,0
134147808,1,0,0,0,0,0,0,0,0,0
134148202,1,0,0,0,0,0,0,0,0,0
134148207,1,1,0,0,0,1,0,0,0,0
134148218,1,1,0,0,0,1,0,0,0,1
134148394,1,1,0,1,0,1,0,0,0,0
134148560,1,0,0,0,0,1,0,0,0,0
134148604,1,1,0,0,0,1,0,0,0,0
134148611,1,1,0,0,0,0,0,0,0,0
134148725,1,0,0,0,0,1,0,0,0,0
134148774,1,0,0,0,0,0,0,0,0,0
134148913,1,1,0,0,1,1,0,1,1,0
134148927,1,0,0,1,1,0,1,0,0,1
134148988,1,0,0,0,0,1,0,0,0,0
134149013,0,0,0,0,0,0,0,0,0,0
134149100,1,0,0,1,1,1,0,0,0,0
134149299,0,0,0,0,0,0,0,0,0,0
134149616,1,0,0,0,0,1,0,0,0,0
134149785,1,0,0,0,0,1,0,0,0,0
134149802,0,0,0,0,0,0,0,0,0,0
134149813,1,0,0,0,0,0,0,0,1,0
134149866,1,0,0,0,0,0,0,0,0,0
134150082,1,0,0,0,0,1,0,0,0,0
134150103,1,0,0,0,0,0,0,0,0,0
134150147,1,1,1,0,0,0,0,0,0,0
134150152,1,0,0,0,0,0,0,0,0,0
134150204,1,0,0,0,0,1,0,0,0,0
134150216,0,0,0,0,0,0,0,0,0,0
134150351,1,0,0,0,0,0,0,0,0,0
134150354,1,0,0,1,1,1,0,0,0,1
134150506,1,0,0,0,0,0,0,0,0,0
134150548,0,1,0,0,0,0,0,0,0,0
134150596,1,0,1,1,1,1,1,1,0,1
134150654,1,0,1,1,1,1,1,1,0,0
134150694,1,0,1,0,0,0,0,0,0,0
134150718,1,0,0,0,0,0,0,0,0,0
134150807,1,0,0,0,0,0,0,0,0,0
134150839,1,0,0,1,1,1,1,1,0,0
134150894,1,0,0,1,1,1,1,1,1,0
134150940,1,0,0,0,0,0,0,0,0,0
134150946,1,0,0,0,0,0,0,0,0,0
134150947,0,0,0,0,0,0,0,0,0,0
134151027,1,0,1,1,1,1,0,0,0,0
134151116,1,0,1,0,0,1,0,0,0,0
134151197,1,0,0,0,0,0,0,0,0,0
134151332,1,0,0,0,0,1,0,0,0,0
134151338,1,1,1,1,1,0,1,0,1,1
134151558,1,0,0,0,0,0,0,0,0,1
134151594,1,1,0,0,1,0,0,0,0,0
134151691,1,0,0,1,1,0,0,0,0,0
134151750,1,0,0,0,0,0,0,0,0,0
134151756,1,1,0,0,0,1,0,0,1,0
134151815,1,0,0,1,1,0,0,0,0,0
134152044,1,0,0,0,0,1,0,0,0,0
134152150,1,1,0,0,0,0,0,0,0,0
134152203,1,0,0,1,1,1,0,1,0,0
134152900,1,0,0,0,0,0,0,0,0,0
134153051,1,1,0,1,1,1,0,0,0,0
134153121,1,0,0,0,0,0,0,0,0,0
134153192,1,0,0,1,1,0,0,0,0,0
134153363,1,0,0,0,0,0,0,0,0,0
134153761,1,0,0,1,1,0,1,0,0,0
134153904,1,0,1,1,1,0,1,0,1,1
134153934,1,0,1,1,1,0,1,0,1,1
134154156,1,0,0,0,0,0,0,0,0,0
134154332,1,0,0,0,0,1,0,0,0,0
134154491,1,1,0,0,0,0,0,0,1,1
134154581,1,0,0,1,0,0,0,0,0,0
134154790,1,0,0,1,1,1,0,0,0,0
134154914,1,0,0,1,1,0,0,1,0,0
134154951,1,0,0,0,0,1,0,0,0,0
134155028,1,0,0,0,0,0,0,0,0,0
134155343,1,0,0,0,0,0,0,0,0,0
134155430,1,1,0,0,1,1,0,1,0,1
134155513,1,0,0,0,0,0,0,0,0,0
134155957,0,0,0,0,0,0,0,0,0,0
134156163,1,0,0,0,0,0,0,0,0,0
134156211,1,0,0,0,0,1,0,0,0,0
134156246,1,1,0,0,0,0,0,0,0,0
134156304,1,0,0,0,0,1,0,0,0,0
134156312,1,0,0,1,1,1,0,1,0,1
134156551,1,0,0,0,0,0,0,0,0,0
134156557,0,0,0,0,0,0,0,0,0,0
134156620,1,0,0,1,0,1,0,0,0,0
134156656,1,0,0,0,0,0,0,0,0,0
134156796,1,0,0,1,1,1,0,1,0,0
134156808,1,0,0,0,0,0,0,0,0,0
134156854,1,0,0,1,1,1,0,1,0,0
134157053,1,1,0,1,1,1,0,0,0,1
134157054,1,1,0,1,0,1,0,0,0,0
134157140,1,0,0,0,0,0,0,0,0,1
134157159,0,0,0,0,0,0,0,0,0,0
134157173,0,0,0,0,0,0,0,0,0,0
134157348,1,1,1,1,1,1,1,0,0,0
134157386,1,1,1,0,1,1,1,0,0,0
134157401,1,0,0,0,0,0,0,0,0,0
134157592,1,0,0,0,0,0,0,0,0,0
134157738,0,0,0,0,0,0,0,0,0,0
134157767,1,0,0,1,1,0,0,1,0,0
134157995,1,1,1,0,1,1,0,1,0,0
134158542,1,0,0,1,1,0,0,1,0,0
134158576,1,0,1,1,1,0,0,0,0,0
134158594,1,0,0,0,0,0,0,0,0,0
134158685,0,0,0,0,0,0,0,0,0,0
134158745,1,0,0,1,1,1,0,0,0,0
134158782,0,0,0,0,0,0,0,0,0,0
134158879,1,0,1,1,1,1,0,0,0,0
134158883,1,0,0,0,0,0,0,0,0,0
134158952,1,0,1,1,1,1,0,0,0,0
134159038,1,0,1,1,1,1,0,0,0,0
134159045,1,0,1,0,0,0,0,0,0,1
134159095,1,0,1,1,1,1,0,0,0,0
134159106,1,1,0,0,0,0,0,0,0,0
134159150,1,1,0,0,0,0,0,0,0,0
134159159,1,0,0,0,1,0,0,0,0,0
134159233,1,0,0,0,0,0,0,0,0,0
134159571,0,0,0,0,0,0,0,0,0,0
134159727,1,0,0,0,0,1,0,0,0,0
134159814,1,0,0,0,0,0,0,0,0,0
134159836,1,0,0,0,0,0,0,0,0,0
134160010,1,1,0,1,1,1,0,1,0,1
134160096,1,0,1,1,1,1,0,0,0,1
134160120,0,0,0,0,0,0,0,0,0,0
134160283,1,1,0,0,0,0,0,0,0,0
134160520,0,0,0,0,0,0,0,0,0,0
134160665,1,0,0,1,1,1,0,1,0,0
134160688,1,0,0,1,1,0,1,1,0,0
134160829,1,0,0,0,0,0,0,0,0,0
134160896,1,0,0,0,0,0,0,0,0,0
134160910,1,0,0,1,1,0,0,0,0,0
134161300,1,1,0,0,0,1,0,0,0,0
134161369,1,1,0,0,0,0,0,0,0,0
134161376,1,0,0,1,0,1,0,0,0,0
134161386,1,1,0,1,0,1,0,0,0,0
134161763,0,0,0,0,0,0,0,0,0,0
134161829,0,0,0,0,0,0,0,0,0,0
134162281,1,1,0,0,0,1,0,0,0,0
134162306,1,0,0,0,0,0,0,1,0,0
134162470,1,0,0,0,0,0,0,1,0,0
134162505,1,1,0,0,0,1,0,0,0,0
134162612,1,0,0,0,0,0,0,1,0,0
134162706,1,0,0,0,0,0,0,0,0,0
134162729,1,0,0,0,0,1,0,0,0,0
134162776,1,0,0,0,0,0,0,0,0,0
134162956,1,0,0,0,0,0,0,1,0,0
134163252,1,0,0,0,0,0,0,0,0,0
134163372,1,1,0,0,0,0,0,0,0,0
134163530,1,1,0,0,0,0,0,0,0,0
134163539,1,0,0,0,0,1,0,1,0,1
134163738,1,0,0,0,0,1,0,0,0,0
134163839,1,0,0,0,0,1,0,1,0,0
134164197,1,1,0,1,1,1,0,0,0,0
134164242,1,0,0,0,0,0,0,0,1,0
134164263,1,1,0,0,1,1,0,1,1,0
134164270,1,0,0,0,0,0,0,0,1,0
134164420,1,0,0,0,0,0,0,0,0,0
134164564,1,0,0,1,1,1,0,1,1,0
134164614,1,1,0,1,1,1,0,1,1,0
134164640,1,1,0,1,1,0,0,1,1,0
134164979,0,0,0,0,0,0,0,0,0,0
134165091,1,0,0,0,0,0,0,0,0,0
134165418,1,1,0,1,1,0,0,0,0,0
134165535,1,0,0,0,0,0,0,0,0,0
134165550,1,0,0,0,0,1,0,0,0,0
134165577,1,0,0,0,0,0,0,0,1,0
134165776,1,1,0,0,0,1,0,0,0,0
134165798,1,0,0,0,0,0,0,0,0,0
134165850,1,0,0,0,0,0,0,0,0,0
134165887,1,0,0,0,0,0,0,0,0,0
134165994,1,1,1,1,1,1,0,0,0,0
134166083,0,0,0,0,0,0,0,0,0,0
134166192,1,0,1,0,0,0,0,0,0,0
134166294,1,0,1,0,0,0,0,0,0,0
134166489,1,0,0,0,0,1,0,0,0,0
134166508,1,0,0,0,0,0,0,0,0,0
134166559,1,0,0,0,0,0,0,0,0,0
134166560,0,0,0,0,0,0,0,0,0,0
134166690,1,1,0,0,0,1,0,0,0,0
134166722,1,1,0,1,1,1,0,1,0,0
134166917,1,1,0,0,1,0,0,0,0,0
134167128,1,1,0,0,0,1,0,0,0,0
134167238,1,0,1,0,0,0,0,0,0,0
134167604,1,1,1,1,1,1,0,1,0,1
134167686,0,0,0,0,0,0,0,0,0,0
134167701,1,0,0,1,0,1,0,0,0,0
134167835,1,0,0,0,0,0,0,0,0,0
134167955,1,1,0,0,0,0,0,0,0,0
134168050,1,0,0,0,0,0,0,0,0,0
134168135,1,0,0,0,0,1,0,0,0,0
134168241,1,0,0,0,0,0,0,0,0,0
134168726,1,0,0,0,0,1,0,0,0,0
134168944,1,1,0,0,0,0,0,0,0,0
134169147,1,0,0,0,0,0,0,0,0,0
134169247,1,0,1,0,0,0,0,0,0,0
134169266,1,0,1,0,0,1,0,0,0,0
134169295,1,1,0,0,0,0,0,0,0,0
134169302,1,0,1,0,0,0,0,0,0,0
134169345,1,0,0,0,0,1,0,0,0,0
134169360,1,0,0,0,0,1,0,0,0,0
134169396,1,1,0,0,0,0,0,0,0,0
134169467,1,0,0,0,0,0,0,0,0,0
134169568,1,0,1,0,0,0,0,1,1,0
134169632,1,0,1,0,0,0,0,1,1,0
134169656,1,1,0,0,0,0,0,0,0,0
134169733,1,1,0,0,0,0,0,0,0,0
134170411,1,1,0,0,0,1,0,0,0,0
134170622,0,0,0,0,0,0,0,0,0,0
134170944,1,0,0,0,0,1,0,0,0,0
134171237,1,0,0,0,0,0,0,0,1,0
134171320,1,1,0,0,0,0,0,0,0,0
134171326,1,1,0,0,0,0,0,0,0,0
134171364,1,0,0,1,1,0,0,0,0,0
134171406,1,0,0,0,0,0,0,0,1,0
134171407,1,0,1,0,0,0,0,0,0,0
134171409,1,0,0,0,0,0,0,0,0,0
134171457,1,0,0,0,0,0,0,0,0,0
134171637,1,0,0,0,0,0,0,0,0,0
134171663,1,1,0,0,0,0,0,0,1,0
134171771,1,0,1,0,0,1,0,0,0,0
134171871,1,0,0,0,0,0,0,0,1,0
134171970,1,0,0,0,0,0,0,0,0,0
134172177,1,0,1,0,0,1,0,1,0,0
134172375,1,1,1,1,0,1,0,0,0,0
134172397,1,0,0,1,1,0,0,1,0,0
134172961,0,0,0,0,0,0,0,0,1,0
134172993,0,1,0,0,0,0,0,0,0,0
134173085,1,1,0,0,0,1,1,0,0,0
134173189,1,0,0,0,0,1,0,0,0,0
134173333,1,0,0,0,0,0,0,0,0,0
134173355,1,0,0,0,0,1,0,0,0,0
134173362,1,0,0,0,0,0,0,0,0,0
134173680,1,1,0,0,0,0,0,0,0,0
134173728,1,0,0,0,0,0,0,0,0,0
134173768,1,0,0,0,0,0,0,0,0,0
134173958,1,0,0,0,0,0,0,0,0,0
134174286,1,1,0,0,0,1,0,1,0,0
134174399,1,1,0,0,0,1,0,1,0,0
134174450,1,0,0,0,0,0,0,0,0,0
134174517,1,1,0,0,0,1,0,1,0,0
134174593,1,1,0,0,0,1,0,1,0,0
134174716,1,0,0,0,0,0,0,0,0,0
134174757,1,0,0,0,0,1,0,0,1,0
134174822,1,0,0,0,1,1,0,0,0,0
134174856,1,1,0,1,1,1,0,0,1,1
134175046,1,1,1,1,1,1,0,0,1,1
134175162,1,1,0,1,1,1,0,0,1,1
134175195,1,0,0,1,1,0,0,0,0,0
134175368,1,0,0,1,1,0,0,0,0,0
134175416,1,1,1,0,0,1,0,0,0,0
134175455,1,0,0,1,1,0,0,0,0,0
134175560,1,0,0,1,1,0,0,0,0,0
134175818,1,0,0,1,1,1,0,1,1,0
134175902,1,0,0,1,1,1,0,0,0,1
134175975,1,0,0,1,1,1,0,0,0,1
134176084,1,0,0,1,1,1,0,0,0,1
134176145,1,0,0,0,0,0,0,0,0,0
134176171,1,0,0,0,0,0,0,0,0,0
134176214,1,1,0,1,1,1,0,0,0,0
134176243,1,0,0,0,0,0,0,0,0,0
134176280,1,1,0,0,0,1,0,0,0,0
134176570,1,0,0,0,0,1,0,0,0,0
134176682,1,0,0,1,1,0,0,0,0,1
134176780,1,0,0,1,1,0,0,0,0,1
134176850,1,1,0,0,0,1,0,0,1,1
134176862,1,1,0,1,1,0,0,0,1,1
134176930,1,1,1,1,1,1,0,0,1,1
134177010,1,0,1,0,0,1,0,0,0,1
134177029,1,0,0,1,1,0,1,0,0,1
134177129,1,0,0,0,0,1,0,0,0,0
134177211,1,1,1,0,1,1,0,0,0,0
134177225,1,0,0,1,1,1,0,0,0,0
134177513,1,1,0,1,1,1,0,0,0,1
134177883,0,0,0,0,0,0,0,0,0,0
134178010,1,0,0,0,0,0,0,1,0,0
134178055,1,0,0,0,0,0,0,0,0,0
134178428,1,0,0,0,0,0,0,0,0,0
134178500,1,1,0,0,0,0,0,0,0,0
134178631,1,1,0,0,0,0,0,0,0,0
134179027,0,0,0,0,0,0,0,0,0,0
134179052,0,0,0,0,0,0,0,0,0,0
134179127,1,1,1,1,1,0,0,0,0,0
134179359,1,1,0,1,0,1,0,1,0,0
134179412,0,0,0,0,0,0,0,0,0,0
134179853,1,0,0,0,0,0,0,0,0,0
134179927,1,0,0,0,0,0,0,0,0,0
134180000,1,1,0,1,1,0,0,0,0,0
134180387,1,0,0,0,0,0,0,0,0,0
134180404,1,0,0,0,0,0,0,0,0,0
134180409,1,1,0,0,0,0,0,0,0,0
134180427,1,0,0,0,0,0,0,0,0,0
134180445,1,0,0,0,0,0,0,0,0,0
134180465,1,1,0,0,0,1,0,0,0,1
134180575,1,1,0,0,0,0,0,0,1,1
134181206,0,0,0,0,0,0,0,0,0,0
134181696,1,1,0,0,0,0,0,0,0,0
134181948,1,0,0,0,0,0,0,0,0,0
134181956,1,0,0,0,0,1,0,0,0,0
134182055,0,0,0,0,0,0,0,0,0,0
134182164,1,0,1,1,1,0,1,0,1,1
134182298,0,0,0,0,0,0,0,0,0,0
134182387,1,0,0,0,0,1,0,0,0,0
134182675,0,0,0,0,0,0,0,0,0,0
134182850,0,0,0,0,0,0,0,0,0,0
134182936,1,0,0,1,1,0,1,0,1,1
134182967,1,0,0,0,0,0,0,0,0,0
134183071,1,1,0,0,0,0,0,0,0,0
134183084,1,1,0,0,0,0,0,0,0,0
134183093,1,0,0,0,0,0,0,0,0,0
134183164,1,0,0,0,0,0,0,0,0,0
134183170,1,0,0,0,1,0,0,0,0,0
134183180,1,1,0,0,0,1,0,0,0,0
134183193,1,1,0,0,0,0,0,0,0,0
134183232,1,0,0,0,0,0,0,0,0,0
134183241,0,0,0,0,0,0,0,0,0,0
134183269,1,1,0,0,0,1,0,0,0,0
134183342,1,1,0,0,0,1,0,0,0,0
134183357,1,1,0,0,0,0,0,0,0,0
134183367,1,0,0,0,0,0,0,0,0,0
134183491,0,0,0,0,0,0,0,0,0,0
134183522,1,0,0,0,0,0,0,0,0,0
134183555,1,0,0,0,0,0,0,1,1,0
134183564,1,0,0,0,0,0,0,0,0,0
134183585,1,0,0,0,0,1,0,1,1,0
134183594,1,1,0,0,0,0,0,0,0,0
134183642,1,0,0,0,0,1,0,1,1,0
134183731,1,0,0,1,1,1,0,0,0,1
134183768,1,0,0,1,1,0,1,0,0,1
134183782,1,0,0,1,1,1,0,0,0,1
134183787,1,1,0,1,1,1,1,1,0,0
134183895,0,0,0,0,0,0,0,0,0,0
134183994,1,0,0,1,1,0,0,1,0,0
134184095,1,0,1,1,1,0,0,0,0,0
134184099,0,0,0,0,0,0,0,0,0,0
134184136,0,0,0,0,0,0,0,0,0,0
134184184,1,0,0,0,0,0,0,0,0,0
134184191,1,1,0,0,0,1,0,0,0,0
134184205,1,0,0,0,0,0,0,0,0,0
134184238,1,0,0,0,0,0,0,0,0,0
134184314,1,0,0,0,0,0,0,0,1,0
134184344,0,0,0,0,0,0,0,0,0,0
134184571,1,0,0,0,0,0,0,0,0,0
134184614,1,0,0,0,0,0,0,0,0,0
134184643,1,0,0,0,0,1,0,0,0,0
134184645,1,0,0,1,1,1,0,0,0,0
134184718,1,0,1,0,0,0,0,0,0,0
134184753,1,0,0,0,0,1,0,0,0,0
134184766,1,0,0,0,0,0,0,0,0,0
134184772,1,1,0,1,1,1,0,0,0,0
134184901,1,0,1,1,1,1,0,0,0,0
134184977,1,0,1,0,0,0,0,0,0,1
134184993,1,1,0,0,0,0,0,0,0,0
134185029,1,0,1,0,0,0,0,0,0,1
134185084,1,0,0,0,0,1,0,0,0,1
134185155,1,0,0,0,0,1,0,0,0,1
134185164,1,0,0,0,0,0,0,0,0,0
134185277,1,0,0,0,0,0,0,0,0,0
134185330,1,0,0,0,0,1,0,0,0,1
134185445,1,0,0,0,0,1,0,0,0,0
134185517,1,0,0,0,0,0,0,0,0,0
134185670,1,0,0,1,1,1,0,0,0,0
134185802,1,0,1,1,1,0,1,0,1,1
134185975,1,0,0,0,0,0,0,0,0,0
134186032,1,1,0,1,1,1,0,1,1,0
134186257,1,0,0,0,0,0,0,0,0,0
134186323,1,1,1,1,1,1,0,0,0,0
134186324,1,0,0,0,0,0,0,0,0,0
134186371,1,1,0,1,1,0,0,0,1,0
134186515,1,0,0,0,0,0,0,0,0,0
134186538,1,0,0,0,0,0,0,0,0,0
134186608,1,0,0,1,1,0,1,0,1,1
134186630,1,0,0,0,0,0,0,1,0,1
134186754,1,0,0,0,0,0,0,0,0,0
134186794,1,0,0,0,0,0,0,0,0,0
134186923,1,0,1,0,0,0,0,0,0,0
134187009,1,1,0,0,0,1,0,0,0,0
134187392,0,0,0,0,0,0,0,0,0,0
134187462,1,0,0,0,0,0,0,0,0,0
134187603,1,0,1,1,1,0,1,0,1,1
134187750,1,0,0,0,0,1,0,0,0,0
134187885,1,0,1,1,1,0,1,0,1,1
134187953,1,0,0,1,1,1,0,0,0,1
134188041,1,0,1,0,0,0,0,0,0,0
134188051,1,0,0,1,1,0,0,0,0,0
134188063,1,1,1,0,0,0,0,0,0,0
134188156,0,0,0,0,0,0,0,0,0,0
134188167,1,0,0,1,1,1,0,0,1,0
134188204,1,1,0,1,0,1,0,0,0,0
134188311,1,0,0,1,0,1,0,1,0,0
134188522,1,0,0,1,1,0,0,0,0,0
134188642,1,0,0,0,0,0,0,0,0,0
134188663,1,0,1,1,1,1,0,0,1,0
134188692,1,1,0,0,0,0,0,0,0,0
134188752,1,0,1,1,0,0,0,1,1,1
134188825,1,0,0,0,0,0,0,0,0,0
134189005,0,0,0,0,0,0,0,0,0,0
134189088,1,0,0,0,0,1,0,1,0,0
134189217,1,1,1,0,0,0,0,0,0,0
134189643,1,0,0,0,0,1,0,0,0,0
134189692,1,0,0,0,0,0,0,0,0,0
134189743,1,0,0,0,0,0,0,0,0,0
134190087,1,1,1,1,1,1,0,1,0,0
134190093,1,0,1,1,1,0,1,0,1,1
134190133,1,0,0,1,1,0,0,0,1,1
134190149,1,1,0,0,0,0,0,1,1,0
134190221,1,0,0,1,1,1,0,0,0,0
134190250,1,0,0,0,0,0,0,1,0,0
134190308,1,1,1,0,0,0,0,0,1,1
134190473,1,0,0,1,1,0,1,0,1,1
134190537,1,0,0,1,1,0,1,0,1,0
134190560,1,0,0,1,1,0,1,0,0,0
134190586,1,0,0,1,1,0,0,0,0,0
134190667,1,0,0,1,1,0,1,0,0,0
134190689,1,1,0,1,1,0,0,0,0,0
134190690,1,0,1,1,1,0,1,0,1,0
134190691,1,1,0,0,0,1,0,0,0,0
134190723,1,0,0,0,0,0,0,0,0,0
134190805,1,1,1,0,0,1,0,0,0,0
134190828,1,0,0,1,0,1,0,1,1,0
134190852,0,0,0,0,0,0,0,0,0,0
134190885,1,0,1,1,0,1,0,1,1,0
134190890,1,0,0,0,0,0,0,0,0,0
134190934,1,0,0,0,0,0,0,0,0,0
134191015,1,1,0,1,0,1,0,1,1,0
134191104,1,0,0,1,0,1,0,1,1,0
134191277,1,0,0,1,1,0,0,0,1,1
134191542,1,0,1,0,0,1,0,0,0,0
134191580,0,0,0,0,0,0,0,0,0,0
134191624,1,0,0,0,0,0,0,0,0,0
134191673,0,0,0,0,0,0,0,0,0,0
134191712,1,1,0,0,0,0,0,0,0,0
134191719,1,1,1,1,1,1,0,1,0,1
134191751,1,0,0,1,1,0,0,0,1,0
134191756,0,0,0,0,0,0,0,0,0,0
134191855,1,0,0,0,0,0,0,0,0,0
134191899,1,0,0,1,1,0,0,0,1,0
134192014,0,0,0,0,0,0,0,0,0,0
134192137,1,0,0,1,1,1,0,1,0,0
134192184,0,1,0,0,0,0,0,0,0,0
134192203,1,0,0,1,0,1,0,0,0,0
134192249,1,1,1,1,1,0,1,0,1,1
134192328,1,0,0,1,1,0,1,0,0,1
134192360,0,0,0,0,0,0,0,0,0,0
134192570,1,0,0,0,0,0,0,0,1,1
134192652,0,0,0,0,0,0,0,0,0,0
134192900,1,0,0,0,0,0,0,0,0,0
134192976,1,0,0,0,0,0,0,0,0,0
134193061,1,0,0,0,0,0,0,0,0,0
134193129,1,0,0,0,0,0,0,0,0,0
134193130,1,0,0,0,0,0,0,0,0,0
134193173,0,0,0,0,0,0,0,0,0,0
134193474,1,0,0,0,0,0,0,0,0,0
134193563,1,0,0,0,0,0,0,0,0,0
134193579,1,0,0,0,0,0,0,0,0,0
134193586,1,0,1,1,1,1,0,1,0,0
134193726,1,0,0,0,0,0,0,0,0,0
134193830,1,0,0,0,0,0,0,0,0,0
134193875,1,0,0,0,0,0,0,0,0,0
134193979,1,0,1,0,0,0,0,0,0,0
134194091,1,1,1,1,1,1,0,1,1,0
134194097,1,1,0,0,0,1,0,0,0,0
134194104,1,0,0,0,0,1,0,0,0,0
134194371,1,0,0,0,0,1,0,0,0,0
134194456,1,1,0,0,0,1,0,0,0,0
134194457,1,0,0,0,0,1,0,1,0,0
134194469,1,1,0,0,0,1,0,0,0,0
134194502,1,0,0,0,0,1,0,0,0,0
134194521,1,0,0,0,0,1,0,1,0,0
134194527,1,1,0,0,0,0,0,0,0,0
134194570,1,0,0,0,0,0,0,0,0,0
134194632,1,0,0,0,0,0,0,1,0,0
134194635,0,0,0,0,0,0,0,0,0,0
134194744,0,0,0,0,0,0,0,0,0,0
134194784,1,0,0,0,1,1,0,0,0,0
134194812,0,0,0,0,0,0,0,0,0,0
134194945,0,1,0,0,0,0,0,0,0,0
134194966,0,0,0,0,0,0,0,0,0,0
134195313,1,0,0,1,1,0,0,0,0,0
134195466,1,0,0,0,0,0,0,0,0,0
134195592,1,0,0,1,1,0,0,0,0,0
134195612,1,0,0,1,1,1,0,1,0,0
134195667,0,0,0,0,0,0,0,0,0,0
134195699,1,0,0,1,1,0,1,0,1,1
134195745,1,0,0,0,0,0,0,0,0,0
134195841,1,0,0,0,0,0,0,0,0,0
134195960,1,1,0,0,0,1,0,0,1,0
134195984,1,0,0,0,0,0,0,0,0,0
134196030,0,0,0,0,0,0,0,0,0,0
134196056,1,0,0,0,0,0,0,0,0,0
134196075,1,0,0,0,0,0,0,0,0,0
134196159,1,0,0,1,1,0,0,0,1,0
134196217,1,0,1,1,1,1,0,0,0,0
134196224,1,1,1,1,1,1,0,1,0,1
134196267,1,0,0,1,1,0,0,0,1,0
134196269,1,0,0,0,0,0,0,0,0,0
134196339,0,0,0,0,0,0,0,0,0,0
134196443,1,1,0,0,0,1,0,0,0,0
134196448,1,0,0,0,0,0,0,0,0,0
134196566,1,0,0,1,1,1,0,1,0,0
134196609,0,0,0,0,0,0,0,0,0,0
134196687,1,1,0,0,0,0,0,0,0,1
134196714,1,1,0,1,1,1,0,1,0,1
134197386,1,0,0,0,0,1,0,1,1,0
134197439,0,0,0,0,0,0,0,0,0,0
134197669,1,0,0,0,0,0,0,0,0,0
134197790,1,0,0,0,0,0,0,0,0,0
134197809,1,0,0,0,0,1,0,1,0,0
134197819,1,0,0,0,0,0,0,0,0,0
134197841,1,0,0,0,0,0,0,0,0,0
134197854,1,0,0,0,0,0,0,0,0,0
134197988,1,0,0,0,0,0,0,0,0,0
134198018,1,0,0,0,0,0,0,0,0,0
134198038,1,0,0,0,0,0,0,0,0,0
134198079,1,0,0,0,0,0,0,0,0,0
134198132,1,0,0,0,0,0,0,0,0,0
134198146,1,0,0,0,0,0,0,0,1,0
134198152,1,0,0,0,0,0,0,0,0,0
134198186,1,0,0,0,0,0,0,0,0,0
134198227,1,0,0,0,0,0,0,0,0,0
134198291,1,0,0,0,0,0,0,0,0,0
134198298,1,0,0,0,0,0,0,0,0,0
134198322,1,0,0,0,0,0,0,0,0,0
134198354,1,0,0,0,0,0,0,0,0,0
134198498,0,0,0,0,0,0,0,0,0,0
134198567,0,0,0,0,0,0,0,0,0,0
134198646,1,0,0,0,0,0,0,0,0,0
134198813,1,1,0,0,1,1,0,1,1,0
134198874,1,1,0,0,1,1,0,1,1,0
134198927,1,0,0,0,0,0,0,0,0,0
134198950,1,0,0,0,0,0,0,0,0,0
134198980,1,0,0,0,0,0,0,0,0,0
134198995,1,0,0,0,0,0,0,0,0,0
134199058,1,0,0,1,1,0,0,0,0,0
134199102,1,0,0,0,0,0,0,0,0,0
134199126,1,0,0,1,1,0,0,0,0,1
134199135,1,0,0,1,1,1,0,0,0,0
134199173,1,0,0,0,0,0,0,0,0,0
134199210,1,0,0,1,1,0,1,0,1,1
134199234,1,0,0,1,1,1,0,0,0,1
134199263,1,0,0,0,0,0,0,0,0,0
134199296,1,1,0,1,1,1,0,1,0,0
134199303,1,0,0,0,0,0,0,0,0,0
134199339,1,0,0,0,0,0,0,0,0,0
134199435,1,0,0,0,0,0,0,0,0,0
134199493,1,0,0,0,0,0,0,1,1,1
134199635,0,0,0,0,0,0,0,0,0,0
134199703,1,0,0,1,1,0,0,0,0,0
134199746,1,1,0,0,0,1,0,0,0,0
134199781,1,0,0,0,0,0,0,0,0,0
134199790,1,0,0,0,0,0,0,1,1,1
134199863,1,1,0,0,0,1,0,0,0,0
134199916,1,0,0,0,0,0,0,0,0,0
134199938,1,0,0,0,0,0,0,1,0,1
134199961,1,0,0,0,0,0,0,0,0,0
134200098,1,0,0,0,0,0,0,0,0,0
134200122,1,0,0,0,0,0,0,0,0,0
134200140,1,0,0,0,0,0,0,0,0,0
134200195,1,0,0,0,0,0,0,0,0,0
134200239,1,0,0,0,0,0,0,0,0,0
134200242,1,0,0,0,0,0,0,0,0,0
134200290,1,0,0,0,0,0,0,1,1,1
134200292,1,0,0,1,1,1,0,1,0,0
134200359,1,0,0,0,0,0,0,0,0,0
134200408,1,0,0,0,0,0,0,0,0,0
134200467,1,0,0,0,0,0,0,0,0,0
134200509,1,0,0,0,0,0,0,0,0,0
134200517,1,1,1,0,0,0,0,1,0,0
134200565,1,0,0,0,0,0,0,0,0,0
134200698,1,1,0,0,0,1,0,0,1,0
134200751,1,0,0,0,0,0,0,0,0,0
134200916,1,0,0,0,0,0,0,0,0,0
134200934,1,0,0,0,0,0,0,0,0,0
134201329,1,1,0,0,1,0,0,0,0,0
134201598,1,0,0,0,0,0,0,0,0,0
134201606,1,1,0,0,0,0,0,0,0,0
134201711,1,0,0,0,0,0,0,0,0,0
134201791,1,1,1,1,1,1,0,0,1,0
134201855,0,0,0,0,0,1,0,0,0,0
134201921,1,0,0,0,0,0,0,0,1,0
134202265,1,0,0,0,0,1,0,1,0,0
134202496,1,0,0,0,0,0,0,0,0,0
134202730,1,0,0,0,0,0,0,0,0,0
134203088,1,0,0,0,0,0,0,0,0,0
134203732,1,0,0,0,0,1,0,0,0,0
134203958,1,0,0,1,1,1,0,0,0,0
134204165,1,0,0,0,0,0,0,1,1,1
134204360,1,1,0,0,1,0,0,1,0,0
134204537,1,0,0,0,0,0,0,0,0,0
134204572,1,1,0,0,0,0,0,0,0,0
134204721,1,0,0,0,0,0,0,0,0,0
134205083,1,0,0,0,0,0,0,0,1,1
134205280,0,0,0,0,0,0,0,0,0,0
134205293,1,1,1,0,0,0,0,0,1,1
134205348,1,0,0,0,0,0,0,0,0,0
134205386,0,0,0,0,0,0,0,0,0,0
134205392,1,0,0,0,0,0,0,0,0,0
134205493,1,0,0,0,0,0,0,0,0,1
134205499,1,1,0,0,0,1,0,0,0,0
134205536,1,1,1,0,0,0,0,0,0,0
134205585,1,1,0,0,0,0,0,1,0,0
134205678,1,0,0,0,0,0,0,0,0,0
134205711,1,0,0,0,0,0,0,0,0,0
134205714,1,0,0,0,0,1,0,0,0,0
134205779,0,0,0,0,0,0,0,0,0,0
134205783,0,0,0,0,0,0,0,0,0,0
134205804,1,0,1,0,0,0,0,0,0,0
134205868,1,0,0,0,0,0,0,0,0,0
134205889,0,0,0,0,0,0,0,0,0,0
134205957,1,0,0,0,0,0,0,0,0,0
134206146,1,0,0,0,0,0,0,0,1,0
134206545,1,0,0,0,0,0,0,0,0,0
134206574,1,1,0,1,1,0,0,0,0,0
134206780,1,0,0,0,0,0,0,0,1,0
134206813,1,1,0,0,0,0,0,0,0,0
134206819,1,0,0,1,0,0,0,0,0,0
134206830,1,0,0,0,0,0,0,1,0,0
134206931,1,1,0,0,0,1,0,1,0,0
134206987,0,0,0,0,0,0,0,0,0,0
134207064,1,0,0,0,0,0,0,0,0,0
134207069,1,0,0,0,0,0,0,0,0,0
134207104,1,1,0,0,0,1,1,0,0,0
134207206,1,0,0,1,1,0,0,0,1,1
134207294,1,0,0,0,0,1,0,0,0,0
134207300,1,0,0,0,0,1,0,0,0,0
134207448,0,0,0,0,0,0,0,0,0,0
134207550,1,0,1,0,0,0,0,0,0,0
134207591,1,0,1,0,0,0,0,0,0,0
134207604,1,0,0,1,1,0,0,0,1,1
134207686,0,0,0,0,0,0,0,0,0,0
134207783,1,0,0,0,0,0,0,0,1,0
134207808,1,1,0,0,0,1,0,0,0,0
134207877,1,0,0,0,0,1,0,0,0,0
134207963,1,0,0,0,0,0,0,0,1,1
134207973,1,1,0,0,0,1,0,0,0,0
134208045,1,1,0,1,1,1,0,1,0,1
134208276,1,0,0,0,0,0,0,0,0,0
134208320,1,1,0,0,0,0,0,0,1,1
134208323,1,0,0,0,0,1,0,0,0,0
134208346,1,0,0,0,0,0,0,0,1,0
134208352,1,0,0,0,0,0,0,0,0,0
134208397,1,0,0,0,0,1,0,0,0,1
134208412,1,0,0,1,1,0,0,1,0,1
134208464,1,0,0,0,0,0,0,0,0,0
134208492,1,0,0,0,0,0,0,0,0,0
134208630,1,0,0,0,1,0,0,1,0,1
134208642,1,1,0,1,1,1,0,1,0,1
134208662,1,0,1,1,1,1,0,1,0,1
134208702,1,1,0,0,0,1,0,0,1,0
134208727,1,0,0,0,0,0,0,0,0,0
134208793,1,0,0,0,0,1,0,1,0,0
134208845,1,1,0,1,1,1,0,0,1,0
134208882,1,0,1,1,1,1,0,1,0,0
134209143,1,0,1,0,0,0,0,0,0,0
134209152,1,1,0,1,1,1,0,1,0,1
134209161,1,0,0,0,0,0,0,0,0,0
134209352,1,0,0,0,0,0,0,1,0,0
134209471,1,1,0,0,0,1,0,0,0,0
134209599,1,0,0,1,0,0,0,0,0,0
134209613,1,0,0,1,1,0,0,0,0,1
134209633,1,1,0,0,0,0,0,0,0,0
134209753,1,0,1,0,0,0,0,1,0,0
134209756,1,0,0,0,0,0,0,0,0,0
134209773,1,0,0,1,1,0,0,0,0,0
134209785,0,0,0,0,0,0,0,0,0,0
134209865,1,1,1,0,0,0,0,0,1,1
134209886,1,0,0,0,0,0,0,1,1,1
134209913,1,0,0,0,0,0,0,0,0,0
134209998,1,1,0,0,0,0,0,0,1,0
134210049,1,1,1,1,0,0,0,1,0,1
134210061,1,0,0,0,0,0,0,0,0,0
134210073,1,1,0,0,0,0,0,0,1,0
134210220,1,0,0,0,0,0,0,0,0,1
134210327,1,0,0,0,0,1,0,0,1,0
134210349,0,0,0,0,0,1,0,0,1,0
134210536,1,0,0,0,0,0,0,0,0,0
134210592,0,0,0,0,0,0,0,0,0,1
134210608,1,0,0,0,0,1,0,0,0,0
134210787,1,0,0,1,1,1,0,1,0,0
134210828,1,1,0,1,1,0,1,0,0,0
134210832,1,0,0,1,1,1,0,0,0,0
134210922,1,0,0,0,0,1,0,0,0,0
134210930,1,1,0,0,0,0,0,0,0,0
134210968,1,0,0,0,1,0,0,0,0,0
134211049,1,0,0,0,0,0,0,0,0,0
134211090,1,1,0,0,0,0,0,0,0,0
134211224,1,0,0,0,0,0,0,0,0,0
134211234,1,0,0,1,1,1,0,0,0,0
134211296,1,0,0,0,0,0,0,0,0,0
134211299,1,0,0,1,1,0,0,0,1,1
134211411,1,0,0,1,1,0,0,0,1,1
134211436,1,1,1,0,0,0,0,0,0,0
134211495,1,0,0,0,0,0,0,0,0,0
134211496,1,1,0,0,0,1,0,0,0,0
134211569,1,0,0,1,1,0,0,0,1,1
134211995,1,0,0,0,0,1,0,0,0,0
134212100,1,0,0,0,0,1,0,0,0,0
134212111,0,0,0,0,0,0,0,0,0,0
134212213,0,0,0,0,0,0,0,0,0,0
134212353,0,0,0,0,0,0,0,0,0,0
134212423,1,0,0,0,0,0,0,0,0,0
134212427,1,0,0,1,1,1,0,1,1,0
134212552,1,0,0,0,0,1,0,1,0,0
134212589,1,0,0,0,0,0,0,0,0,0
134212718,1,0,0,0,0,0,0,0,0,0
134212773,1,1,0,0,0,1,0,0,0,0
134212965,1,0,0,1,1,1,0,0,0,0
134212984,1,1,1,0,0,0,0,0,0,0
134213103,1,0,0,0,0,0,0,0,0,0
134213108,0,0,0,0,0,0,0,0,0,0
134213113,1,0,0,1,1,0,1,0,0,1
134213123,1,0,0,0,0,0,0,0,0,0
134213173,1,0,0,0,0,0,0,0,0,0
134213206,1,0,0,1,1,1,0,0,0,0
134213540,1,0,0,1,1,0,0,1,0,0
134213569,1,0,0,1,1,1,0,0,0,0
134213742,0,0,0,0,0,0,0,0,0,0
134213769,0,0,0,0,0,0,0,0,0,0
134213795,1,0,0,0,0,0,0,0,0,0
134213833,1,1,0,1,1,1,0,1,0,0
134213880,1,0,0,1,1,1,0,0,0,0
134214126,1,0,0,1,0,0,0,0,0,0
134214146,1,1,0,1,1,0,0,1,0,0
134214171,1,0,0,1,1,0,1,1,0,0
134214288,1,0,0,0,0,0,0,1,1,1
134214318,1,0,0,0,0,0,0,0,0,0
134214321,1,0,0,0,0,0,0,0,0,0
134214369,1,1,0,0,0,1,0,0,0,0
134214444,1,0,0,0,0,0,0,0,0,0
134214469,1,1,0,0,1,0,0,0,0,0
134214512,0,0,0,0,0,0,0,0,0,0
134214707,0,0,0,0,0,0,0,0,0,0
134214725,1,0,0,0,0,0,0,0,0,0
134214792,1,0,0,1,0,1,0,0,0,0
134214803,1,0,0,1,1,1,0,0,0,1
134215022,1,1,0,1,1,0,1,1,0,0
134215171,1,0,0,1,0,1,0,0,0,0
134215196,1,0,0,0,0,1,0,0,0,0
134215392,1,0,0,1,1,0,0,0,0,1
134215618,1,0,0,1,1,0,1,0,0,1
134215646,1,0,0,0,0,0,0,0,1,0
134215650,1,0,0,1,1,0,1,0,0,0
134215686,1,0,0,0,0,0,0,0,0,0
134215901,1,0,0,1,1,0,0,1,0,1
134215987,1,0,0,1,1,1,0,0,1,0
134216140,1,0,0,1,1,1,0,0,1,0
134216163,1,0,0,1,1,1,0,0,1,0
134216185,0,0,0,0,0,0,0,0,0,0
134216287,1,0,0,0,0,0,0,0,0,0
134216307,1,0,0,0,0,1,0,0,0,0
134216407,0,0,0,0,0,0,0,0,0,0
134216534,1,0,0,0,0,0,0,0,1,1
134216616,1,0,0,0,0,1,0,0,0,0
134216717,0,0,0,0,0,0,0,0,0,0
134216776,1,0,0,1,0,1,0,0,0,0
134216781,1,0,0,0,0,0,0,0,0,0
134217110,1,1,0,0,0,0,0,0,0,0
134217517,1,0,0,0,0,0,0,0,0,0
134217576,1,1,0,1,1,1,0,1,1,0
134217776,1,1,0,0,0,0,0,0,0,0
134218117,1,1,1,1,1,0,0,0,0,1
134218159,0,0,0,0,0,0,0,0,0,0
134218331,1,0,0,0,0,0,0,0,0,0
134218370,1,0,0,1,1,1,0,0,0,0
134218381,0,1,0,0,0,0,0,0,0,0
134218722,1,0,0,1,1,1,0,0,0,0
134218865,1,0,1,1,1,1,0,0,0,0
134218901,1,0,0,0,0,0,0,0,0,0
134219011,1,0,0,0,0,0,0,1,0,1
134219178,1,0,0,1,1,1,0,1,0,0
134219260,1,0,1,0,0,0,0,0,0,0
134219450,1,0,0,0,0,0,0,0,0,0
134219477,1,0,0,0,0,0,0,0,0,0
134219817,1,0,0,1,1,0,0,0,0,0
134220033,1,0,0,0,0,1,0,0,0,0
134220115,1,0,1,0,0,0,0,0,0,0
134220177,1,0,1,0,1,0,0,1,0,0
134220209,1,1,0,0,1,1,0,1,1,0
134220223,1,0,0,0,0,1,0,0,0,0
134220369,1,1,0,1,1,1,1,1,0,0
134220553,1,0,0,1,1,1,0,0,0,0
134220718,1,0,0,1,0,1,0,0,0,0
134220764,1,0,0,0,0,1,0,0,0,0
134220789,1,1,0,1,1,1,0,0,0,0
134220914,0,0,0,0,0,0,0,0,0,0
134220935,1,0,0,0,0,0,0,0,0,0
134221054,1,0,0,0,0,0,0,0,0,0
134221139,0,0,0,0,0,0,0,0,0,0
134221395,1,0,0,1,1,1,0,0,0,1
134221560,1,1,0,1,1,1,0,0,0,0
134221585,1,0,0,0,0,0,0,0,0,0
134221594,1,1,0,0,0,1,0,0,0,0
134221595,1,1,0,1,1,1,0,1,0,0
134221712,1,0,0,0,0,0,0,1,0,0
134221954,1,0,0,0,0,1,0,0,0,0
134222154,1,0,0,0,0,0,0,0,0,0
134222331,1,0,0,0,0,0,0,0,0,0
134222473,1,0,0,1,1,0,1,0,0,1
134222877,1,1,0,1,1,1,0,1,0,0
134223153,1,1,0,0,0,1,0,1,0,0
134223986,1,1,0,1,1,1,0,1,0,0
134224010,1,1,0,1,1,1,0,0,1,0
134224024,1,0,0,1,1,1,0,0,0,1
134224043,1,0,0,0,0,0,0,0,0,0
134224092,1,0,0,1,1,0,0,0,0,0
134224411,1,1,0,1,0,1,0,1,0,0
134224697,0,0,0,0,0,0,0,0,0,0
134224727,1,0,0,0,0,0,0,0,0,0
134224739,1,0,0,0,0,1,0,0,0,0
134224750,1,0,0,0,0,0,0,0,1,1
134224796,1,1,0,1,1,0,0,0,0,0
134224958,1,0,0,0,0,0,0,0,0,0
134225127,1,0,1,0,0,1,0,0,0,0
134225172,1,0,0,0,0,0,0,0,0,0
134225213,1,0,0,1,1,0,0,0,0,1
134225228,1,0,0,0,0,0,0,0,0,0
134225265,1,0,0,0,0,0,0,0,0,0
134225278,1,1,1,0,0,1,0,0,0,0
134225351,1,0,0,0,0,0,0,0,0,0
134225417,1,1,0,1,1,0,0,0,0,0
134225480,1,0,0,1,1,0,0,0,0,1
134225510,1,0,0,1,0,1,0,0,0,0
134225544,1,0,0,0,0,0,0,0,0,0
134225660,1,0,0,1,1,0,1,0,1,1
134225677,1,1,0,0,0,1,0,0,0,0
134225768,1,0,1,1,1,1,1,1,0,1
134225785,1,0,0,0,0,0,0,0,0,0
134225847,1,1,0,0,0,0,0,0,0,0
134225913,1,0,0,0,0,1,0,0,1,1
134225986,1,0,0,1,1,0,0,1,0,0
134225993,1,0,0,0,0,1,0,0,0,0
134226041,1,1,0,0,0,1,0,0,0,1
134226060,1,0,0,0,0,0,0,1,1,0
134226061,1,0,0,0,0,0,0,0,0,0
134226104,1,0,0,1,1,0,1,1,0,0
134226163,1,0,0,1,1,1,1,1,0,0
134226219,1,0,0,1,1,0,0,0,0,0
134226302,1,0,0,0,0,0,0,0,0,0
134226318,1,0,0,1,1,0,0,1,0,0
134226435,1,0,0,0,0,0,0,0,0,0
134226472,0,0,0,0,0,0,0,0,0,0
134226499,1,0,0,0,0,0,0,1,1,1
134226560,1,1,0,0,0,0,0,0,0,0
134226622,1,1,0,1,1,0,0,1,0,0
134226627,1,0,1,1,0,1,0,0,0,1
134226674,0,0,0,0,0,1,0,0,0,0
134226752,1,0,0,0,0,0,0,0,0,0
134226818,1,0,0,0,0,0,0,0,0,0
134226859,1,0,1,1,0,1,0,1,0,1
134226882,1,1,0,0,0,1,0,0,0,0
134226893,1,0,1,1,0,1,0,0,0,1
134226932,1,1,1,0,0,1,0,0,0,1
134226937,1,0,0,0,0,0,0,0,0,0
134226949,1,0,0,0,0,0,0,0,0,0
134227145,0,0,0,0,0,0,0,0,0,0
134227199,1,0,0,0,0,0,0,0,0,0
134227201,1,1,1,0,0,0,0,1,0,0
134227202,1,0,0,0,0,0,0,0,0,0
134227339,1,0,0,1,1,1,0,0,0,0
134227359,1,0,0,0,0,0,0,0,0,0
134227384,1,1,0,1,1,1,0,0,0,0
134227395,1,0,1,1,1,0,1,0,1,0
134227435,1,0,1,1,1,0,1,0,1,0
134227533,0,0,0,0,0,0,0,0,0,0
134227598,1,0,0,1,1,1,0,1,0,0
134227638,0,0,0,0,0,0,0,0,0,0
134227687,1,1,0,1,1,1,0,1,0,1
134227696,0,0,0,0,0,0,0,0,0,0
134227702,1,1,0,1,1,1,0,0,1,0
134227779,1,0,0,0,0,0,0,0,0,0
134227841,1,0,0,1,1,1,0,0,0,0
134227847,1,0,0,0,0,0,0,0,0,0
134227905,1,1,0,0,0,0,0,0,0,0
134227967,1,0,0,1,0,0,0,1,0,0
134228059,1,0,0,1,1,1,0,0,0,0
134228157,1,1,0,1,1,1,0,1,1,0
134228188,1,0,0,0,0,1,0,0,0,0
134228206,1,0,0,1,1,1,0,0,0,0
134228330,1,1,0,0,1,1,0,1,1,0
134228332,1,0,0,0,0,0,0,0,1,0
134228341,1,0,0,1,0,0,0,0,0,0
134228495,1,1,0,1,1,1,0,1,1,0
134228590,1,0,1,1,1,1,1,1,1,0
134228595,1,0,0,0,0,0,0,0,0,0
134228615,1,1,0,0,0,1,0,0,0,0
134228633,1,0,0,0,0,0,0,0,0,0
134228679,1,0,0,1,1,1,0,0,0,0
134228737,1,1,0,0,0,0,0,0,0,0
134228747,1,0,0,1,1,1,0,1,1,0
134228807,1,0,1,1,1,0,0,0,1,0
134228827,1,0,0,0,0,1,0,0,1,0
134228832,1,1,0,1,1,1,0,0,0,0
134228895,1,1,0,0,0,1,0,1,1,0
134228987,1,0,1,1,1,0,1,0,1,0
134229041,1,0,0,1,1,1,0,1,1,0
134229179,1,0,0,1,1,0,0,0,1,1
134229227,1,0,0,0,0,0,0,0,0,0
134229285,1,0,0,0,0,1,0,1,0,0
134229326,1,0,0,0,0,0,0,0,0,0
134229332,1,1,0,0,0,0,0,0,0,0
134229390,1,0,1,1,1,0,1,0,1,0
134229439,1,0,0,1,1,1,0,1,1,0
134229530,1,0,0,1,1,1,0,0,0,0
134229549,1,1,0,0,0,0,0,0,0,0
134229577,1,1,0,0,0,0,0,0,0,0
134229662,0,0,0,0,0,0,0,0,0,0
134229753,0,0,0,0,0,0,0,0,0,0
134229776,1,0,0,1,1,1,0,1,1,1
134229791,1,1,0,1,1,0,0,0,0,0
134229898,1,0,0,1,1,1,0,1,1,1
134230048,0,0,0,0,0,0,0,0,0,0
134230050,1,0,0,0,0,0,0,0,0,0
134230064,1,0,0,1,1,1,0,1,1,1
134230075,1,1,1,1,1,1,0,0,0,0
134230094,0,0,0,0,0,0,0,0,1,0
134230102,1,0,0,1,1,1,0,1,1,1
134230167,1,0,0,1,1,1,0,1,1,0
134230214,1,1,0,0,0,1,0,1,1,0
134230230,1,0,0,0,0,0,0,0,0,0
134230271,1,0,1,1,1,0,0,0,1,0
134230315,1,0,0,1,1,1,0,1,1,0
134230376,1,0,0,0,0,1,0,0,1,0
134230410,1,0,0,1,1,1,0,1,1,0
134230449,1,0,1,1,1,0,0,0,1,0
134230515,1,1,0,0,0,1,0,1,1,0
134230537,1,0,0,1,1,1,0,0,0,0
134230552,1,0,0,1,1,1,0,1,1,0
134230573,1,0,0,1,1,1,0,1,1,1
134230609,1,0,0,1,1,1,0,1,1,1
134230850,1,1,0,0,0,0,0,0,1,1
134230880,0,0,0,0,0,0,0,0,0,0
134230902,1,0,0,0,0,0,0,0,0,0
134231083,1,1,1,0,0,0,0,0,0,0
134231132,1,1,0,0,0,1,0,0,0,0
134231485,1,1,0,0,0,1,0,0,0,0
134231539,1,0,0,0,0,0,0,0,0,0
134231673,1,1,0,0,0,0,0,0,0,0
134231912,1,0,0,0,0,0,0,0,0,0
134232077,0,1,0,0,0,0,0,0,0,0
134232150,1,0,0,0,0,1,0,0,0,1
134232257,1,1,1,1,0,1,0,0,0,0
134232301,0,0,0,0,0,0,0,0,0,0
134232324,1,0,0,0,0,0,0,0,0,0
134232412,1,0,0,0,0,0,0,1,1,0
134232438,1,0,0,1,1,0,0,0,1,1
134232464,0,0,0,0,0,0,0,0,0,0
134232530,1,0,0,1,1,0,1,0,0,0
134232698,1,0,0,1,1,0,0,1,0,0
134232793,1,0,0,1,1,1,0,0,0,0
134232818,1,1,0,0,0,0,0,0,1,0
134232881,0,0,0,0,0,0,0,0,0,0
134232905,1,0,0,0,0,0,0,0,0,0
134232987,1,0,0,0,0,0,0,0,0,0
134233006,1,0,0,0,0,0,0,0,0,0
134233041,1,0,0,0,0,0,0,0,0,0
134233044,1,0,0,0,1,1,0,0,0,0
134233087,1,0,0,0,0,0,0,0,0,0
134233096,1,1,0,0,0,0,0,0,0,0
134233102,0,0,0,0,0,0,0,0,0,0
134233135,1,0,0,0,0,0,0,0,0,0
134233449,1,0,0,0,0,0,0,0,0,0
134233548,0,0,0,0,0,0,0,0,0,0
134233622,0,0,0,0,0,0,0,0,0,0
134233812,1,1,0,1,1,0,0,1,0,0
134233831,1,0,0,0,0,0,0,0,0,0
134233894,0,0,0,0,0,0,0,0,0,0
134234023,0,0,0,0,0,0,0,0,0,0
134234028,1,0,0,0,0,0,0,0,0,0
134234155,1,0,0,0,0,0,0,0,0,0
134234312,1,0,1,0,0,0,0,0,0,0
134234450,1,1,0,1,1,1,0,0,0,0
134234481,1,0,0,1,1,0,0,0,0,1
134234493,1,0,1,0,1,1,1,1,0,1
134234503,1,0,0,0,0,0,0,0,0,0
134234551,0,0,0,0,0,0,0,0,0,0
134234670,1,1,0,0,1,0,0,0,0,0
134234915,0,0,0,0,0,0,0,0,0,0
134235242,1,0,0,0,0,1,0,0,0,0
134235288,1,0,0,0,0,0,0,0,0,0
134235330,1,0,0,0,0,0,0,0,0,0
134235378,1,0,1,0,0,0,0,0,0,0
134235668,1,0,0,0,0,0,0,0,0,0
134235985,0,0,0,0,0,0,0,0,0,0
134236005,1,0,0,0,0,0,0,0,0,0
134236217,1,0,0,0,0,0,0,0,0,0
134236311,1,0,1,1,1,0,0,1,0,0
134236483,1,0,1,1,1,0,0,1,0,0
134236541,1,1,0,0,0,1,0,0,0,0
134236667,1,0,0,0,0,0,0,1,1,0
134236684,1,0,0,0,0,0,0,0,0,0
134236690,0,0,0,0,0,0,0,0,0,0
134236741,1,0,0,1,0,1,0,0,0,0
134236776,1,0,0,0,0,0,0,0,0,0
134236835,1,0,0,0,0,1,0,0,0,0
134236883,1,0,0,0,0,0,0,0,0,0
134236984,1,0,0,0,0,0,0,0,0,0
134237089,1,0,0,0,0,0,0,0,0,0
134237296,1,0,0,0,0,0,0,0,0,0
134237357,1,0,0,0,0,0,0,0,0,0
134237515,1,0,0,0,0,0,0,0,0,1
134237649,1,1,0,0,0,1,0,0,0,0
134237696,1,0,0,0,0,1,0,0,0,0
134237963,1,0,0,0,0,0,0,0,0,0
134238200,1,0,0,0,0,0,0,0,0,0
134238524,1,0,0,1,1,1,0,0,0,0
134238572,1,0,0,0,0,1,0,0,0,0
134238594,1,0,0,0,0,1,0,0,0,0
134238697,1,0,0,1,0,0,0,0,0,0
134238810,1,0,0,0,0,0,0,0,0,0
134238826,1,0,0,1,1,1,0,0,0,0
134238889,1,0,0,0,0,0,0,0,0,0
134238906,1,0,1,0,0,0,0,0,0,0
134238955,1,1,0,0,0,0,0,0,0,0
134238994,1,1,0,1,1,1,0,0,0,0
134239033,1,0,0,1,1,1,0,0,0,1
134239104,1,0,0,0,0,0,0,0,0,0
134239133,1,1,0,0,0,0,0,0,0,1
134239187,1,1,0,1,1,1,1,0,0,1
134239281,1,0,0,1,1,0,1,0,0,1
134239313,1,0,0,1,0,0,1,0,0,0
134239326,1,0,0,0,0,0,0,0,0,0
134239330,1,0,0,1,1,0,1,0,0,0
134239343,1,0,0,0,0,0,0,0,0,0
134239348,1,0,1,0,0,0,0,1,0,0
134239362,1,0,0,0,0,0,0,0,0,0
134239388,1,0,0,0,0,0,0,0,0,0
134239683,1,0,0,1,0,1,0,0,1,0
134239724,1,0,0,0,0,0,0,0,0,0
134239742,1,0,0,0,0,0,0,0,0,0
134239765,1,0,0,0,0,0,0,0,0,0
134239778,1,0,0,0,0,0,0,0,0,0
134239797,1,0,0,0,0,0,0,0,0,0
134239852,0,0,0,0,0,0,0,0,0,0
134240015,0,0,0,0,0,0,0,0,0,0
134240032,1,0,0,0,1,1,0,1,0,0
134240040,1,1,0,0,0,0,0,0,0,0
134240052,1,0,0,1,1,1,0,1,0,0
134240113,1,1,0,0,0,1,1,0,1,0
134240115,1,0,0,1,0,0,0,0,0,0
134240123,1,0,0,0,1,1,0,0,0,0
134240148,1,0,0,0,1,1,0,1,0,0
134240165,1,0,0,1,1,1,0,0,0,0
134240188,1,1,0,1,1,1,1,0,0,0
134240229,1,0,0,1,1,0,0,0,0,0
134240255,1,0,0,0,0,1,0,0,0,0
134240267,1,0,0,0,0,0,0,0,0,0
134240272,1,1,0,1,1,1,0,0,0,0
134240283,1,1,0,1,1,0,0,0,0,0
134240376,1,0,0,0,0,1,0,0,0,0
134240750,1,0,0,0,1,0,0,0,0,0
134240757,1,0,0,1,1,0,0,0,0,0
134240925,1,0,0,0,0,0,0,0,0,0
134241106,1,0,0,0,0,0,0,0,0,0
134241650,1,1,0,1,1,1,1,1,0,0
134241697,1,0,0,0,0,1,0,0,0,0
134241712,1,1,0,1,1,0,0,1,0,0
134241715,0,0,0,0,0,0,0,0,0,0
134241840,1,0,0,0,0,1,0,0,0,0
134241880,1,0,0,0,0,0,0,0,0,0
134242043,0,1,0,0,0,0,0,0,0,0
134242121,1,0,0,0,0,0,0,0,0,0
134242146,1,1,0,0,0,0,0,0,0,0
134242199,0,0,0,0,0,0,0,0,0,0
134242320,1,0,0,0,1,1,0,0,0,0
134242431,1,1,0,0,0,1,0,0,0,0
134242449,1,1,1,0,1,1,0,0,0,0
134242773,0,0,0,0,0,0,0,0,0,0
134242846,1,0,0,0,0,0,0,0,0,0
134243149,1,1,0,0,0,1,0,1,1,0
134243185,1,1,1,0,0,1,0,1,1,0
134243234,1,0,0,0,0,0,0,1,1,0
134243310,1,0,0,1,1,1,0,1,1,0
134243352,1,0,0,0,0,1,0,0,0,0
134243401,1,0,0,1,0,1,0,1,0,0
134243685,1,1,0,1,1,0,0,1,0,1
134243703,1,0,0,1,1,0,0,1,0,1
134243734,1,0,0,1,1,1,0,1,0,1
134243750,1,0,0,0,0,0,0,0,0,0
134243758,1,1,0,0,0,0,0,0,0,0
134243924,1,0,1,0,0,0,0,0,0,0
134244142,1,0,0,0,0,0,0,0,0,0
134244412,1,0,0,0,0,0,0,0,0,0
134244507,1,0,0,0,0,0,0,0,1,0
134244521,0,0,0,0,0,0,0,0,0,0
134244596,1,1,0,1,1,0,0,0,0,0
134244635,1,0,0,0,0,1,0,0,1,0
134244672,1,0,0,0,0,0,0,0,1,1
134244754,1,0,0,0,0,0,0,0,0,0
134245467,1,0,0,0,0,0,0,0,1,0
134245533,1,0,0,0,0,0,0,0,1,1
134245556,0,0,0,0,0,0,0,0,0,0
134245628,1,1,1,0,0,1,0,0,0,0
134245664,1,1,0,0,0,0,0,0,0,0
134245759,1,1,0,0,0,0,0,0,0,0
134245768,1,0,0,0,0,0,0,0,0,1
134245772,1,1,1,1,1,0,0,0,1,0
134245775,0,0,0,0,0,0,0,0,0,0
134245790,1,1,1,0,0,0,0,0,1,0
134245806,1,0,0,0,0,1,0,0,1,0
134245818,0,0,0,0,0,0,0,0,0,0
134245841,1,0,0,0,0,0,0,0,0,1
134245932,1,0,0,0,0,0,0,0,1,0
134245957,0,0,0,0,0,0,0,0,0,0
134246229,1,0,0,1,1,0,0,0,0,0
134246309,1,1,0,0,0,1,0,1,1,1
134246313,1,0,0,0,0,0,0,0,0,0
134246464,1,0,1,1,1,0,0,0,1,1
134246475,1,0,0,0,0,0,0,0,0,0
134246487,1,0,0,1,1,1,0,1,0,0
134246606,1,0,0,0,0,0,0,0,1,0
134246622,1,0,0,0,0,1,0,1,1,0
134246706,1,0,0,0,0,0,0,0,0,0
134246709,0,0,0,0,0,0,0,0,0,0
134246809,1,1,1,1,1,1,1,0,0,0
134246875,0,0,0,0,0,0,0,0,0,0
134246927,1,0,0,0,0,0,0,0,0,0
134246941,1,0,1,1,1,0,1,0,0,1
134246966,0,0,0,0,0,0,0,0,0,0
134247261,1,1,0,0,0,0,0,0,0,0
134247269,1,0,0,1,1,1,0,0,0,0
134247393,1,0,0,0,0,0,0,0,0,0
134247404,0,0,0,0,0,0,0,0,0,0
134247454,0,0,0,0,0,0,0,0,0,0
134247513,1,0,0,0,0,0,0,1,0,0
134247609,1,0,1,0,0,0,0,1,0,0
134247851,0,0,0,0,0,0,0,0,0,0
134247960,1,0,0,0,0,0,0,0,0,1
134247969,1,0,0,0,0,0,0,0,0,0
134248107,1,1,1,0,0,0,0,0,0,0
134248128,0,0,0,0,0,0,0,0,0,0
134248153,1,0,0,0,0,0,0,0,1,0
134248213,1,0,0,1,1,0,0,0,0,0
134248226,0,0,0,0,0,0,0,0,0,0
134248241,1,0,0,0,0,0,0,0,0,0
134248346,1,1,0,0,0,0,0,0,0,0
134248489,1,1,0,0,0,0,0,0,0,0
134248494,1,1,0,1,1,1,0,0,1,0
134248505,1,0,0,0,0,0,0,0,0,0
134248627,1,0,0,1,1,0,0,1,1,0
134248635,1,1,0,0,0,0,0,0,0,0
134248685,1,0,0,0,0,0,0,0,0,1
134248698,1,0,0,0,0,0,0,0,0,0
134248718,1,0,0,0,0,0,0,0,0,0
134248751,1,0,0,0,0,0,0,0,0,0
134248862,1,0,0,0,0,0,0,0,0,0
134248865,1,0,0,0,0,0,0,0,1,1
134248881,1,0,0,0,0,0,0,0,0,0
134248914,1,0,0,0,0,0,0,0,0,0
134248918,1,1,0,0,0,0,0,0,0,0
134249001,1,1,0,0,0,0,0,0,0,0
134249031,0,1,0,0,0,0,0,0,0,0
134249041,1,0,0,0,0,0,0,0,1,1
134249116,1,0,1,0,0,0,0,0,0,0
134249131,1,1,0,1,1,1,0,0,1,0
134249158,1,0,0,0,0,1,0,0,0,0
134249301,1,1,0,1,1,1,0,0,1,0
134249362,1,0,0,1,1,1,0,0,0,0
134249426,1,1,1,1,1,1,0,1,0,1
134249644,1,1,0,0,0,1,0,0,0,0
134249675,1,0,0,0,0,0,0,1,0,0
134249862,0,0,0,0,0,1,0,0,0,0
134249975,1,0,1,1,1,1,1,1,0,0
134249990,1,1,0,0,0,0,0,0,0,0
134250167,1,0,0,0,0,0,0,0,0,0
134250259,1,0,0,0,0,0,0,0,1,0
134250273,1,1,0,0,0,0,0,0,0,0
134250296,1,0,0,0,0,0,0,0,0,0
134250398,1,1,1,0,1,1,0,1,1,0
134250443,1,0,0,0,0,1,0,0,0,0
134250463,1,0,0,0,0,1,0,0,0,0
134250485,1,0,0,0,1,1,0,1,1,0
134250493,1,0,1,0,0,0,0,0,0,0
134250865,1,0,1,1,1,1,0,1,1,0
134250902,1,1,0,0,0,0,0,0,0,0
134250959,1,1,0,0,0,0,0,0,1,0
134251147,1,1,0,0,0,0,0,0,0,0
134251353,1,0,1,0,1,1,0,1,1,0
134251749,1,0,0,0,1,1,0,1,1,0
134251946,1,0,0,0,0,0,0,0,0,0
134251983,1,0,0,0,0,1,0,0,0,0
134252006,1,0,0,0,0,0,0,0,0,0
134252036,1,0,0,0,0,0,0,0,0,1
134252079,1,0,0,1,0,0,0,0,0,0
134252137,1,0,0,0,0,0,0,1,1,1
134252188,1,0,0,0,0,1,0,0,0,0
134252311,0,0,0,0,0,0,0,0,0,0
134252472,1,0,1,1,1,0,1,0,1,1
134252513,1,1,0,0,0,1,0,0,0,0
134252615,1,0,0,0,0,0,0,0,0,0
134252622,1,0,1,1,1,0,1,0,1,1
134252734,1,1,0,0,0,1,0,0,0,0
134252743,1,0,0,0,0,0,0,1,1,0
134252815,1,0,0,0,1,1,0,1,1,0
134252854,0,0,0,0,0,0,0,0,0,0
134252879,1,0,0,0,0,0,0,1,1,1
134252904,1,0,0,0,1,1,0,1,1,0
134253059,1,0,0,1,1,0,1,0,1,1
134253079,0,0,0,0,0,0,0,0,0,0
134253184,1,1,1,0,0,0,0,0,0,0
134253217,1,0,0,0,0,0,0,0,0,0
134253247,1,0,0,0,0,0,0,0,0,0
134253956,1,0,0,0,0,0,0,0,0,0
134253975,1,0,0,0,0,0,0,0,0,0
134254262,1,0,0,0,0,0,0,1,1,0
134254456,0,0,0,0,0,0,0,0,0,0
134254642,0,0,0,0,0,0,0,0,0,0
134254681,1,0,0,0,0,1,0,0,1,1
134254701,1,1,0,0,0,1,0,0,1,0
134254756,1,1,0,0,0,1,0,0,0,1
134254829,1,0,1,0,0,1,0,0,1,0
134254861,1,1,1,1,1,1,0,0,0,0
134254983,0,0,0,0,0,0,0,0,0,0
134255011,1,0,1,0,0,0,0,0,0,0
134255053,1,1,1,0,1,0,0,0,0,0
134255110,0,0,0,0,0,0,0,0,0,0
134255131,0,0,0,0,0,0,0,0,0,0
134255155,1,1,1,1,0,1,0,0,0,0
134255252,1,1,0,0,0,0,0,0,0,0
134255351,1,0,0,0,0,0,0,0,0,0
134255358,1,0,0,1,1,0,0,1,0,0
134255497,0,0,0,0,0,0,0,0,0,0
134255550,1,0,0,0,0,0,0,0,0,0
134255556,0,0,0,0,0,0,0,0,0,0
134255718,0,1,0,0,0,0,0,0,0,0
134255793,1,0,0,0,0,0,0,0,0,0
134255869,1,0,0,0,0,0,0,0,0,0
134255896,1,0,0,1,0,0,0,1,0,0
134256093,1,1,0,0,0,1,0,0,0,1
134256141,1,0,0,1,1,0,1,0,0,0
134256150,1,0,1,1,0,0,0,0,0,0
134256227,0,0,0,0,0,0,0,0,0,0
134256431,1,0,1,0,0,0,0,0,0,1
134256450,1,1,1,1,1,1,0,0,0,0
134256456,0,0,0,0,0,0,0,0,0,0
134256520,1,0,0,0,0,1,0,0,0,0
134256583,1,1,0,0,0,0,0,0,1,0
134256747,1,0,0,1,1,1,0,1,0,1
134256825,1,0,0,0,0,1,0,1,0,0
134256932,1,0,0,0,0,0,0,0,0,0
134257065,1,0,0,0,0,0,0,0,0,0
134257099,1,0,0,1,1,0,0,0,1,1
134257265,1,0,1,1,1,0,0,0,0,0
134257291,1,0,0,1,1,0,1,0,0,1
134257502,1,0,0,0,0,0,0,0,0,0
134257526,0,0,0,0,0,0,0,0,0,0
134257573,1,0,0,0,0,0,0,0,0,0
134257805,1,1,0,1,1,0,1,1,1,0
134257885,1,0,0,0,0,0,0,0,0,0
134258046,1,1,0,1,1,1,0,0,0,0
134258104,1,0,0,0,0,0,0,1,1,1
134258146,1,1,0,1,1,1,0,0,0,0
134258266,1,0,0,0,0,0,0,0,0,0
134258299,1,0,1,0,0,0,0,0,0,0
134258330,1,0,0,0,0,0,0,0,0,0
134258343,1,0,0,1,1,1,0,0,0,0
134258426,1,0,0,0,0,0,0,0,0,0
134258481,1,0,0,0,0,0,0,0,0,0
134258522,1,0,0,1,1,1,0,0,0,0
134258560,1,0,0,0,0,0,0,0,0,0
134258624,1,1,0,0,0,0,0,0,0,0
134258639,1,0,0,0,0,0,0,0,0,0
134258673,1,0,0,1,1,0,0,0,0,0
134258682,1,0,0,1,1,1,0,0,0,0
134258772,1,0,0,1,1,1,0,0,1,0
134258818,1,0,0,1,1,1,0,0,0,0
134258883,1,0,1,1,1,1,0,0,0,0
134258900,1,1,0,0,0,1,0,1,0,0
134258914,1,0,1,1,1,0,1,0,1,1
134258939,1,0,0,1,1,1,0,0,0,0
134258951,0,0,0,0,0,0,0,0,0,0
134258975,1,1,0,0,0,0,0,0,0,0
134258981,1,1,0,0,0,1,0,1,0,0
134259050,1,0,0,0,1,1,0,1,0,0
134259108,1,1,1,0,0,1,0,1,0,0
134259171,0,1,0,0,0,0,0,0,0,0
134259177,1,0,0,1,1,1,0,0,0,0
134259330,1,0,0,1,1,1,0,0,1,1
134259332,0,0,0,0,0,0,0,0,0,0
134259375,1,0,0,1,1,1,0,0,1,1
134259413,1,0,1,1,1,1,0,0,0,1
134259590,1,1,0,0,1,1,0,0,0,0
134259645,1,0,0,1,1,0,0,0,0,0
134259656,1,0,1,0,0,0,0,0,0,1
134259680,1,1,0,0,0,0,0,0,0,0
134259690,1,1,0,0,0,0,0,0,0,0
134259707,1,0,0,0,0,0,0,0,0,0
134259799,1,0,0,1,1,1,0,0,0,1
134259825,1,0,0,0,0,0,0,0,0,0
134259832,1,0,0,1,1,1,0,0,0,1
134259844,1,0,0,0,0,0,0,0,0,0
134259880,1,1,0,0,0,0,0,0,0,0
134259888,1,0,0,0,0,0,0,0,0,1
134259927,1,1,0,0,0,0,0,0,0,0
134259940,1,0,0,0,0,0,0,0,0,0
134259941,1,0,0,0,0,1,0,0,0,0
134259973,1,0,0,1,1,1,0,0,0,1
134260036,1,0,1,0,0,0,0,0,1,1
134260039,1,1,0,1,1,1,0,0,0,0
134260163,1,1,0,1,0,1,0,0,1,0
134260242,1,0,0,0,0,0,0,0,0,0
134260273,1,0,0,0,0,0,0,0,0,0
134260289,1,0,0,0,0,0,0,0,0,0
134260309,1,0,0,0,0,0,0,0,0,0
134260321,1,0,0,0,0,1,0,1,0,0
134260334,1,0,0,0,0,0,0,0,0,0
134260341,1,1,0,0,0,1,0,0,1,0
134260382,1,1,1,0,0,0,0,1,0,0
134260391,1,0,0,0,0,0,0,0,0,0
134260431,1,0,0,1,1,0,0,1,0,1
134260434,1,1,0,0,0,1,0,0,1,0
134260504,1,0,0,1,1,0,1,0,0,1
134260619,1,0,0,1,1,0,1,0,0,1
134260671,1,0,0,0,0,0,0,0,0,0
134260714,1,1,1,1,0,0,0,0,1,1
134260715,1,0,0,0,0,1,0,0,1,0
134260724,1,0,0,1,1,0,1,0,0,1
134260745,1,0,0,0,0,0,0,0,0,0
134260862,1,0,0,1,1,0,0,0,0,1
134261200,1,0,0,1,1,0,0,1,0,1
134261277,1,0,0,1,1,0,0,1,0,0
134261291,1,1,0,0,0,0,0,0,0,0
134261297,1,0,0,0,0,0,0,0,0,0
134261346,1,1,1,0,1,1,0,1,0,1
134261441,1,0,0,0,0,0,0,0,0,0
134261445,1,1,0,0,0,1,0,0,0,0
134261489,1,0,0,0,0,0,0,0,0,0
134261751,1,1,0,0,0,1,0,0,0,0
134261790,1,1,0,0,0,0,0,0,0,1
134261868,0,0,0,0,0,0,0,0,0,0
134261889,1,1,0,0,0,1,0,0,0,0
134262046,1,1,0,0,0,1,0,0,0,0
134262062,1,1,0,0,0,1,0,0,0,0
134262183,1,1,0,1,1,1,0,0,0,1
134262440,1,0,0,1,1,1,0,1,0,0
134262642,1,1,0,1,1,0,0,0,0,0
134262858,1,0,0,1,0,1,0,0,0,0
134262883,1,0,0,1,1,1,0,0,0,0
134262968,1,0,0,0,0,0,0,0,0,1
134263052,1,0,0,0,0,1,0,0,0,0
134263578,1,0,0,0,0,1,0,0,0,0
134263629,1,0,0,0,1,0,0,0,0,0
134263731,1,0,0,1,1,0,0,0,0,0
134263751,1,0,0,0,0,0,0,0,0,0
134264006,1,0,0,0,0,0,0,0,0,0
134264936,1,0,0,0,0,0,0,0,0,0
134265003,1,1,0,0,0,0,0,0,0,0
134265055,1,0,0,0,0,0,0,1,1,0
134265056,1,0,0,0,0,0,0,1,1,0
134265276,1,1,1,0,1,1,0,1,0,1
134265283,1,1,0,1,1,1,1,0,0,0
134265418,1,0,0,0,0,0,0,0,1,0
134265476,1,0,0,0,0,0,0,0,0,0
134266172,0,0,0,0,0,0,0,0,0,0
134266209,1,0,0,1,1,0,1,0,0,1
134266213,1,0,0,0,0,0,0,0,0,0
134266262,1,0,0,0,0,0,0,0,1,0
134266283,0,0,0,0,0,0,0,0,0,0
134266291,1,0,0,0,0,0,0,0,1,1
134266437,1,0,0,1,1,1,0,0,0,1
134266469,1,0,0,0,0,0,0,0,0,0
134266547,1,0,1,1,1,1,0,1,0,0
134266555,0,0,0,0,0,0,0,0,0,0
134266690,1,0,0,0,0,0,0,0,0,0
134266705,1,1,0,0,0,1,0,0,0,0
134266782,1,0,0,0,0,1,0,0,0,0
134266818,1,1,1,1,1,0,1,0,0,1
134266831,1,0,0,0,0,0,0,0,0,0
134267186,1,0,0,0,0,0,0,0,0,0
134267203,1,0,0,0,0,0,0,0,0,0
134267237,1,0,0,1,1,1,0,0,0,0
134267245,1,0,0,1,1,0,0,1,0,0
134267342,0,0,0,0,0,0,0,0,0,0
134267388,1,0,0,0,0,0,0,0,0,0
134267519,1,0,0,0,0,0,0,0,0,0
134267601,1,0,0,0,0,0,0,0,0,0
134267714,1,1,0,0,0,0,0,0,0,0
134267718,1,0,0,0,0,0,0,0,1,0
134267751,1,0,0,1,1,0,0,0,0,0
134267773,1,0,0,0,0,1,0,0,0,0
134267777,1,1,1,1,1,0,0,0,0,0
134267781,1,0,0,0,0,1,0,0,0,0
134267805,0,0,0,0,0,0,0,0,0,0
134267856,1,0,0,0,0,0,0,1,0,0
134267904,1,0,1,1,1,0,0,1,0,0
134267905,1,0,0,0,0,0,0,0,1,0
134267951,1,0,1,1,1,1,0,0,1,0
134268000,0,0,0,0,0,0,0,0,0,0
134268004,0,0,0,0,0,0,0,0,0,0
134268010,1,0,1,0,0,0,0,1,0,0
134268097,1,1,0,1,1,0,0,0,0,0
134268098,1,1,0,0,0,0,0,1,1,0
134268178,0,0,0,0,0,0,0,0,0,0
134268254,1,0,0,0,0,0,0,0,1,0
134268345,1,1,0,0,0,0,0,0,0,0
134268407,1,0,1,1,1,0,1,0,1,1
134268592,0,0,0,0,0,0,0,0,0,0
134268670,0,0,0,0,0,0,0,0,0,0
134268686,0,0,0,0,0,0,0,0,0,0
134268699,1,0,0,0,0,0,0,0,0,0
134268774,0,0,0,0,0,0,0,0,0,0
134268873,1,0,0,0,0,0,0,0,1,0
134268898,1,1,0,0,0,0,0,0,0,0
134268972,1,1,0,0,0,0,0,0,0,0
134268997,1,0,0,0,0,1,0,0,0,0
134269042,1,1,0,0,0,0,0,0,0,0
134269070,1,0,0,0,0,0,0,0,1,0
134269151,1,0,0,0,0,0,0,1,1,1
134269154,1,1,0,0,0,0,0,0,1,0
134269227,1,1,0,1,1,0,1,0,1,1
134269249,1,0,0,0,0,1,0,0,0,0
134269259,1,1,0,0,1,0,0,0,0,0
134269335,1,0,0,0,0,1,0,0,0,0
134269371,1,0,1,1,1,0,1,0,1,1
134269373,0,0,0,0,0,0,0,0,0,0
134269378,1,0,0,0,0,0,0,0,1,1
134269382,1,0,0,0,0,0,0,0,0,0
134269429,1,1,0,0,0,1,0,0,0,0
134269486,0,0,0,0,0,0,0,0,0,0
134269515,1,1,0,0,1,1,0,0,0,0
134269872,1,0,0,0,0,1,0,0,0,0
134270376,1,0,0,0,0,0,0,0,0,0
134270434,1,0,0,0,0,1,0,0,0,0
134270662,1,1,0,0,0,0,0,0,0,0
134270689,0,0,0,0,0,0,0,0,0,0
134270898,1,0,0,0,0,0,0,0,0,0
134271250,1,0,0,1,1,1,0,1,1,1
134271342,1,1,1,1,1,1,0,1,0,0
134271393,0,0,0,0,0,0,0,0,0,0
134271426,1,0,0,1,1,0,0,0,0,1
134271469,1,0,0,1,1,0,0,1,1,0
134271545,1,1,0,1,0,0,0,0,0,0
134271738,1,0,0,0,0,0,0,0,0,0
134272259,1,0,0,0,0,0,0,0,0,0
134272326,1,1,0,0,0,1,0,0,0,1
134272460,1,1,0,0,0,0,0,0,0,0
134272524,1,0,0,0,0,0,0,0,0,0
134272541,1,0,1,1,1,1,0,0,0,0
134272582,1,1,0,0,0,1,0,1,0,0
134272739,0,0,0,0,0,0,0,0,0,0
134272741,1,0,0,1,1,1,0,0,0,0
134272776,1,1,0,0,0,0,0,0,0,0
134272802,1,0,0,0,0,0,0,0,0,0
134272805,1,0,0,0,0,0,0,0,0,0
134272889,1,1,1,0,0,0,0,0,1,0
134272987,1,0,0,1,1,1,0,0,0,0
134273416,0,0,0,0,0,0,0,0,0,0
134273501,1,1,0,1,1,0,0,0,0,0
134273518,1,0,0,0,0,0,0,0,0,0
134273576,1,0,0,0,0,0,0,0,0,0
134273747,1,0,0,0,0,0,0,0,0,0
134273785,0,0,0,0,0,0,0,0,0,0
134273872,1,0,0,0,0,1,0,0,0,0
134274010,1,0,0,1,1,0,0,0,1,1
134274018,1,0,0,1,0,1,0,0,1,0
134274072,1,0,0,0,1,0,0,1,1,1
134274080,1,1,0,0,0,1,0,0,0,0
134274276,1,0,0,0,0,0,0,0,1,1
134274637,1,1,1,0,0,0,0,0,0,0
134274902,1,0,0,0,0,0,0,0,0,0
134275095,1,1,0,1,1,0,0,1,0,0
134275282,1,0,0,0,0,0,0,0,0,0
134275403,0,0,0,0,0,0,0,0,0,0
134275589,1,1,0,1,0,1,0,1,0,0
134275590,1,0,0,0,0,0,0,0,0,0
134275692,1,0,0,0,0,0,0,0,1,0
134275819,1,0,0,0,0,0,0,0,0,0
134275889,0,0,0,0,0,0,0,1,0,0
134275898,1,0,0,0,0,0,0,0,0,0
134276227,1,0,0,1,1,1,0,0,1,0
134276234,0,0,0,0,0,0,0,0,0,0
134276245,1,1,0,1,1,1,0,1,0,0
134276454,0,0,0,0,0,0,0,0,0,0
134276553,0,0,0,0,0,1,0,0,0,0
134276737,1,0,0,0,0,1,0,0,0,0
134276770,0,0,0,0,0,0,0,0,0,0
134276870,1,1,0,0,0,1,0,0,0,0
134276903,1,0,0,0,1,0,0,0,0,0
134277041,1,0,0,0,0,0,0,0,1,1
134277189,1,0,0,0,0,0,0,1,0,0
134277341,1,1,0,1,1,1,0,1,0,0
134277380,0,0,0,0,0,0,0,0,0,0
134277465,1,0,0,1,0,0,0,0,0,0
134277915,1,0,1,0,0,1,0,0,0,0
134278101,1,1,0,1,1,0,0,0,0,0
134278103,1,1,0,1,1,0,0,1,0,1
134278274,1,0,0,0,0,0,0,1,0,0
134278396,1,1,0,1,1,0,0,0,0,0
134278536,1,0,0,0,0,0,0,0,0,0
134278542,1,1,0,1,0,1,0,0,0,0
134278577,1,1,0,0,0,0,0,0,0,0
134278607,1,0,0,0,0,0,0,0,0,0
134278675,1,0,0,0,0,0,0,0,0,0
134278957,0,0,0,0,0,0,0,0,0,0
134278985,1,1,0,0,0,0,0,0,0,0
134278987,0,0,0,0,0,0,0,0,0,0
134279009,1,1,0,0,0,0,0,0,0,0
134279305,1,1,1,1,1,1,0,0,0,1
134279459,0,0,0,0,0,0,0,0,0,0
134279485,1,0,0,0,0,0,0,0,0,0
134279681,1,0,0,1,0,1,0,0,0,0
134279688,1,0,0,0,0,0,0,0,0,0
134279759,1,1,0,1,0,0,0,0,0,0
134279896,1,0,0,0,0,0,0,0,0,0
134279990,1,0,0,0,0,0,0,0,0,1
134279992,1,0,0,0,0,1,0,0,0,0
134280156,1,0,0,0,0,0,0,0,0,0
134280448,0,0,0,0,0,0,0,0,0,0
134280473,1,1,0,0,0,0,0,1,0,0
134280572,0,0,0,0,0,0,0,0,0,0
134280606,0,0,0,0,0,0,0,0,0,0
134280624,1,0,0,0,0,1,0,0,0,0
134280703,1,0,0,0,0,0,0,0,0,1
134280864,1,0,0,0,0,0,0,0,0,0
134280984,1,0,0,0,0,0,0,0,1,1
134281162,0,0,0,0,0,0,0,0,0,0
134281176,1,0,1,1,1,1,0,1,0,0
134281341,1,0,1,0,0,0,0,0,0,1
134281681,0,0,0,0,0,0,0,0,0,0
134281712,0,0,0,0,0,0,0,0,0,0
134281896,1,1,0,0,0,0,0,1,0,0
134281902,1,0,0,0,0,0,0,0,0,0
134282028,1,0,0,0,0,0,0,0,0,0
134282234,1,1,0,0,0,0,0,0,0,0
134282267,1,0,0,1,0,1,0,0,0,0
134282440,0,1,0,0,0,0,0,0,0,0
134282502,1,0,0,0,0,0,0,0,0,1
134282510,1,1,0,0,0,1,0,0,0,0
134282548,1,1,0,0,0,1,0,0,0,0
134282568,1,0,0,0,0,0,0,0,1,0
134282569,0,0,0,0,0,0,0,0,0,0
134282639,1,0,0,0,0,0,0,0,1,0
134282681,0,0,0,0,0,0,0,0,0,0
134282707,1,0,0,1,1,0,0,0,1,0
134282709,1,0,0,1,1,1,0,0,0,0
134282761,1,0,0,0,0,0,0,0,1,0
134282798,1,0,1,1,1,1,0,1,1,0
134282808,1,0,0,0,0,0,0,0,1,0
134283103,1,0,0,0,0,1,0,0,0,0
134283175,1,0,0,0,0,1,0,0,0,0
134283527,1,0,0,0,0,0,0,0,0,0
134284033,1,0,0,0,0,0,0,0,0,0
134284176,1,0,0,0,0,0,0,0,0,0
134284191,1,0,0,0,0,0,0,0,0,0
134284210,1,0,0,0,0,0,0,0,0,0
134284224,1,0,0,0,0,0,0,0,0,0
134284327,1,1,0,0,0,0,0,0,0,0
134284613,1,0,0,1,1,0,0,0,0,0
134284702,1,0,0,0,0,0,0,0,0,0
134284706,1,1,0,0,0,0,0,0,0,0
134284715,1,1,0,0,0,0,0,0,0,0
134284750,1,1,0,1,1,0,0,0,0,0
134284757,1,1,0,0,0,0,0,0,0,0
134284811,1,1,0,0,0,1,0,0,0,0
134284840,0,0,0,0,0,0,0,0,0,0
134284852,1,0,0,0,0,0,0,1,1,1
134284888,1,0,0,1,1,1,0,0,0,0
134285001,1,0,1,1,0,1,0,0,0,0
134285026,1,0,0,0,0,0,0,0,0,0
134285101,1,0,0,0,0,0,0,1,0,0
134285173,1,1,0,1,1,0,0,0,0,0
134285206,1,1,0,0,0,1,0,0,0,0
134285444,1,1,0,0,0,0,0,0,0,0
134285463,1,0,0,1,1,0,0,1,0,0
134285466,1,0,0,0,0,0,0,0,0,0
134285500,0,0,0,0,0,0,0,0,0,0
134285589,1,0,0,0,0,0,0,0,0,0
134285739,1,0,0,1,1,0,0,0,0,0
134285768,1,0,0,1,1,1,0,0,0,0
134285774,1,0,1,0,0,0,0,1,0,1
134285834,1,0,1,0,1,1,1,1,0,1
134285842,1,0,0,0,0,0,0,0,0,0
134285915,1,1,0,0,0,0,0,0,0,0
134285957,1,1,1,0,0,1,0,0,1,0
134286012,1,0,0,0,0,0,0,0,0,0
134286069,1,0,0,0,0,0,0,0,0,0
134286097,1,0,0,0,0,0,0,0,0,0
134286141,1,1,1,1,1,1,0,0,0,1
134286202,1,0,0,0,0,0,0,0,0,0
134286217,1,0,0,0,0,0,0,0,0,0
134286305,1,1,0,0,0,0,0,0,0,0
134286430,1,0,0,0,0,0,0,0,0,0
134286436,1,1,0,1,1,1,0,0,0,0
134286488,1,1,0,0,1,1,0,1,1,0
134286600,1,0,0,0,1,0,0,1,1,1
134286668,1,0,0,0,0,0,0,0,0,0
134287277,1,0,0,1,1,1,0,0,0,0
134287308,1,0,0,0,0,0,0,0,0,0
134287517,1,1,0,0,0,1,0,0,0,0
134287555,1,0,0,0,0,1,0,1,1,0
134287624,1,0,0,0,0,1,0,0,0,0
134287670,1,0,0,0,0,0,0,1,0,0
134287726,1,0,0,0,0,0,0,1,1,0
134287731,1,0,0,1,1,1,0,0,0,1
134287796,1,0,0,1,1,1,0,0,0,1
134287941,1,1,0,1,1,1,0,0,0,0
134288065,1,0,0,0,0,0,0,1,1,1
134288087,1,0,0,0,0,0,0,0,0,0
134288290,1,0,0,0,0,0,0,0,0,0
134288458,1,0,0,0,0,0,0,1,1,1
134288577,1,1,1,1,1,1,1,0,0,0
134288605,1,0,0,0,0,0,0,0,0,0
134288638,1,0,0,0,1,1,0,0,0,0
134288906,1,0,0,0,0,0,0,0,0,0
134288958,0,1,0,0,0,1,0,0,0,0
134289135,1,0,0,1,0,0,0,0,0,0
134289275,0,0,0,0,0,0,0,0,0,0
134289282,1,0,1,0,0,1,0,0,0,0
134289328,1,0,0,0,0,0,0,0,0,0
134289349,1,0,0,1,0,0,0,0,0,0
134289392,1,1,0,0,0,0,0,0,0,0
134289414,1,0,0,0,0,1,0,0,0,0
134289468,1,0,0,1,1,0,0,0,1,1
134289537,0,0,0,0,0,0,0,0,0,0
134289673,1,0,0,1,1,1,0,0,1,0
134289765,1,0,0,1,1,1,0,0,1,0
134289804,1,0,0,0,0,0,0,0,0,0
134289868,1,1,0,0,0,1,0,0,0,0
134289899,1,0,0,0,0,0,0,0,0,0
134289911,1,0,0,0,0,0,0,0,0,0
134289929,0,0,0,0,0,0,0,0,0,0
134290065,1,0,0,0,0,0,0,0,0,0
134290092,1,0,0,0,0,0,0,0,0,0
134290170,1,1,0,0,0,1,0,1,0,0
134290490,0,0,0,0,0,0,0,0,0,0
134290563,1,0,0,0,0,0,0,0,0,0
134290576,1,0,0,0,0,0,0,0,0,0
134290592,1,0,0,0,0,0,0,0,0,0
134290639,1,0,1,0,0,0,0,0,0,0
134290657,1,0,0,0,0,0,0,0,0,0
134290867,1,0,0,1,1,0,0,0,0,0
134291186,1,0,0,1,1,1,0,0,0,0
134291284,0,0,0,0,0,0,0,0,0,0
134291884,0,0,0,0,0,0,0,0,0,0
134291980,1,0,0,0,0,0,0,0,0,0
134292141,1,0,0,1,0,0,0,0,0,0
134292308,1,0,0,0,0,0,0,0,0,0
134292360,1,0,0,0,0,0,0,0,0,0
134292361,1,0,0,1,1,0,1,0,0,1
134292402,1,1,0,0,0,0,0,0,0,0
134292431,1,0,0,1,1,1,0,0,0,1
134292462,1,0,0,0,0,0,0,0,0,0
134292762,1,0,0,0,1,0,0,1,1,1
134292797,1,1,0,0,0,1,0,1,0,1
134292830,1,0,0,1,1,0,0,0,0,1
134292892,1,0,0,0,0,0,0,0,0,0
134292988,1,0,0,1,1,1,0,0,0,0
134293104,0,0,0,0,0,0,0,0,0,0
134293136,1,0,0,0,0,0,0,0,0,0
134293252,1,0,0,1,1,0,0,0,0,0
134293397,1,0,0,0,0,0,0,0,0,0
134293583,0,0,0,0,0,0,0,0,0,0
134293587,1,0,0,0,0,0,0,0,0,0
134293615,0,0,0,0,0,0,0,0,0,0
134293772,1,1,0,0,0,0,0,0,0,0
134293849,1,1,0,1,1,1,0,0,0,0
134293917,1,0,0,0,0,0,0,0,0,0
134293919,1,0,0,0,1,0,0,1,1,1
134294021,1,0,0,0,0,0,0,0,0,0
134294026,0,1,0,0,0,0,0,0,0,0
134294036,1,0,0,0,1,0,0,1,1,1
134294039,1,0,0,1,1,1,0,0,0,1
134294139,1,0,0,0,1,0,0,1,1,1
134294178,1,0,0,0,1,0,0,1,1,1
134294221,1,0,0,0,1,0,0,1,1,1
134294266,1,0,0,0,1,0,0,1,1,1
134294346,1,0,0,0,0,0,0,0,0,0
134294421,1,0,0,0,0,0,0,0,0,0
134294643,1,0,1,0,0,0,0,0,0,0
134294777,1,0,0,1,1,0,0,0,0,0
134294903,1,0,0,1,1,0,0,0,0,0
134294907,1,0,0,0,0,1,0,0,0,0
134294982,1,0,0,0,0,1,0,0,0,0
134295049,0,0,0,0,0,0,0,0,1,0
134295051,1,0,0,0,0,1,0,0,0,0
134295069,1,0,0,0,0,0,0,0,0,0
134295093,0,0,0,0,0,0,0,0,0,0
134295154,1,0,0,0,0,1,0,0,0,0
134295179,1,1,0,0,0,0,0,0,0,0
134295313,1,0,0,0,0,0,0,0,0,0
134295395,0,0,0,0,0,0,0,0,0,0
134295408,1,0,0,0,0,0,0,0,0,0
134295449,1,0,0,0,0,0,0,0,0,0
134295477,1,0,0,1,0,1,0,0,0,0
134295837,1,0,0,0,0,0,0,0,0,0
134295940,1,0,0,0,0,0,0,0,0,0
134296331,1,1,0,0,0,1,0,1,1,0
134296352,1,0,0,0,0,0,0,1,1,1
134296425,1,0,0,0,0,0,0,0,0,0
134296474,1,0,0,0,0,0,0,0,0,0
134296523,1,0,0,1,1,1,0,1,1,0
134296533,1,0,0,0,0,0,0,0,0,0
134296685,1,0,0,1,1,1,0,0,1,1
134296722,1,0,0,0,0,0,0,0,0,0
134296820,1,0,1,1,1,1,0,0,0,0
134296895,1,0,0,0,0,0,0,0,0,0
134297054,1,0,0,0,0,0,0,0,0,0
134297234,1,1,1,0,0,1,0,1,1,0
134297242,1,0,0,0,0,0,0,0,0,0
134297252,1,0,1,0,0,1,0,0,0,0
134297424,0,0,0,0,0,0,0,0,0,0
134297496,1,1,0,0,0,0,0,0,0,0
134297576,1,0,0,0,0,0,0,0,0,0
134297587,1,0,1,1,1,1,0,0,0,1
134297806,1,0,0,0,0,0,0,0,0,0
134298002,1,1,1,1,1,1,0,0,0,0
134298018,1,0,0,1,1,0,0,1,0,0
134298028,0,0,0,0,0,0,0,0,0,0
134298050,1,1,0,0,0,0,0,1,0,0
134298154,0,0,0,0,0,0,0,0,0,0
134298447,1,1,0,0,0,1,0,0,0,0
134298642,0,0,0,0,0,0,0,0,0,0
134298659,0,0,0,0,0,0,0,0,0,0
134298803,1,0,1,0,0,0,0,0,0,0
134299072,1,0,0,1,1,0,0,0,0,0
134299073,1,1,0,0,0,0,0,0,0,0
134299108,1,0,0,0,0,1,0,0,0,0
134299138,1,0,0,0,0,0,0,0,0,0
134299330,1,0,0,0,0,1,0,0,0,0
134299411,1,0,0,1,1,1,0,0,0,0
134299461,1,1,0,0,0,1,0,0,0,0
134299527,1,1,1,0,0,1,0,0,0,0
134299613,1,0,1,1,1,0,1,0,1,1
134299631,1,0,0,0,0,0,0,0,0,0
134299784,1,0,1,1,1,0,1,0,1,1
134299788,1,0,1,1,1,0,1,0,1,1
134299789,1,0,1,1,1,0,1,0,1,1
134299802,1,0,1,1,1,0,1,0,1,1
134299826,1,0,1,1,1,0,1,0,1,1
134299840,1,0,0,0,0,0,0,0,0,0
134299875,1,0,1,0,0,0,0,0,0,0
134299961,1,0,1,1,1,0,0,0,0,0
134299967,1,0,0,0,0,0,0,0,0,0
134299996,1,0,0,0,1,1,0,0,1,0
134300005,1,0,0,1,1,1,0,0,1,0
134300054,1,0,0,1,1,0,0,0,0,0
134300094,1,0,0,0,0,0,0,0,0,0
134300126,1,1,0,0,0,0,0,0,0,0
134300141,1,1,0,0,0,0,0,0,0,0
134300146,1,1,0,0,0,0,0,0,0,0
134300167,1,1,0,0,0,0,0,0,0,0
134300465,1,0,0,0,0,0,0,0,0,0
134300483,0,0,0,0,0,0,0,0,0,0
134300513,0,0,0,0,0,0,0,0,0,0
134300521,1,0,0,0,0,0,0,0,0,0
134300541,0,0,0,0,0,0,0,0,0,0
134300604,1,0,0,1,1,0,0,0,0,1
134300992,1,0,0,0,0,1,0,0,0,0
134301004,1,0,0,0,0,0,0,0,1,0
134301096,1,0,0,1,1,1,0,0,0,0
134301100,1,0,0,0,0,0,0,0,0,0
134301114,1,0,0,1,0,1,0,0,0,0
134301119,1,0,0,0,0,0,0,0,0,0
134301122,1,0,0,1,0,1,0,0,0,0
134301143,1,0,0,0,0,0,0,0,0,0
134301169,1,0,0,0,0,0,0,0,0,0
134301237,1,0,0,0,0,0,0,0,0,0
134301318,1,0,0,0,0,0,0,0,0,0
134301451,1,0,0,0,0,0,0,0,0,0
134301549,1,0,0,0,0,0,0,0,0,0
134301551,1,1,0,0,0,1,0,0,0,0
134301555,1,1,0,1,1,0,0,0,0,0
134301624,1,0,0,1,1,1,0,0,1,1
134301672,1,0,0,1,1,1,0,0,1,1
134301730,1,0,0,0,0,0,0,0,0,0
134301739,1,0,0,0,0,0,0,0,0,0
134301777,1,0,0,0,1,1,0,0,0,0
134301802,0,0,0,0,0,0,0,0,0,0
134301818,1,1,0,1,1,1,0,0,0,0
134301861,1,0,0,1,1,1,0,0,0,0
134302050,1,0,0,1,1,0,0,0,0,0
134302345,1,0,0,1,0,0,0,0,0,0
134302430,1,0,0,0,0,0,0,0,0,0
134302977,1,0,0,1,0,1,0,1,0,0
134303184,1,0,0,0,0,1,0,1,0,0
134303241,1,0,1,0,0,1,0,0,0,0
134303271,1,0,0,0,1,1,0,0,0,0
134303325,1,0,0,0,0,0,0,0,0,0
134303366,1,0,0,1,1,1,0,0,0,0
134303474,1,0,1,0,0,0,0,0,0,0
134303668,1,1,0,0,0,0,0,0,0,0
134303697,1,0,0,0,0,1,0,0,0,0
134303910,1,0,0,0,0,0,0,0,0,0
134304014,1,0,0,0,0,1,0,0,0,0
134304154,1,1,0,0,0,1,0,0,0,0
134304169,0,0,0,0,0,0,0,0,0,0
134304673,0,0,0,0,0,0,0,0,0,0
134304775,0,0,0,0,0,0,0,0,0,0
134304869,1,1,1,0,0,0,0,0,0,0
134304985,1,0,0,0,0,0,0,0,0,0
134305027,1,0,0,0,0,0,0,0,1,0
134305099,0,0,0,0,0,0,0,0,0,0
134305256,1,1,0,0,0,1,0,1,0,0
134305497,1,0,0,0,0,0,0,0,0,0
134305590,1,0,0,1,1,1,0,0,0,0
134305627,1,0,0,0,0,0,0,0,0,1
134305648,1,1,0,0,0,1,0,0,0,0
134305825,1,1,0,0,0,0,0,0,0,0
134306036,0,0,0,0,0,0,0,0,0,0
134306252,1,0,0,0,0,0,0,0,0,0
134306734,1,1,1,0,0,0,0,0,0,0
134306949,1,1,0,0,0,0,0,0,0,0
134307006,1,0,0,0,0,0,0,0,0,0
134307103,1,1,1,1,1,1,0,1,0,0
134307385,1,1,1,1,1,1,0,0,0,0
134307401,0,0,0,0,0,0,0,0,0,0
134307502,0,1,0,0,0,0,0,0,0,0
134307596,1,0,1,0,0,0,0,1,0,1
134307666,1,0,0,0,0,0,0,0,0,0
134307822,0,0,0,0,0,0,0,0,0,0
134307898,1,0,0,0,0,0,0,0,0,0
134308046,0,0,0,0,0,0,0,0,0,0
134308049,1,0,0,0,0,0,0,0,0,0
134308153,1,1,0,0,0,0,0,0,0,0
134308175,1,1,0,1,1,1,0,0,0,0
134308333,1,0,0,0,0,0,0,0,0,0
134308524,1,1,0,0,0,1,0,0,0,0
134308621,1,1,1,0,0,0,0,0,1,0
134308804,1,0,0,1,1,0,0,0,0,0
134308837,1,0,0,1,1,1,0,0,1,0
134309070,1,0,0,0,0,0,0,0,0,0
134309128,1,1,0,1,1,0,0,0,1,0
134309154,1,0,0,0,0,0,0,0,0,0
134309309,1,0,0,0,0,0,0,0,0,0
134309358,1,0,0,0,0,0,0,0,0,0
134309378,1,1,1,0,0,0,0,0,0,0
134309397,0,0,0,0,0,0,0,0,0,0
134309594,1,0,0,0,0,0,0,0,0,0
134309601,1,1,0,0,0,1,0,0,0,0
134309702,1,0,0,0,0,1,0,0,0,0
134309750,1,0,0,0,0,0,0,0,0,0
134309891,1,1,0,1,1,1,0,0,0,0
134309997,0,0,0,0,0,0,0,0,0,0
134310523,1,0,0,0,0,0,0,0,0,0
134310535,1,1,1,0,0,0,0,0,0,0
134310574,1,1,1,1,1,0,0,0,0,0
134310928,1,1,0,0,0,1,0,0,0,0
134311032,0,0,0,0,0,0,0,0,0,0
134311286,0,0,0,0,0,0,0,0,0,0
134311379,0,0,0,0,0,0,0,0,0,0
134311426,1,0,0,0,0,0,0,0,0,0
134311479,0,0,0,0,0,0,0,0,0,0
134311579,1,1,0,0,0,0,0,0,0,0
134311822,0,0,0,0,0,0,0,0,0,0
134311840,1,0,0,0,0,0,0,0,0,0
134311886,0,0,0,0,0,0,0,0,0,0
134312290,1,0,0,0,0,0,0,0,0,1
134312339,1,1,0,0,0,1,0,0,0,1
134312362,1,0,1,0,0,0,0,0,0,0
134312395,1,1,0,0,0,1,0,0,0,0
134312426,1,0,0,1,1,0,0,0,1,1
134312429,1,1,0,0,0,1,0,0,0,0
134312441,1,0,0,0,0,0,0,0,0,0
134312565,1,0,0,1,1,0,0,0,0,0
134312637,1,0,0,1,1,0,0,0,0,0
134312809,1,0,0,1,1,0,0,0,1,0
134312844,1,0,0,0,0,0,0,0,0,0
134312879,1,0,0,0,0,0,0,0,0,0
134312902,1,0,0,1,1,0,0,0,1,0
134312920,1,1,0,1,1,1,0,1,0,0
134312967,1,0,0,0,0,1,0,0,0,0
134312988,0,0,0,0,0,0,0,0,0,0
134312995,1,0,0,1,1,0,0,0,1,0
134313005,1,0,0,0,1,1,0,0,1,1
134313041,1,0,0,1,1,0,0,0,1,0
134313307,1,0,0,0,0,0,0,0,0,0
134313535,1,1,0,0,0,0,0,0,0,0
134313862,0,0,0,0,0,0,0,0,0,0
134314045,1,1,0,1,1,1,1,0,0,0
134314063,1,0,0,0,0,1,0,0,0,0
134314090,0,0,0,0,0,0,0,0,0,0
134314131,1,1,0,0,0,0,0,0,0,0
134314135,1,1,0,0,1,0,0,0,0,0
134314395,1,0,0,0,0,0,0,0,0,0
134314502,1,0,0,0,0,0,0,0,0,0
134314568,1,1,1,1,1,0,0,0,0,0
134314731,1,1,0,0,0,0,0,0,0,0
134314867,1,0,0,0,0,1,0,0,1,0
134314931,1,0,0,0,0,0,0,0,0,0
134314983,1,0,0,0,0,0,0,0,0,0
134314996,1,0,0,0,0,0,0,0,0,0
134315053,1,0,0,0,0,0,0,0,0,0
134315072,1,0,0,0,0,0,0,0,0,0
134315087,1,0,0,0,0,0,0,0,0,0
134315105,1,1,1,0,0,0,0,0,0,0
134315235,1,1,0,0,0,0,0,0,0,0
134315255,1,0,0,0,0,0,0,0,0,0
134315271,1,0,0,0,0,0,0,1,1,1
134315307,1,0,0,0,0,0,0,0,0,0
134315324,0,0,0,0,0,0,0,0,0,0
134315338,1,0,0,0,0,0,0,0,0,0
134315426,1,1,1,1,0,1,1,0,0,0
134315440,1,0,0,0,0,0,0,1,1,1
134315486,1,1,0,0,0,1,0,0,0,0
134315505,1,0,0,0,0,0,0,1,1,1
134315585,1,0,0,0,0,0,0,0,1,0
134315590,1,0,0,0,1,1,0,1,1,0
134315636,1,0,0,0,0,0,0,1,0,0
134315696,1,0,0,0,0,0,0,0,0,0
134315812,1,1,1,1,1,1,0,0,1,0
134315902,1,1,0,0,0,1,0,0,0,0
134316388,1,1,0,1,1,1,0,0,0,0
134316813,1,1,1,0,0,1,0,0,0,0
134316873,1,0,0,0,0,0,0,0,0,0
134317195,1,0,0,1,0,0,0,0,0,0
134317627,1,1,0,0,1,1,0,0,0,0
134318108,1,1,0,0,0,0,0,0,0,0
134318163,1,0,0,0,0,0,0,0,0,0
134318181,1,0,0,0,0,1,0,0,0,0
134318300,1,0,0,0,0,0,0,0,0,0
134318321,1,0,0,0,0,0,0,0,0,0
134318535,1,1,0,1,1,1,1,0,0,0
134318797,0,0,0,0,0,0,0,0,0,0
134319015,1,0,0,0,0,0,0,0,1,1
134319045,1,1,0,0,0,0,0,0,0,0
134319140,1,0,0,0,0,0,0,0,1,1
134319172,1,0,0,1,1,0,1,0,1,1
134319186,1,0,0,0,0,1,0,0,0,0
134319195,1,0,0,0,0,0,0,0,0,0
134319265,0,0,0,0,0,0,0,0,0,0
134319286,0,0,0,0,0,0,0,0,0,0
134319359,1,0,0,0,0,0,0,0,0,0
134319372,1,0,0,1,1,1,0,1,0,0
134319373,1,0,0,0,0,0,0,0,0,0
134319403,1,0,0,0,0,0,0,0,0,0
134319414,1,0,0,0,0,0,0,0,1,1
134319507,1,1,0,0,0,0,0,1,0,0
134319508,1,0,0,0,0,0,0,0,1,1
134319510,0,1,0,0,0,0,0,0,0,0
134319513,0,0,0,0,0,0,0,0,0,0
134319541,1,0,0,0,0,0,0,0,0,0
134319639,1,0,1,1,0,0,0,0,0,0
134319677,0,0,0,0,0,0,0,0,0,0
134319824,1,0,0,0,0,1,0,0,1,0
134319914,1,0,0,0,0,0,0,0,0,0
134319961,1,0,0,0,0,1,0,0,0,0
134320062,1,0,1,0,0,0,0,1,1,0
134320099,1,0,0,1,1,0,1,0,1,1
134320203,1,0,0,1,1,0,1,0,0,0
134320254,1,0,1,0,0,0,0,1,1,0
134320381,0,0,0,0,0,0,0,0,0,0
134320539,1,0,0,1,1,0,1,0,0,0
134320554,1,0,0,1,1,1,0,0,0,0
134320664,1,0,0,0,0,1,0,0,0,0
134320700,1,0,0,0,0,0,0,1,1,1
134320716,1,0,0,0,0,1,0,0,0,1
134320793,1,0,0,0,0,1,0,0,0,1
134320873,1,0,0,0,0,1,0,0,0,1
134320903,1,0,0,1,1,1,0,0,0,0
134320919,1,0,0,0,0,1,0,0,0,1
134320920,1,0,1,0,0,0,0,1,1,0
134320966,1,0,0,0,0,1,0,0,0,1
134320973,1,1,0,0,0,1,0,0,0,0
134321072,1,1,0,1,1,1,0,0,0,0
134321205,0,0,0,0,0,0,0,0,0,0
134321255,0,0,0,0,0,0,0,0,0,0
134321362,1,0,1,0,0,0,0,0,1,0
134321409,1,1,0,0,0,1,0,0,0,0
134321500,1,0,0,0,0,0,0,0,0,0
134321525,1,0,0,0,0,0,0,1,1,1
134321774,1,0,0,0,0,0,0,0,0,0
134321827,1,0,0,1,1,1,0,0,0,0
134321860,0,0,0,0,0,0,0,0,0,0
134321889,1,0,0,1,1,1,0,1,0,1
134321930,0,0,0,0,0,0,0,0,0,0
134321994,1,0,0,1,1,1,0,0,0,0
134322061,1,0,0,0,0,0,0,0,0,0
134322322,1,0,0,0,0,0,0,0,0,0
134322341,1,0,0,1,1,0,0,0,0,0
134322347,1,0,0,0,0,0,0,0,0,0
134322605,0,0,0,0,0,0,0,0,0,0
134322615,1,0,0,0,0,0,0,0,0,0
134322789,0,0,0,0,0,0,0,0,0,0
134322806,1,0,1,0,0,0,0,0,1,1
134322876,1,0,0,0,0,1,0,0,0,0
134322877,1,0,0,0,0,0,0,0,0,0
134322907,1,0,0,0,0,0,0,0,0,0
134322956,1,1,0,0,0,0,0,0,0,0
134322988,1,0,0,0,0,0,0,0,0,0
134323097,1,1,0,0,0,0,0,0,0,0
134323111,1,0,0,0,0,0,0,0,0,0
134323174,1,1,0,0,0,0,0,0,0,0
134323294,1,0,0,1,1,1,0,0,0,1
134323295,1,0,0,0,0,0,0,0,0,0
134323315,1,1,0,0,0,1,0,1,1,0
134323419,0,1,0,0,0,0,0,0,0,0
134323494,1,0,0,0,0,1,0,0,0,0
134323568,1,0,1,1,1,0,0,1,0,1
134323632,0,0,0,0,0,0,0,0,0,0
134323667,1,1,0,0,0,1,0,0,1,0
134323971,0,0,0,0,0,0,0,0,0,0
134324082,1,0,0,0,0,0,0,0,0,0
134324143,1,1,0,0,1,0,0,0,0,0
134324226,1,0,0,0,0,0,0,0,0,0
134324245,1,0,0,1,1,1,0,0,1,1
134324435,1,0,0,0,0,0,0,0,0,0
134324605,1,1,0,0,0,0,0,1,0,0
134324623,1,0,0,0,0,0,0,0,0,0
134324867,1,0,0,0,0,0,0,0,0,0
134325120,0,0,0,0,0,0,0,0,0,0
134325234,1,0,0,1,1,1,0,1,0,0
134325561,1,0,0,0,0,0,0,0,0,0
134325676,0,0,0,0,0,0,0,0,0,0
134326052,0,0,0,0,0,0,0,0,0,0
134326165,1,0,0,0,0,1,0,0,0,0
134326270,0,0,0,0,0,0,0,0,0,0
134326422,0,0,0,0,0,0,0,0,0,0
134326449,1,1,1,1,1,1,0,1,1,0
134326515,1,0,0,0,0,1,0,0,0,0
134326538,1,0,0,0,0,1,0,0,0,0
134326624,1,1,0,1,1,0,0,1,0,1
134326729,1,0,0,0,0,0,0,0,0,0
134326856,1,0,0,0,0,1,0,0,0,0
134327018,1,1,0,1,1,1,0,0,0,0
134327262,1,0,0,1,1,1,0,1,1,1
134327369,1,1,0,0,0,1,0,0,0,0
134327446,1,1,0,1,0,0,0,0,0,0
134327455,1,0,0,0,0,0,0,0,0,1
134327461,0,0,0,0,0,0,0,0,0,0
134327483,1,0,0,0,0,0,0,0,1,1
134327659,1,0,0,0,0,0,0,0,0,0
134328051,1,1,0,1,1,1,0,1,0,0
134328138,1,0,0,0,0,0,0,0,0,0
134328142,1,0,1,0,0,0,0,1,0,0
134328149,1,1,0,0,0,0,0,0,1,1
134328284,1,0,0,0,0,1,0,0,0,0
134328332,1,0,0,0,0,1,0,0,0,0
134328356,1,0,0,1,1,1,0,0,0,0
134328446,1,0,0,0,0,0,0,0,0,0
134328501,0,0,0,0,0,0,0,0,0,0
134328557,1,1,0,0,0,0,0,0,0,0
134328731,1,1,0,0,0,1,0,0,1,0
134328749,1,1,0,0,0,0,0,0,0,1
134328815,1,0,0,0,0,1,0,0,0,0
134328850,1,0,0,0,0,0,0,0,0,0
134329051,1,0,0,0,0,0,0,0,0,0
134329065,1,1,0,0,0,0,0,0,0,0
134329139,1,0,0,1,1,0,1,0,0,0
134329276,1,0,0,1,0,0,0,0,0,0
134329448,1,0,0,1,1,1,0,0,1,0
134329464,1,1,1,1,1,0,0,0,1,1
134329492,1,0,0,0,0,1,0,1,0,0
134329531,1,0,0,1,1,1,0,0,1,0
134329543,1,0,0,0,0,0,0,0,0,0
134329574,1,1,0,0,0,1,0,0,1,0
134329599,1,0,0,0,0,0,0,1,1,1
134329613,1,0,0,0,0,0,0,0,0,0
134329640,1,1,0,1,1,1,0,0,0,0
134329724,1,1,0,0,0,1,0,0,1,0
134329767,1,0,0,0,0,1,0,0,0,0
134329828,1,1,0,0,0,0,0,0,0,0
134329843,1,0,0,1,1,1,0,0,1,0
134329936,1,1,1,0,0,1,0,0,1,0
134330010,1,0,0,0,0,0,0,0,0,0
134330200,1,0,1,0,0,1,0,0,0,0
134330302,1,0,0,0,0,0,0,1,1,1
134330353,1,0,0,0,0,0,0,1,1,1
134330439,1,1,0,1,0,1,0,0,0,0
134330508,1,1,0,0,0,1,0,0,0,0
134330630,1,0,0,0,0,0,0,0,1,0
134330796,1,0,0,1,1,0,0,0,1,1
134330822,1,0,1,1,1,1,1,1,0,0
134331051,0,0,0,0,0,0,0,0,0,0
134331058,0,0,0,0,0,0,0,0,0,0
134331068,0,0,0,0,0,0,0,0,0,0
134331190,0,0,0,0,0,0,0,0,0,0
134331222,1,0,0,0,0,1,0,0,0,0
134331307,1,0,0,0,1,0,0,1,1,1
134331335,1,0,0,1,1,1,0,1,0,1
134331486,1,0,0,1,1,0,0,0,1,0
134331797,0,0,0,0,0,0,0,0,0,0
134331914,1,1,0,1,1,0,0,0,0,0
134331973,1,0,0,1,1,1,0,0,0,0
134331986,1,1,0,0,1,0,0,0,0,0
134331995,1,1,0,0,0,0,0,0,0,0
134332196,1,1,0,0,0,0,0,0,0,1
134332757,1,1,0,1,1,1,0,0,1,0
134332813,1,0,0,1,1,1,0,0,0,0
134332909,1,0,0,1,1,1,1,0,0,0
134332956,1,0,0,1,1,1,0,0,0,0
134333135,0,0,0,0,0,0,0,0,0,0
134333301,0,0,0,0,0,0,0,0,0,0
134333368,1,0,0,0,0,0,0,0,0,0
134333406,1,0,0,0,0,0,0,0,0,0
134333493,1,0,0,0,0,1,0,0,0,0
134333495,1,0,0,0,0,0,0,0,0,0
134333529,1,1,1,0,1,1,0,1,1,0
134333698,1,0,0,1,1,0,0,0,0,0
134333740,1,0,0,1,1,0,0,0,0,0
134333936,1,1,0,0,0,1,0,1,0,0
134333939,0,0,0,0,0,0,0,0,0,0
134333991,1,1,0,1,0,0,0,0,0,0
134334416,1,0,0,0,0,0,0,1,1,1
134334815,1,1,0,0,0,0,0,0,0,0
134334846,1,0,0,0,0,0,0,0,0,0
134335199,1,1,0,0,0,0,0,0,0,0
134335206,1,1,0,0,0,0,0,0,0,0
134335211,1,1,0,1,1,1,0,0,0,0
134335326,1,0,0,1,1,0,0,0,0,0
134335366,1,0,0,0,0,0,0,0,0,0
134335620,0,0,0,0,0,0,0,0,0,0
134335830,1,0,1,0,0,0,0,0,0,0
134335833,1,0,0,0,0,0,0,0,0,0
134335970,1,0,0,1,1,1,0,0,0,0
134336191,1,1,0,0,1,1,0,0,1,1
134336256,1,1,0,1,1,0,1,0,1,1
134336266,1,0,0,1,1,1,0,0,0,0
134336282,0,0,0,0,0,0,0,0,0,0
134336467,1,0,0,1,1,0,0,0,1,1
134336552,1,1,1,1,1,0,0,0,0,0
134336558,1,0,0,0,0,0,0,0,0,0
134336683,1,1,0,1,1,0,1,0,1,0
134336809,1,0,0,0,0,0,0,0,0,0
134337467,1,0,0,0,0,0,0,0,1,0
134337633,1,0,0,0,0,0,0,0,0,0
134337658,1,0,0,1,1,1,0,0,0,0
134337876,1,1,1,1,1,1,0,0,0,0
134337896,0,0,0,0,0,0,0,0,0,0
134338083,1,0,0,1,1,1,0,0,0,0
134338258,1,1,1,0,1,1,0,0,0,0
134338346,1,1,0,0,0,1,0,0,1,1
134338401,1,0,0,1,1,0,0,0,1,0
134338406,0,0,0,0,0,0,0,0,0,0
134338418,1,0,0,0,0,1,0,0,0,1
134338457,0,0,0,0,0,0,0,0,0,0
134338458,1,0,0,1,1,1,0,0,0,1
134338538,1,0,0,0,0,0,0,1,1,1
134338545,1,0,0,1,1,1,0,1,0,0
134338547,1,0,0,1,1,1,0,1,0,0
134338580,1,0,0,1,1,1,0,1,1,0
134338582,1,0,0,1,1,1,0,1,1,0
134338626,1,0,0,0,0,0,0,1,1,1
134338918,1,1,0,0,0,0,0,0,0,0
134338967,1,1,1,1,0,1,0,0,0,0
134338978,1,0,1,1,0,0,0,1,1,1
134339016,1,0,0,0,0,0,0,0,0,0
134339022,1,0,0,0,0,0,0,0,0,0
134339026,0,0,0,0,0,0,0,0,0,0
134339058,1,0,1,1,0,0,0,1,0,1
134339072,1,0,0,0,0,0,0,0,0,0
134339136,1,0,0,0,0,0,0,1,1,1
134339281,1,1,1,1,1,1,0,1,0,1
134339297,0,0,0,0,0,0,0,0,0,0
134339309,1,0,0,0,0,1,0,1,0,0
134339314,0,0,0,0,0,0,0,0,0,0
134339337,1,1,0,0,0,1,0,0,0,0
134339405,1,0,0,1,1,1,0,0,0,0
134339429,1,0,0,0,0,0,0,0,0,0
134339449,1,1,0,0,1,1,0,1,1,0
134339587,1,0,0,0,1,0,0,1,1,1
134339591,1,0,0,0,0,0,0,0,0,0
134339721,0,0,0,0,0,0,0,0,0,0
134339734,1,0,0,0,0,1,0,0,0,0
134339784,1,0,0,0,0,0,0,0,1,0
134339791,1,0,1,1,1,0,0,0,1,1
134339793,1,0,1,0,0,1,0,0,0,0
134339824,1,1,1,1,1,1,1,1,1,1
134340178,1,0,0,0,0,0,0,0,0,0
134340200,1,0,0,0,0,1,0,0,0,0
134340211,1,0,0,0,0,0,0,0,0,0
134340276,1,0,0,0,0,0,0,0,0,0
134340336,1,1,0,0,0,0,0,0,0,0
134340358,1,0,0,0,1,1,0,0,0,0
134340394,1,0,0,0,0,1,0,0,0,0
134340429,1,0,0,0,0,0,0,0,0,0
134340438,1,1,0,0,0,0,0,0,0,0
134340450,1,1,0,0,0,1,0,1,0,0
134340555,1,1,1,0,0,1,0,0,0,0
134340595,1,0,0,1,1,0,0,0,1,0
134340637,0,0,0,0,0,0,0,0,0,0
134340662,1,0,0,0,0,0,0,0,0,0
134340684,1,0,1,1,1,0,1,0,1,1
134340812,1,0,0,0,0,0,0,0,0,0
134340927,1,0,0,0,0,0,0,0,0,0
134341076,0,0,0,0,0,0,0,0,0,0
134341186,1,0,0,1,1,0,0,0,1,0
134341239,1,0,1,1,1,0,1,0,1,0
134341315,1,0,0,0,0,0,0,0,0,0
134341441,0,0,0,0,0,0,0,0,0,0
134341472,1,0,0,0,0,0,0,0,0,0
134341502,1,0,0,0,0,0,0,0,0,0
134341575,1,0,1,0,0,0,0,0,0,0
134341594,1,1,0,1,1,1,0,1,0,0
134341733,1,0,0,0,0,0,0,0,0,0
134341795,1,0,0,0,0,0,0,0,0,0
134341801,0,0,0,0,0,0,0,0,0,0
134341836,1,0,0,0,0,0,0,0,1,1
134341846,1,1,0,0,0,1,0,0,0,0
134341887,1,1,0,1,1,1,1,0,0,0
134341945,1,0,0,0,0,0,0,0,0,0
134342199,1,1,0,1,1,1,0,0,1,1
134342225,1,0,0,0,0,1,0,0,0,0
134342254,1,0,0,1,1,0,0,0,1,1
134342271,1,0,0,0,0,0,0,0,0,0
134342566,1,0,0,0,0,1,0,0,0,0
134342637,1,0,0,0,0,0,0,0,0,0
134342672,0,0,0,0,0,0,0,0,0,0
134342833,0,0,0,0,0,0,0,0,0,0
134342901,1,1,0,0,1,1,0,1,0,0
134342990,0,0,0,0,0,0,0,0,0,0
134343046,1,0,0,0,0,1,0,0,0,0
134343224,1,0,0,1,1,1,0,0,1,1
134343447,1,0,0,0,0,0,0,0,0,0
134343516,1,0,0,0,0,0,0,0,0,0
134343807,1,1,0,0,0,0,0,0,0,0
134343856,1,0,0,0,0,1,0,0,0,0
134344218,1,0,0,0,0,0,0,0,0,0
134344246,1,0,0,0,0,0,0,0,0,0
134344409,0,0,0,0,0,0,0,0,0,0
134344550,0,0,0,0,0,0,0,0,0,0
134344604,0,0,0,0,0,0,0,0,0,0
134344629,1,0,0,0,0,1,0,0,0,0
134344848,1,0,0,1,1,0,0,0,1,1
134344900,1,1,1,0,0,1,0,0,0,0
134345050,1,1,0,0,0,0,0,0,0,0
134345119,1,1,0,1,1,0,0,0,0,0
134345294,1,1,0,0,0,0,0,0,0,0
134345413,0,1,0,0,0,0,0,0,0,0
134345610,1,0,0,0,0,0,0,0,0,0
134345624,1,0,0,0,0,1,0,0,0,0
134345636,1,0,0,0,0,0,0,0,0,0
134345852,1,0,0,0,0,0,0,0,0,0
134346180,1,1,0,0,0,0,0,0,1,1
134346224,1,0,0,1,1,1,0,0,0,0
134346262,1,0,0,0,0,0,0,0,0,0
134346281,1,1,0,0,0,1,0,0,1,0
134346335,0,0,0,0,0,0,0,0,0,0
134346524,1,0,0,1,1,1,0,0,0,1
134346550,1,0,0,1,1,0,1,0,1,0
134346577,0,0,0,0,0,0,0,0,0,0
134346682,1,1,0,0,0,0,0,0,0,0
134346749,0,0,0,0,0,0,0,0,0,0
134346798,1,0,0,0,0,0,0,0,0,0
134346913,0,0,0,0,0,0,0,0,0,0
134347167,1,0,0,1,1,1,0,0,0,0
134347308,1,0,0,0,0,0,0,0,0,0
134347615,0,0,0,0,0,0,0,0,0,0
134347651,1,1,1,1,1,1,0,0,0,0
134347782,1,1,0,1,1,0,0,0,0,1
134347832,0,0,0,0,0,0,0,0,0,0
134347955,1,1,0,1,1,0,0,0,0,1
134348052,1,0,0,0,0,0,0,1,1,1
134348131,1,0,0,0,0,0,0,1,1,1
134348180,1,0,0,0,0,0,0,0,0,0
134348290,1,0,0,0,0,0,0,0,0,0
134348301,1,1,1,1,1,1,0,0,0,0
134348319,1,1,1,1,1,1,0,0,0,0
134348395,1,0,0,0,0,0,0,0,0,0
134348422,0,0,0,0,0,0,0,0,0,0
134348479,1,0,0,1,1,0,0,0,0,0
134348485,1,1,0,0,0,1,0,0,1,1
134348611,1,0,0,1,1,0,0,0,0,0
134348652,1,0,0,0,0,0,0,1,1,1
134348823,1,0,0,0,0,0,0,0,0,0
134348993,1,0,0,0,0,0,0,0,0,0
134349014,1,1,0,0,0,1,0,0,0,0
134349346,1,1,1,0,0,1,0,0,0,0
134349402,1,1,0,0,0,0,0,0,0,0
134349416,1,0,0,0,0,0,0,0,0,0
134349457,1,1,1,1,0,1,0,0,0,0
134349554,1,1,0,1,1,1,0,1,0,1
134349773,1,1,1,1,1,1,0,1,0,0
134349789,0,0,0,0,0,0,0,0,0,0
134349886,1,0,0,0,0,1,0,0,0,0
134349895,1,0,0,1,1,0,0,0,1,1
134350018,1,0,0,0,0,0,0,0,1,0
134350083,1,0,0,0,0,0,0,0,0,0
134350162,0,0,0,0,0,0,0,0,0,0
134350178,1,1,0,0,0,0,0,0,0,0
134350212,1,0,0,0,0,0,0,0,0,0
134350231,1,0,0,0,0,0,0,0,0,0
134350264,1,0,0,0,0,0,0,1,1,1
134350279,1,0,0,0,0,0,0,0,0,0
134350282,1,0,0,1,1,0,0,0,1,1
134350289,1,0,0,1,1,0,0,0,1,1
134350308,1,0,0,0,0,0,0,0,0,0
134350359,0,0,0,0,0,0,0,0,0,0
134350527,1,0,0,0,0,0,0,1,1,1
134350532,1,0,0,1,1,1,1,1,0,0
134350595,1,0,0,0,0,1,0,0,0,0
134350639,1,0,0,0,0,1,0,0,0,0
134350717,0,0,0,0,0,0,0,0,0,0
134350815,0,1,0,0,0,0,0,0,0,0
134350840,1,0,0,0,0,0,0,0,0,0
134350886,0,0,0,0,0,0,0,0,1,0
134350970,1,0,0,1,1,0,0,0,0,0
134351037,1,0,0,1,1,1,0,0,0,0
134351094,1,0,0,0,0,0,0,0,1,0
134351248,1,0,0,0,0,0,0,0,1,1
134351272,1,1,0,1,1,1,0,0,0,0
134351375,1,1,0,1,1,0,0,0,0,0
134351379,1,1,0,0,0,1,0,0,0,0
134351385,1,0,0,1,1,1,0,1,1,0
134351575,1,1,0,0,0,0,0,0,0,0
134351631,1,0,0,0,0,0,0,0,0,0
134352292,1,0,0,0,0,0,0,0,0,0
134352322,1,0,0,1,1,0,0,0,1,0
134352359,1,1,0,1,0,1,0,1,1,0
134352492,1,0,0,1,1,0,0,0,0,1
134352499,1,0,0,0,0,0,0,0,1,0
134352844,1,0,0,0,0,0,0,0,0,0
134352870,1,1,0,0,0,1,0,0,0,0
134352887,1,0,0,0,0,0,0,0,0,0
134352893,1,0,0,0,0,1,0,0,0,0
134352905,1,0,0,1,1,0,0,0,0,0
134352909,1,0,0,1,0,1,0,0,0,0
134352964,1,1,0,0,0,0,0,1,0,1
134353195,0,0,0,0,0,0,0,0,0,0
134353452,1,0,0,1,1,0,0,0,1,0
134354074,1,0,0,1,1,1,0,0,0,0
134354246,1,1,0,0,0,0,0,0,0,0
134354269,1,1,1,0,1,1,0,1,0,1
134354279,1,1,0,0,0,1,0,0,0,0
134354462,1,0,1,1,1,0,1,0,1,1
134354528,1,0,0,0,0,0,0,0,0,0
134354808,1,0,0,0,0,1,0,0,0,0
134354954,1,0,1,1,1,0,1,0,1,1
134355086,1,1,1,0,0,0,0,0,0,1
134355214,1,0,0,0,0,0,0,0,0,0
134355427,1,0,0,0,0,0,0,0,0,0
134355548,1,0,0,0,0,0,0,0,0,0
134355598,1,1,0,0,0,1,0,0,0,0
134355847,1,0,0,1,0,0,0,0,1,0
134356604,1,0,0,0,0,1,0,0,0,0
134356612,1,1,1,1,1,1,0,0,1,0
134356629,1,0,0,0,1,0,0,0,0,0
134356755,1,0,1,1,1,1,0,0,1,0
134356912,1,0,0,0,0,0,0,0,0,0
134357156,0,0,0,0,0,0,0,0,0,0
134357189,1,1,0,0,0,1,0,0,0,0
134357348,1,0,0,0,0,0,0,0,0,0
134357367,1,0,0,0,0,0,0,0,0,0
134357636,1,0,0,0,0,0,0,0,0,0
134357796,1,1,1,0,0,1,0,0,0,0
134357798,1,0,0,0,0,0,0,0,0,0
134357807,0,0,0,0,0,0,0,0,0,0
134357836,1,0,0,0,0,0,0,0,0,0
134357946,1,0,0,0,0,0,0,0,0,0
134358091,0,0,0,0,0,0,0,0,0,0
134358309,1,1,0,0,0,1,0,0,0,1
134358373,0,0,0,0,0,0,0,0,0,0
134358472,1,0,1,1,0,0,0,1,1,1
134358595,1,0,0,0,0,0,0,0,0,0
134358814,1,1,1,1,1,1,0,0,0,0
134358882,1,1,0,0,0,1,0,0,0,0
134358922,1,0,0,0,0,0,0,0,0,0
134358959,1,0,0,0,0,0,0,0,0,0
134359169,1,0,0,0,0,0,0,0,0,0
134359202,1,1,1,0,1,1,0,1,0,1
134359207,1,1,0,0,0,1,0,1,0,0
134359259,0,0,0,0,0,0,0,0,0,0
134359426,1,1,0,0,0,1,0,0,1,0
134359464,1,0,0,0,0,1,0,0,0,0
134359474,1,0,0,0,0,0,0,0,0,0
134359534,1,0,0,0,0,1,0,0,0,0
134359570,1,0,0,0,0,0,0,0,0,0
134359587,1,0,0,0,0,1,0,0,0,0
134359590,1,1,0,1,1,1,0,1,0,0
134359620,1,0,0,1,1,1,0,1,1,1
134359694,1,0,0,0,0,1,0,0,0,0
134359711,1,1,0,0,0,0,0,0,0,0
134359728,1,1,0,1,1,0,1,0,0,0
134359804,1,0,0,1,1,1,0,1,0,0
134359812,1,0,0,0,0,0,0,0,0,0
134359816,1,0,0,1,1,1,0,0,0,0
134359861,1,1,0,0,0,1,0,0,0,0
134359930,1,1,0,1,1,0,0,1,0,0
134359931,0,0,0,0,0,0,0,0,0,0
134360057,1,0,0,1,1,1,1,1,1,1
134360103,1,0,0,0,0,0,0,0,0,0
134360171,1,0,0,1,1,0,0,1,1,0
134360188,1,0,0,1,1,0,1,1,0,0
134360365,1,0,0,1,1,0,0,0,1,0
134360477,1,0,0,0,0,0,0,0,0,0
134360546,0,0,0,0,0,0,0,0,0,0
134360625,1,0,0,0,0,0,0,0,0,0
134360648,0,0,0,0,0,0,0,0,0,0
134360650,1,0,0,0,0,0,0,1,1,1
134360672,1,0,0,0,0,0,0,0,0,0
134360692,1,0,0,0,0,1,0,0,0,1
134360740,0,0,0,0,0,0,0,0,0,0
134360866,1,1,0,0,0,1,0,0,0,0
134360867,1,0,0,1,1,0,0,0,1,0
134360911,1,0,0,0,0,1,0,0,1,0
134360959,1,0,0,0,0,0,0,0,0,0
134361125,1,1,0,0,0,1,0,0,0,0
134361297,1,0,0,0,0,0,0,0,0,0
134361395,1,0,0,0,0,1,0,0,0,0
134361397,1,0,0,0,0,0,0,0,0,0
134361412,1,1,1,0,1,0,0,0,0,0
134361418,1,1,0,0,0,0,0,0,0,0
134361431,1,0,0,0,0,0,0,0,0,0
134361544,1,0,1,1,1,0,1,0,1,1
134361591,0,0,0,0,0,0,0,0,0,0
134361749,1,0,1,0,0,0,0,0,0,0
134361821,1,1,0,0,0,0,0,0,0,0
134362020,1,1,0,0,0,0,0,0,0,0
134362057,1,0,0,0,0,0,0,1,1,1
134362081,1,1,0,0,0,1,0,0,0,0
134362150,1,1,0,0,0,0,0,0,0,0
134362337,1,1,0,0,0,0,0,0,0,0
134362338,1,0,1,1,1,0,0,0,0,0
134362363,1,1,0,1,1,1,0,1,0,1
134362443,1,0,0,0,0,0,0,0,0,1
134362531,1,0,0,0,0,0,0,0,0,0
134362602,1,1,1,0,0,1,0,1,0,0
134362791,1,0,0,0,0,0,0,0,0,0
134362826,1,0,0,1,1,0,1,0,0,1
134362854,1,0,0,0,0,0,0,0,0,0
134362872,1,1,0,1,1,1,0,0,0,0
134362876,1,0,0,1,1,0,0,0,1,1
134362887,1,0,0,0,0,0,0,0,0,0
134363067,1,0,0,0,0,0,0,0,0,0
134363077,1,0,0,0,0,0,0,0,0,0
134363129,1,0,1,1,1,1,0,0,0,0
134363204,1,0,0,0,0,0,0,0,0,0
134363323,1,0,0,0,0,1,0,0,0,0
134363521,1,0,0,0,1,1,0,0,0,0
134363664,1,0,0,0,0,1,0,0,0,0
134363800,0,0,0,0,0,0,0,0,0,0
134363835,1,0,0,0,0,1,0,0,0,0
134363869,1,0,1,1,1,1,0,0,0,0
134364008,1,1,0,0,0,0,0,0,0,0
134364012,1,1,0,0,0,0,0,0,0,0
134364092,1,1,0,0,0,0,0,0,0,0
134364123,1,0,0,0,0,0,0,0,0,0
134364307,1,0,0,0,0,1,0,0,0,0
134364321,1,0,0,1,0,0,0,0,0,0
134364329,1,0,0,0,0,0,0,0,0,0
134364386,1,0,0,0,0,0,0,0,0,0
134364546,1,0,0,0,0,1,0,0,0,0
134364609,1,1,0,0,1,1,0,0,0,0
134364764,1,1,0,1,1,0,1,1,0,0
134364784,1,0,0,0,0,0,0,0,0,0
134364853,1,0,0,0,0,1,0,0,0,0
134364897,1,0,0,0,0,0,0,0,0,0
134364913,1,0,0,0,0,0,0,1,1,0
134364965,0,0,0,0,0,0,0,0,0,0
134365077,1,0,0,0,0,0,0,1,1,0
134365105,1,0,0,0,0,1,0,1,1,0
134365168,1,0,0,0,0,1,0,0,0,0
134365222,1,0,0,0,0,0,0,0,0,0
134365339,1,1,0,0,0,0,0,0,0,0
134365418,1,0,0,0,0,1,0,0,0,1
134365482,1,1,0,0,0,0,0,0,0,0
134365536,1,0,0,0,0,0,0,1,1,0
134365595,1,0,0,1,1,1,0,1,0,0
134365684,1,0,1,0,1,1,0,0,0,0
134365700,1,0,0,0,0,0,0,0,1,0
134365720,1,0,0,0,0,1,0,0,0,0
134365811,0,0,0,0,0,0,0,0,1,0
134365939,1,0,0,0,0,1,0,0,0,0
134365994,1,0,0,1,0,1,0,1,1,0
134366049,1,0,0,1,1,1,0,0,0,1
134366061,1,0,0,0,0,0,0,1,1,1
134366067,1,0,0,1,1,1,0,0,0,1
134366130,1,0,0,0,0,1,0,0,0,1
134366155,1,1,1,1,1,1,0,0,1,0
134366156,1,0,0,1,1,1,0,0,0,1
134366234,1,0,0,1,1,1,0,0,0,1
134366282,1,0,0,0,0,1,0,0,0,0
134366399,0,0,0,0,0,0,0,0,0,0
134366520,1,0,0,1,1,1,0,0,0,1
134366779,0,0,0,0,0,0,0,0,0,0
134366923,1,0,0,0,0,0,0,0,0,0
134366950,1,0,1,0,0,0,0,0,0,0
134367097,1,0,0,0,0,0,0,0,1,0
134367105,1,1,0,0,0,0,0,0,1,1
134367117,1,1,1,1,0,0,0,0,0,1
134367121,1,0,0,0,0,0,0,0,0,0
134367321,0,0,0,0,0,0,0,0,0,0
134367330,1,1,1,0,0,0,0,1,0,0
134367576,1,0,0,0,0,0,0,1,1,1
134367696,1,0,0,0,0,0,0,0,0,0
134367698,1,1,0,0,0,1,0,1,0,0
134367763,1,0,0,0,1,1,0,0,0,0
134367930,1,0,0,0,0,0,0,0,0,0
134367942,1,0,0,1,1,1,0,0,1,0
134367952,1,0,0,1,1,1,0,0,0,1
134367986,1,0,1,1,1,0,0,1,0,0
134368028,1,0,0,1,1,1,0,0,0,1
134368036,0,0,0,0,0,0,0,0,0,0
134368093,1,1,1,1,1,1,0,0,1,0
134368112,1,1,0,0,0,1,0,0,0,0
134368147,1,1,1,0,0,0,0,0,0,0
134368609,1,0,0,0,0,1,0,0,0,0
134368684,0,0,0,0,0,0,0,0,0,0
134368872,1,0,0,0,0,1,0,0,0,0
134368932,1,1,0,0,0,1,0,1,0,0
134368979,1,1,0,0,0,1,0,1,0,0
134369095,0,0,0,0,0,0,0,0,0,0
134369155,1,0,0,0,0,0,0,1,1,1
134369247,1,0,0,1,0,1,0,0,1,0
134369319,1,0,0,0,0,0,0,0,0,0
134369393,1,0,0,0,0,0,0,1,0,1
134369677,1,1,0,0,0,1,0,0,1,0
134369694,1,0,0,0,0,0,0,0,0,0
134369731,0,0,0,0,0,0,0,0,0,0
134369800,0,0,0,0,0,0,0,0,0,0
134369982,1,0,0,0,0,0,0,0,0,0
134370160,1,0,0,0,0,1,0,0,0,0
134370535,1,1,0,1,1,0,0,1,0,0
134370568,1,1,1,0,0,1,0,1,0,0
134370625,1,0,0,0,1,0,0,1,1,1
134371168,1,0,0,0,1,1,0,0,1,0
134371209,1,1,1,1,1,1,0,0,1,0
134371230,1,0,0,0,0,0,0,0,0,0
134371371,1,1,0,1,1,1,0,0,1,0
134371440,1,1,0,1,1,0,0,0,0,0
134371565,1,0,0,0,0,0,0,0,0,0
134371567,1,0,1,1,1,1,0,0,1,0
134371619,1,0,1,0,0,0,0,0,0,0
134371671,0,0,0,0,0,0,0,0,0,0
134371789,0,0,0,0,0,0,0,0,0,0
134371851,1,1,0,1,1,1,0,0,1,0
134371932,1,0,0,0,0,0,0,0,0,0
134371939,1,0,0,1,1,0,1,0,1,1
134371987,1,0,0,0,0,0,0,0,0,0
134372022,1,1,0,1,1,1,0,1,0,0
134372036,1,1,1,1,0,0,0,0,0,0
134372344,1,0,1,0,0,1,0,0,0,0
134372753,1,0,0,0,0,0,0,1,1,1
134372818,0,0,0,0,0,0,0,0,0,0
134372819,1,0,0,0,0,0,0,1,1,1
134373004,1,0,0,0,0,0,0,1,1,1
134373155,1,1,0,0,0,1,0,0,0,0
134373161,1,1,0,0,0,1,0,0,0,0
134373212,1,0,0,0,0,0,0,1,1,1
134373288,1,0,0,1,1,0,0,0,0,1
134373290,1,0,0,0,0,1,0,0,0,0
134373309,1,0,0,0,0,0,0,0,0,0
134373368,1,0,0,1,1,1,0,0,0,0
134373384,1,0,0,0,0,0,0,1,1,1
134373405,1,1,1,0,0,0,0,0,0,0
134373437,1,0,0,0,0,0,0,0,0,0
134373501,1,0,0,0,0,0,0,1,0,1
134373589,1,0,0,1,1,1,0,0,0,0
134373674,1,1,0,0,0,0,0,0,0,0
134373678,0,0,0,0,0,0,0,0,0,0
134373702,1,1,0,0,0,0,0,0,0,0
134373733,1,1,1,0,0,0,0,0,0,0
134373786,1,0,0,1,0,1,0,1,0,0
134373852,1,0,0,1,1,0,0,0,0,0
134373872,1,1,0,0,1,0,0,1,0,0
134373897,1,0,0,1,1,0,0,1,0,0
134374305,1,1,1,1,0,1,0,0,0,0
134374407,1,0,0,0,0,0,0,0,1,0
134374513,1,0,0,0,1,1,0,0,0,0
134374558,0,0,0,0,0,0,0,0,0,0
134374589,1,0,0,0,1,1,0,0,0,0
134374612,1,0,0,0,1,1,0,0,0,0
134374631,1,0,0,0,1,1,0,0,0,0
134375441,1,1,0,0,0,0,0,0,0,0
134375585,1,0,0,0,0,0,0,0,0,0
134375598,1,0,0,0,0,0,0,0,0,0
134375644,1,1,1,1,1,0,0,0,0,0
134375826,1,0,0,0,0,0,0,0,0,0
134375917,1,0,0,1,1,1,0,0,1,0
134375951,0,0,0,0,0,1,0,0,0,0
134375955,1,0,0,0,0,0,0,0,0,0
134375973,1,0,0,0,0,0,0,0,0,0
134376137,0,0,0,0,0,0,0,0,0,0
134376250,1,0,0,0,0,0,0,0,0,0
134376290,1,0,0,0,0,1,0,1,0,1
134376297,1,0,0,1,0,0,0,0,0,0
134376536,1,0,0,0,0,1,0,0,0,0
134376555,1,0,0,0,0,0,0,0,0,0
134376666,1,0,0,0,0,0,0,0,0,0
134376736,0,0,0,0,0,0,0,0,0,0
134376739,0,0,0,0,0,0,0,0,0,0
134376747,1,0,0,0,0,0,0,0,1,0
134376819,1,0,0,0,0,0,0,1,1,1
134376948,1,0,0,0,0,0,0,0,0,0
134376958,1,1,0,0,0,0,0,0,1,1
134376983,1,0,0,0,0,0,0,0,0,0
134377023,1,0,0,0,0,1,0,0,0,0
134377050,1,1,0,0,0,0,0,0,0,0
134377159,1,0,0,1,1,1,1,0,0,0
134377169,1,0,0,0,0,0,0,1,0,0
134377343,1,0,0,1,1,1,0,0,0,0
134377347,1,0,0,1,1,1,0,0,0,0
134377358,0,0,0,0,0,0,0,0,0,0
134377359,1,0,0,1,1,1,0,0,0,0
134377381,1,0,0,0,0,0,0,0,1,0
134377400,1,0,0,0,0,0,0,0,0,0
134377413,1,1,0,0,0,0,0,0,0,0
134377442,1,0,0,0,0,0,0,0,0,0
134377474,1,0,0,0,0,0,0,1,1,1
134377489,1,0,0,0,0,1,0,0,0,0
134377536,1,1,0,1,1,1,0,0,1,0
134377546,1,1,0,0,0,1,0,0,1,0
134377673,1,0,0,0,0,0,0,0,0,0
134377832,1,1,0,0,1,1,0,1,1,0
134377855,1,1,0,1,1,1,0,0,0,0
134378036,1,0,0,0,0,0,0,0,0,0
134378086,1,1,0,0,0,1,0,0,1,1
134378152,1,1,0,0,0,0,0,0,0,0
134378356,1,0,0,1,1,1,0,0,1,0
134378582,0,0,0,0,0,0,0,0,1,0
134378678,1,1,0,0,0,0,0,0,0,0
134378718,1,0,0,0,0,0,0,1,1,0
134378727,1,1,0,1,1,1,0,0,1,0
134378735,1,0,0,0,0,0,0,0,0,0
134378814,1,1,0,0,0,1,0,1,0,0
134379184,1,0,0,0,0,1,0,0,0,0
134379570,1,0,0,1,0,1,0,1,0,0
134379577,1,0,1,1,1,1,0,0,0,0
134379664,1,1,0,1,1,1,0,0,0,0
134379689,1,1,0,1,1,1,0,0,0,1
134379872,1,0,0,0,0,0,0,0,0,0
134379901,1,1,0,0,0,0,0,0,0,0
134379929,1,0,0,0,0,0,0,0,0,0
134379965,1,0,0,0,0,0,0,0,0,0
134379980,1,0,0,0,0,0,0,1,1,1
134379989,1,0,0,0,0,1,0,0,0,0
134380030,0,0,0,0,0,0,0,0,0,0
134380093,1,1,0,0,0,0,0,0,0,0
134380345,1,1,0,0,1,0,0,0,0,0
134380453,0,0,1,0,0,0,0,0,0,0
134380553,1,0,0,0,0,0,0,0,0,0
134380560,1,1,0,1,1,1,0,1,0,0
134380827,1,0,0,1,1,1,0,0,0,0
134380899,1,0,0,0,0,0,0,0,0,0
134381039,1,0,0,0,0,0,0,0,0,1
134381109,1,0,0,0,0,0,0,0,0,0
134381197,0,0,0,0,0,0,0,0,0,0
134381241,1,0,0,1,1,1,0,0,0,0
134381251,1,1,0,0,0,0,0,0,0,0
134381356,1,0,0,0,0,0,0,0,0,0
134381425,1,0,0,1,1,0,0,0,0,1
134381516,1,1,1,1,1,0,0,1,0,1
134381552,1,0,0,0,0,1,0,1,1,1
134381584,1,1,0,0,0,1,0,1,1,1
134381593,1,0,0,1,1,1,0,1,0,0
134381609,1,1,0,0,0,1,0,1,1,1
134381612,1,0,0,0,0,1,0,0,0,0
134381655,0,0,0,0,0,0,0,0,0,0
134381663,0,0,0,0,0,0,0,0,0,0
134381712,1,1,0,0,0,1,0,0,0,0
134381752,1,0,0,0,0,1,0,0,0,0
134381786,1,0,0,0,0,0,0,0,0,0
134381787,1,1,1,0,0,1,0,1,0,0
134381907,1,0,0,0,0,0,0,0,0,0
134382054,1,1,0,0,0,0,0,0,0,0
134382074,1,1,1,0,0,0,0,0,0,0
134382085,1,0,0,0,0,0,0,0,0,0
134382095,1,1,0,0,0,0,0,0,0,0
134382140,1,0,1,0,0,0,0,0,0,0
134382290,1,0,0,0,0,0,0,0,0,1
134382302,1,0,0,0,0,0,0,0,0,0
134382363,1,0,0,0,0,1,0,0,0,0
134382450,1,1,0,0,0,0,0,0,0,0
134382544,1,0,0,0,0,0,0,0,0,0
134382639,1,1,0,0,1,1,0,0,0,0
134382776,1,1,0,1,1,0,0,0,0,0
134382956,1,0,0,1,1,0,1,0,1,1
134383070,1,1,0,0,0,0,0,0,1,0
134383086,1,1,0,0,0,0,1,0,0,0
134383328,1,0,0,0,0,0,0,1,1,1
134383431,1,0,0,0,0,0,0,0,0,0
134383499,1,0,1,0,0,0,0,0,0,0
134383617,1,1,1,0,0,0,0,0,0,0
134383651,1,0,0,1,1,1,0,0,1,1
134383691,1,1,0,0,0,0,0,0,0,0
134383703,1,1,0,1,1,0,0,0,0,0
134383756,1,1,1,1,1,1,0,0,1,1
134383759,0,0,0,0,0,0,0,0,0,0
134383857,1,1,0,0,0,0,0,0,0,0
134383875,1,1,1,1,1,1,0,0,1,1
134383930,1,0,0,0,0,0,0,0,0,0
134384060,1,1,0,1,0,1,0,0,0,0
134384260,1,1,0,0,0,0,0,1,0,0
134384274,1,0,0,1,0,1,0,0,0,0
134384286,1,0,0,1,0,1,0,0,0,0
134384386,1,0,0,0,0,0,0,0,1,1
134384472,1,0,0,1,1,1,0,0,0,0
134384736,1,0,0,0,1,0,0,0,0,0
134384873,1,0,0,1,1,1,0,0,1,0
134384909,1,0,0,1,1,1,0,0,0,0
134385089,1,0,0,0,0,1,0,0,0,0
134385102,0,0,0,0,0,0,0,0,0,0
134385187,1,0,0,1,1,0,1,0,0,0
134385291,1,0,0,0,0,0,0,0,0,0
134385396,1,0,0,1,0,1,0,0,0,0
134385416,0,0,0,0,0,0,0,0,0,0
134385564,1,1,0,0,0,0,0,0,0,0
134385927,1,1,0,1,1,1,1,0,0,0
134385939,1,0,0,0,0,0,0,0,0,0
134385981,1,1,1,0,0,0,0,0,1,0
134386005,1,0,0,0,0,0,0,0,0,0
134386167,0,0,0,0,0,0,0,0,0,0
134386186,1,1,0,0,0,0,0,0,1,1
134386296,1,1,0,0,0,1,0,0,1,0
134386410,1,1,1,0,0,0,0,0,0,0
134386426,0,0,0,0,0,0,0,0,0,0
134386534,1,1,0,0,0,0,0,0,1,0
134386594,1,0,0,0,0,1,0,1,0,0
134386695,1,0,0,0,0,0,0,0,0,0
134386732,1,0,0,0,0,0,0,1,1,0
134386761,1,1,0,0,0,0,0,0,1,1
134386792,0,0,0,0,0,0,0,0,0,0
134386795,0,0,0,0,0,0,0,0,1,0
134386866,1,1,0,0,0,1,0,0,1,1
134386918,1,0,1,1,1,0,1,0,1,0
134386986,1,1,1,0,0,0,0,0,1,1
134386994,1,0,0,0,0,1,0,0,0,0
134387005,1,0,0,0,0,1,0,0,0,0
134387129,1,0,0,0,0,0,0,0,0,0
134387165,1,0,0,0,0,0,0,1,0,1
134387178,1,0,0,0,0,0,0,0,0,0
134387202,1,0,0,0,0,0,0,1,1,1
134387254,1,0,0,0,0,0,0,1,1,1
134387298,1,1,0,0,1,1,0,0,0,0
134387327,1,0,1,0,0,1,0,0,0,0
134387402,1,0,0,0,0,0,0,0,0,0
134387476,1,1,0,0,0,1,0,1,0,0
134387561,1,1,0,0,0,0,0,1,0,0
134387569,0,1,0,0,0,0,0,0,0,0
134387607,1,0,0,0,0,0,0,0,0,0
134387629,0,0,0,0,0,0,0,0,0,0
134387775,1,0,0,0,0,0,0,0,0,1
134387808,1,1,1,1,0,1,0,0,1,0
134387857,0,0,0,0,0,0,0,0,0,0
134388042,1,0,0,0,0,0,0,0,0,0
134388149,1,0,0,0,0,0,0,0,0,0
134388238,1,1,1,1,1,1,0,0,0,1
134388309,1,0,0,0,0,0,0,0,0,0
134388457,1,0,1,1,1,0,0,0,1,1
134388482,1,1,0,0,0,0,0,0,0,0
134388493,1,0,0,1,1,0,0,1,1,0
134388538,1,1,0,0,0,0,0,1,0,1
134388593,1,0,0,1,1,1,0,1,0,0
134388606,1,1,0,0,0,0,0,0,0,0
134388765,1,0,0,0,0,0,0,0,1,1
134388817,1,1,0,0,0,0,0,1,0,0
134388829,1,0,0,0,0,0,0,0,1,1
134388855,1,1,0,0,0,0,0,1,0,1
134388892,1,0,0,0,0,0,0,1,0,0
134388966,0,1,0,0,0,0,0,0,0,0
134388973,1,0,1,0,0,0,0,0,0,0
134389109,0,0,0,0,0,0,0,0,0,0
134389302,1,1,0,0,0,0,0,0,0,0
134389369,1,0,0,1,1,1,0,0,0,1
134389414,1,0,0,0,0,0,0,0,0,0
134389623,1,0,0,0,0,0,0,0,0,0
134389758,1,1,0,0,0,0,0,0,0,0
134389789,1,0,0,0,0,0,0,0,0,0
134389867,1,0,1,1,1,0,0,0,0,1
134389883,0,0,0,0,0,0,0,0,0,0
134389888,1,0,0,0,0,1,0,0,0,0
134390117,1,0,0,1,1,0,0,0,0,0
134390313,1,1,0,1,1,1,0,0,0,1
134390348,1,1,1,1,1,0,0,1,1,0
134390413,1,0,0,0,0,0,0,1,1,1
134390428,0,0,0,0,0,0,0,0,0,0
134390455,1,0,0,0,0,1,0,0,0,0
134390467,1,0,0,0,0,0,0,1,1,1
134390494,1,0,0,0,0,0,0,1,0,1
134390552,1,1,0,0,0,0,0,0,0,0
134390571,1,0,0,0,0,0,0,0,0,0
134390726,1,0,0,0,0,1,0,0,0,0
134390959,1,0,0,1,1,0,0,0,0,0
134392105,1,0,0,0,0,1,0,0,0,0
134392256,1,1,0,0,0,1,0,0,0,0
134392324,1,0,0,0,0,0,0,0,0,0
134392369,1,0,0,0,0,0,0,0,0,0
134392383,1,1,0,0,1,0,0,0,1,1
134392395,1,0,0,0,0,1,0,0,0,0
134392434,1,0,0,1,0,1,0,0,0,0
134392442,1,0,0,1,0,1,0,0,0,0
134392474,1,0,0,1,1,1,1,0,0,1
134392525,0,0,0,0,0,0,0,0,0,0
134392532,1,0,0,1,0,1,0,0,0,0
134392619,0,0,0,0,0,0,0,0,0,0
134392686,0,0,0,0,0,0,0,0,0,0
134392784,1,0,1,1,1,0,0,0,1,1
134392852,1,1,0,0,0,0,0,0,0,0
134392854,1,1,0,0,0,1,0,0,0,0
134392869,0,0,0,0,0,0,0,0,0,0
134393005,0,0,0,0,0,0,0,0,0,0
134393080,1,0,0,1,0,0,1,0,0,0
134393184,1,0,0,0,0,0,0,0,0,0
134393229,1,0,0,1,1,0,0,0,0,1
134393239,1,0,0,0,0,0,0,0,0,0
134393377,1,0,0,0,0,0,0,0,0,0
134393467,1,0,0,1,1,0,0,0,0,0
134393655,1,0,0,1,1,1,0,0,1,1
134393659,1,0,0,0,0,1,0,0,0,0
134393794,1,1,0,1,1,0,0,0,1,1
134393796,1,0,0,0,0,1,0,0,0,0
134394058,1,0,1,1,1,0,1,0,1,1
134394079,1,1,0,0,0,0,0,0,0,0
134394087,0,0,0,0,0,0,0,0,0,0
134394128,1,0,1,0,0,0,0,0,0,1
134394228,1,0,0,1,1,0,1,0,0,1
134394260,0,0,0,0,0,0,0,0,0,0
134394262,0,0,0,0,0,0,0,0,0,0
134394284,1,0,0,0,0,1,0,1,0,0
134394385,1,0,0,1,1,0,0,0,0,0
134394454,1,1,0,0,0,0,0,0,0,0
134394588,1,1,0,1,1,1,0,0,0,0
134394614,1,1,0,1,1,1,0,0,1,0
134394714,1,0,0,0,0,1,0,0,0,0
134394986,1,1,1,0,0,0,0,0,1,1
134394997,1,0,0,1,0,1,0,0,0,0
134395009,1,0,0,0,0,0,0,0,0,0
134395092,1,0,0,1,1,0,1,0,0,0
134395343,1,0,0,0,0,0,0,0,0,0
134395350,1,0,0,0,0,0,0,0,1,1
134395428,1,1,0,0,0,1,0,0,0,0
134395633,1,1,0,0,0,0,0,0,0,0
134395648,1,0,0,0,0,0,0,1,0,0
134395736,0,0,0,0,0,0,0,0,0,0
134395739,1,1,0,0,0,0,0,0,0,0
134395765,1,1,0,1,1,1,0,0,0,0
134395768,1,0,0,1,1,1,0,0,1,1
134395912,1,0,0,0,0,0,0,1,0,1
134396038,1,0,0,0,0,0,0,0,1,0
134396047,1,0,0,0,0,1,0,0,0,1
134396140,1,0,0,1,1,0,0,0,1,1
134396167,1,0,0,0,0,1,0,1,0,0
134396170,1,0,0,0,0,0,0,0,1,0
134396220,1,1,0,0,0,0,0,0,0,0
134396230,1,0,0,0,0,0,0,0,0,0
134396316,1,0,0,0,0,0,0,0,0,0
134396318,1,0,0,1,1,0,0,0,1,1
134396403,1,0,0,1,1,0,0,0,1,1
134396426,1,0,0,0,0,0,0,0,0,0
134396441,1,0,0,1,1,0,0,0,1,1
134396477,1,1,0,1,1,0,1,0,0,1
134396485,1,0,1,0,1,1,0,0,1,1
134396489,1,0,0,1,1,0,0,0,1,1
134396492,1,0,0,0,0,0,0,0,0,0
134396568,1,1,0,0,0,0,0,0,0,1
134396693,1,0,0,0,0,0,0,0,0,0
134396721,1,1,0,1,1,1,0,0,0,0
134396748,1,1,0,0,0,0,0,0,1,1
134396899,1,0,0,0,0,0,0,0,1,1
134397022,0,0,0,0,0,0,0,0,0,0
134397051,1,0,0,0,0,1,0,0,0,0
134397052,1,0,1,0,0,0,0,0,0,1
134397074,1,0,0,0,0,1,0,0,0,0
134397183,1,0,0,0,0,0,0,0,0,0
134397281,1,0,0,0,0,0,0,0,0,0
134397477,1,1,0,1,1,0,1,0,0,1
134397549,0,1,0,0,0,0,0,0,0,0
134397727,0,0,0,0,0,0,0,0,0,0
134397728,1,0,0,0,0,0,0,0,0,0
134397828,0,0,0,0,0,0,0,0,0,0
134397895,1,0,0,0,0,0,0,0,0,0
134397983,1,0,0,0,0,0,0,0,0,0
134398044,0,0,0,0,0,0,0,0,0,0
134398058,1,0,0,0,0,1,0,0,0,0
134398128,1,0,0,0,0,1,0,0,0,0
134398339,1,0,0,1,1,1,0,1,1,0
134398342,1,1,0,0,1,1,0,1,1,0
134398439,1,0,0,1,1,1,0,1,0,1
134398868,1,1,0,1,1,1,0,0,1,0
134399028,1,0,0,0,0,0,0,0,0,0
134399137,1,1,1,1,0,1,0,0,0,1
134399152,1,0,0,1,1,1,0,1,1,0
134399173,0,0,0,0,0,0,0,0,0,0
134399251,1,0,0,0,0,0,0,0,0,0
134399281,1,0,0,0,0,1,0,0,1,0
134399352,1,0,0,1,1,1,0,0,1,0
134399398,1,0,0,0,0,0,0,0,0,0
134399596,1,0,0,0,0,0,0,0,0,0
134399613,1,1,0,1,1,1,0,0,0,0
134399620,1,0,0,0,0,1,0,0,0,0
134399707,1,1,0,0,0,1,0,0,0,0
134399797,1,0,0,0,0,0,0,0,0,0
134399844,1,0,0,0,0,0,0,0,0,0
134399865,0,0,0,0,0,1,0,0,0,0
134400067,1,0,0,0,0,0,0,0,0,0
134400125,1,0,0,0,1,1,0,0,0,0
134400128,1,0,0,0,0,0,0,1,1,1
134400152,1,0,0,0,1,1,0,0,0,0
134400202,1,1,0,0,0,0,0,0,0,0
134400209,1,0,0,1,1,0,0,0,0,0
134400233,1,0,0,0,0,0,0,0,0,0
134400240,1,1,1,0,0,0,0,0,0,0
134400330,0,0,0,0,0,0,0,0,0,0
134400447,1,1,0,0,0,1,0,0,0,0
134400456,1,1,0,0,0,1,0,1,0,0
134400479,1,0,0,1,1,0,1,0,0,0
134400507,1,1,0,0,0,1,0,1,0,0
134400560,0,0,0,0,0,0,0,0,0,0
134400584,1,0,0,0,0,0,0,0,0,0
134400683,1,0,0,0,0,0,0,0,0,0
134400797,1,1,0,0,0,0,0,0,0,0
134400946,1,1,0,0,0,1,0,0,0,0
134401121,1,0,1,1,1,0,1,0,0,0
134401149,1,1,0,1,1,1,0,1,1,0
134401228,1,0,1,1,1,1,0,1,1,0
134401267,1,0,0,1,1,1,0,0,0,1
134401310,1,0,1,1,1,1,0,0,1,0
134401347,1,0,0,1,1,0,0,0,1,1
134401386,1,0,1,1,1,1,0,1,1,0
134401394,1,1,0,0,0,0,0,0,0,0
134401405,1,0,0,0,0,0,0,0,0,0
134401437,1,0,0,0,0,0,0,0,0,0
134401687,1,0,1,0,0,1,0,0,0,0
134401715,1,0,0,0,0,0,0,0,0,0
134401788,1,0,0,0,0,0,0,0,0,0
134401874,1,0,0,0,0,0,0,0,0,0
134402138,1,0,0,1,1,0,1,0,1,0
134402239,1,0,0,0,0,0,0,0,0,0
134402260,1,0,1,0,0,1,0,1,0,0
134402350,0,0,0,0,0,0,0,0,0,0
134402361,0,0,0,0,0,0,0,0,0,0
134402493,1,0,0,0,0,0,0,0,0,0
134402548,0,0,0,0,0,0,0,0,0,0
134402593,1,1,0,0,0,1,0,0,0,0
134402632,1,0,0,0,0,0,0,0,1,0
134402658,1,1,0,1,1,0,0,0,0,0
134402778,1,0,0,0,0,0,0,0,0,0
134402825,1,0,0,1,1,0,1,0,0,1
134402840,0,0,0,0,0,0,0,0,0,0
134402852,1,0,0,0,0,0,0,1,0,0
134402915,1,0,0,0,0,0,0,0,0,0
134402921,1,0,0,0,0,0,0,0,0,0
134402923,1,0,0,0,0,0,0,0,0,0
134402929,1,0,0,0,0,0,0,0,0,0
134402961,1,0,0,0,0,0,0,0,0,0
134403000,1,0,0,0,0,0,0,0,0,0
134403020,1,0,0,0,0,0,0,0,0,0
134403023,1,1,0,1,1,1,0,1,0,1
134403061,1,0,0,0,0,0,0,0,0,0
134403356,1,0,0,0,0,0,0,0,0,0
134403408,1,0,0,0,0,0,0,0,0,0
134403462,0,1,0,0,0,0,0,0,0,0
134403495,1,0,0,0,1,1,0,0,1,1
134403509,1,0,0,1,1,0,0,0,0,0
134403611,1,0,0,0,0,0,0,0,0,0
134403614,1,1,1,0,0,1,0,0,0,0
134403707,1,0,0,1,1,1,0,0,0,0
134403951,1,1,0,0,0,0,0,0,0,0
134404118,1,0,0,0,0,0,0,0,0,0
134404449,1,0,0,1,1,0,1,0,0,1
134404515,1,1,0,1,0,1,0,0,0,0
134404530,1,0,0,0,0,1,0,0,0,0
134404632,0,0,0,0,0,0,0,0,0,0
134404657,1,0,0,0,0,1,0,0,0,0
134404832,0,0,0,0,0,0,0,0,0,0
134404885,1,0,0,0,0,1,0,0,0,0
134404926,1,0,0,0,0,1,0,0,0,0
134404961,1,0,0,0,0,0,0,0,0,0
134404993,0,0,0,0,0,0,0,0,0,0
134405079,1,1,0,1,1,1,0,1,0,1
134405284,1,1,0,0,0,0,0,0,0,0
134405414,1,1,0,0,0,0,0,0,0,0
134405531,1,1,0,0,0,0,0,0,0,0
134405542,1,0,0,0,0,1,0,0,0,0
134405594,1,0,0,0,0,0,0,0,0,0
134405614,1,0,0,0,0,1,0,0,0,0
134405626,1,0,1,0,0,0,0,0,0,0
134405681,1,0,0,0,0,0,0,0,0,0
134405691,1,1,0,0,0,1,0,0,0,0
134405772,1,0,0,0,0,0,0,0,0,0
134405785,0,0,0,0,0,0,0,0,0,0
134405803,1,0,0,0,0,0,0,0,0,0
134405843,1,1,0,0,0,0,0,0,0,0
134405857,0,0,0,0,0,0,0,0,0,0
134405861,1,0,0,0,0,1,0,1,0,0
134405914,0,0,0,0,0,1,0,0,0,0
134405917,1,0,0,0,0,0,0,0,0,0
134405969,1,0,0,1,1,1,0,0,1,0
134406144,1,1,0,0,0,0,0,1,0,0
134406156,1,0,0,0,0,0,0,0,0,0
134406227,1,0,0,1,1,0,0,0,0,0
134406307,1,0,0,0,0,1,0,0,0,0
134406345,1,0,0,0,0,0,0,0,0,0
134406437,1,0,0,0,0,0,0,0,0,0
134406553,0,0,0,0,0,0,0,0,0,0
134406801,1,0,0,0,0,0,0,0,0,0
134407026,1,0,0,0,0,0,0,0,0,0
134407032,1,0,0,0,0,0,0,1,0,1
134407235,0,0,0,0,0,0,0,0,0,0
134407264,1,1,1,1,1,1,0,0,0,0
134407296,1,0,0,0,0,0,0,0,1,0
134407303,0,0,0,0,0,0,0,0,0,0
134407377,1,1,0,0,0,0,0,0,0,0
134407469,1,0,0,0,0,0,0,0,0,0
134408526,1,0,0,0,0,0,0,0,0,0
134408564,0,0,0,0,0,0,0,0,0,0
134408722,1,0,0,1,1,1,0,1,0,0
134408733,0,0,0,0,0,0,0,0,0,0
134408789,0,0,0,0,0,0,0,0,0,0
134408909,1,1,0,0,0,1,0,0,0,0
134408969,1,0,0,0,0,0,0,1,1,1
134409037,1,0,0,1,0,0,0,0,0,0
134409076,1,0,1,1,1,0,0,1,0,0
134409202,1,1,0,1,1,1,0,1,1,1
134409336,1,0,0,0,0,0,0,0,1,0
134409433,1,0,0,0,0,0,0,0,1,0
134409496,0,0,0,0,0,0,0,0,0,0
134409548,1,0,0,0,0,0,0,0,1,0
134409583,1,0,0,0,0,0,0,0,0,0
134409584,1,0,0,0,0,1,0,1,0,0
134409614,1,0,0,1,1,0,0,0,0,0
134409647,1,0,1,1,1,0,0,0,0,1
134409678,1,1,1,0,0,0,0,0,0,0
134409769,0,1,0,0,0,0,0,0,0,0
134409809,1,0,0,0,0,0,0,0,0,0
134409866,0,0,0,0,0,0,0,0,0,0
134410260,1,0,0,0,0,1,0,0,0,0
134410493,1,0,0,1,1,0,0,0,1,1
134410494,1,0,0,0,0,0,0,0,0,0
134410540,1,1,0,0,0,0,0,0,1,1
134410541,0,1,0,0,0,0,0,0,0,0
134410724,1,0,0,0,0,0,0,0,0,0
134410753,1,0,0,1,1,0,0,0,0,0
134410927,1,1,0,0,0,0,0,0,0,0
134410944,1,1,0,0,0,0,0,0,1,1
134410962,0,0,0,0,0,0,0,0,0,0
134410990,1,0,0,0,0,0,0,0,0,0
134411017,1,0,1,0,0,1,0,1,0,1
134411052,1,1,0,1,0,1,0,0,0,0
134411565,1,0,0,0,0,0,0,1,1,0
134411567,0,0,0,0,0,0,0,0,0,0
134411831,0,0,0,0,0,0,0,0,0,0
134412153,1,0,0,1,1,1,0,0,0,0
134412174,0,0,0,0,0,0,0,0,0,0
134412249,0,0,0,0,0,0,0,0,0,0
134412273,1,1,0,1,1,1,0,0,1,0
134412405,0,0,0,0,0,0,0,0,0,0
134412408,1,0,0,1,1,1,0,0,1,0
134412525,1,0,0,0,0,0,0,0,0,0
134412722,1,1,0,1,1,1,0,0,0,0
134412798,1,1,0,0,0,0,0,0,0,0
134412800,1,0,0,0,0,1,0,0,0,0
134412851,1,0,0,0,0,0,0,0,0,0
134412870,0,0,0,0,0,0,0,0,0,0
134413039,0,0,0,0,0,0,0,0,0,0
134413149,1,0,0,1,1,1,0,0,0,1
134413378,1,1,1,0,0,0,0,0,0,0
134413471,1,0,0,0,0,0,0,0,0,0
134413559,1,0,1,0,0,1,0,0,0,0
134413591,1,0,0,0,0,0,0,0,0,0
134413865,1,1,0,0,0,0,0,0,1,0
134413871,1,1,0,0,0,0,0,0,1,0
134413928,1,0,0,0,0,0,0,0,1,0
134413962,1,0,0,0,0,0,0,0,1,0
134414042,1,0,0,0,1,0,0,0,0,1
134414053,1,0,0,0,0,0,0,0,1,0
134414055,1,1,0,1,1,0,1,0,0,0
134414096,1,1,0,0,0,1,0,0,1,0
134414135,0,0,0,0,0,0,0,0,0,0
134414181,1,0,0,0,0,0,0,0,0,0
134414188,1,0,0,0,0,0,0,0,0,0
134414203,1,0,0,1,0,1,0,0,0,0
134414241,1,1,0,1,1,1,1,1,1,0
134414790,1,0,0,0,0,0,0,0,0,0
134414795,1,1,0,1,0,1,0,0,0,0
134415263,1,0,0,1,1,0,0,0,0,0
134415285,1,0,0,1,1,1,0,0,0,0
134415290,0,0,0,0,0,0,0,0,0,0
134415410,0,0,0,0,0,0,0,0,0,0
134415535,1,0,0,0,1,0,0,0,0,0
134415564,1,0,0,0,0,0,0,0,0,0
134415675,1,1,0,1,1,1,0,0,1,0
134415721,1,0,0,0,0,0,0,0,0,0
134415728,0,0,0,0,0,0,0,0,0,0
134415804,0,0,0,0,0,0,0,0,0,0
134415960,1,0,0,1,1,1,0,0,0,0
134416079,1,0,0,0,0,0,0,0,0,0
134416133,1,0,0,0,0,0,0,0,0,0
134416242,0,0,0,0,0,0,0,0,0,0
134416439,1,0,0,1,1,1,0,1,1,0
134416556,1,0,0,0,0,0,0,0,1,0
134416679,1,0,0,0,0,0,0,0,0,0
134416691,1,0,0,1,1,1,1,1,0,1
134416893,1,0,0,0,0,0,0,1,1,1
134416935,1,1,0,0,0,0,0,0,1,0
134417191,1,0,0,0,0,1,0,0,1,0
134417246,0,0,0,0,0,0,0,0,0,0
134417282,1,0,0,0,0,1,0,0,0,0
134417340,1,1,0,1,1,0,0,0,0,0
134417361,1,1,0,0,0,0,0,0,0,0
134417391,1,0,0,0,0,0,0,1,1,1
134417401,1,0,0,0,0,0,0,0,0,0
134417423,1,0,0,0,0,0,0,0,0,0
134417433,0,0,0,0,0,0,0,0,0,0
134417615,1,0,0,1,0,1,0,0,0,0
134417718,1,0,1,1,1,0,1,0,1,1
134417759,1,1,0,0,0,0,0,1,0,0
134417993,1,1,0,1,0,1,0,0,0,0
134418103,1,1,0,0,0,0,0,0,0,0
134418272,1,0,1,0,0,0,0,0,0,0
134418404,1,0,1,0,0,0,0,0,1,0
134418485,1,0,1,0,0,1,0,1,1,1
134418608,0,0,0,0,0,1,0,1,0,0
134418698,1,0,0,0,0,0,0,0,0,0
134418868,0,0,0,0,0,0,0,0,0,0
134418892,1,0,1,0,0,1,0,0,0,0
134418974,1,1,1,1,1,0,0,1,1,0
134419043,0,0,0,0,0,0,0,0,0,0
134419190,1,1,0,1,1,0,1,0,0,0
134419199,0,0,0,0,0,0,0,0,0,0
134419314,1,1,0,0,0,0,0,0,0,0
134419315,1,1,1,1,1,1,1,1,0,1
134419401,1,1,0,0,0,0,0,0,0,0
134419700,1,0,0,1,1,1,0,1,1,0
134419745,1,0,0,0,0,0,0,0,0,0
134419776,1,1,0,1,1,0,0,1,0,0
134419777,1,0,0,0,0,0,0,0,0,0
134419789,1,0,0,1,1,1,0,0,0,0
134419870,1,1,0,1,1,0,0,0,0,0
134419940,1,1,0,0,0,1,0,0,0,0
134420007,1,0,0,0,0,1,0,0,0,0
134420232,1,1,1,0,0,0,0,0,0,0
134420368,1,0,0,0,0,0,0,0,0,1
134420461,1,1,0,0,0,1,0,0,0,0
134420475,1,0,0,0,0,0,0,0,0,0
134420696,1,1,1,1,1,1,0,1,1,0
134420736,0,1,0,0,0,0,0,0,0,0
134420824,1,0,0,0,0,0,0,0,0,0
134420845,1,0,0,0,0,0,0,0,0,0
134420970,1,0,0,0,0,0,0,0,0,0
134421203,1,0,0,0,0,0,0,0,0,0
134421457,1,1,0,1,1,1,0,1,0,0
134421552,1,1,0,1,1,1,0,0,0,0
134422148,1,1,1,1,1,1,0,1,0,0
134422274,1,1,0,0,0,0,0,0,0,0
134422945,1,0,0,0,0,1,0,0,0,0
134423132,1,0,0,0,0,0,0,1,1,1
134423161,0,0,0,0,0,0,0,0,0,0
134423598,1,0,0,0,0,0,0,1,0,1
134423802,1,0,0,0,0,0,0,1,1,1
134424262,1,0,0,1,1,0,0,0,0,0
134424366,0,0,0,0,0,0,0,0,0,0
134424476,1,0,0,0,0,0,0,0,0,0
134424507,1,1,0,1,0,0,0,0,0,0
134425200,1,1,0,0,0,0,0,0,0,0
134425218,0,0,0,0,0,0,0,0,0,0
134425233,1,1,0,0,0,1,0,0,0,0
134425247,1,1,0,0,0,0,0,0,0,0
134425271,1,0,0,0,0,0,0,0,0,0
134425297,0,0,0,0,0,0,0,0,0,0
134425687,1,0,0,0,0,0,0,0,0,0
134425696,1,0,0,0,0,0,0,0,0,0
134425787,0,0,0,0,0,0,0,0,0,0
134425894,1,0,0,0,0,0,0,0,0,0
134425927,1,0,0,0,0,0,0,0,0,0
134426071,1,0,0,1,1,0,1,0,0,1
134426120,0,0,0,0,0,0,0,0,0,0
134426354,1,0,0,1,1,0,0,0,1,0
134426371,1,0,1,0,0,0,0,0,1,0
134426560,1,0,0,0,0,0,0,0,0,0
134426661,1,0,1,0,0,1,0,0,0,0
134426730,0,0,0,0,0,0,0,0,0,0
134426734,1,0,0,0,0,1,0,0,0,0
134426843,0,0,0,0,0,0,0,0,0,0
134426961,1,0,0,0,0,0,0,0,0,0
134427008,1,0,0,0,0,1,0,0,0,0
134427692,1,0,0,0,0,0,0,0,0,0
134428067,1,1,0,1,1,1,0,1,0,0
134428087,1,1,0,0,0,0,0,0,0,0
134428148,1,0,0,0,0,0,0,0,0,0
134428277,0,0,0,0,0,0,0,0,0,0
134428322,0,0,0,0,0,0,0,0,0,0
134428326,1,0,0,0,0,0,0,0,0,0
134428555,1,0,1,0,0,0,0,0,0,0
134428558,1,0,0,0,0,1,0,0,0,0
134428568,1,0,1,1,1,1,0,0,0,0
134428569,1,0,1,1,1,1,0,0,0,0
134428596,1,0,0,0,0,0,0,0,0,0
134428644,1,0,0,0,0,0,0,0,0,0
134428928,0,0,0,0,0,0,0,0,0,0
134429012,1,1,1,1,1,0,0,1,1,0
134429058,1,0,0,0,0,1,0,0,0,0
134429070,0,0,0,0,0,0,0,0,0,0
134429205,1,0,0,0,0,0,0,0,0,0
134429232,1,0,0,1,1,0,0,0,0,0
134429347,1,0,0,0,0,0,0,0,0,0
134429352,1,1,1,0,0,0,0,0,1,1
134429450,0,0,0,0,0,0,0,0,0,0
134429607,1,1,0,0,0,0,0,0,0,0
134429723,1,1,0,0,0,1,0,0,1,0
134429840,0,0,0,0,0,0,0,0,0,0
134430093,0,0,0,0,0,0,0,0,0,0
134430100,1,0,0,0,0,0,0,1,1,0
134430280,1,0,0,1,1,0,0,0,0,0
134430524,1,1,0,1,1,1,0,0,0,0
134430587,1,1,1,1,1,1,0,1,1,0
134430624,1,0,0,0,0,1,0,0,0,0
134430632,1,1,0,0,1,1,0,1,1,0
134430803,1,0,0,0,0,1,0,0,0,0
134430883,0,0,0,0,0,0,0,0,0,0
134430884,1,0,0,1,1,1,0,1,0,0
134430885,0,1,0,0,0,0,0,0,0,0
134430886,1,0,0,1,1,1,0,0,0,0
134430970,1,1,0,0,0,0,0,0,0,0
134431387,1,0,0,0,0,0,0,0,1,0
134431714,1,0,0,0,0,1,0,0,0,0
134431962,1,0,0,0,0,0,0,0,0,0
134432010,1,0,0,0,0,0,0,0,0,0
134432065,1,1,0,0,0,0,0,0,0,0
134432280,0,0,0,0,0,0,0,0,0,0
134432589,1,0,0,0,0,0,0,0,0,0
134432654,1,1,0,0,0,0,0,0,0,0
134432869,1,0,0,0,0,1,0,0,0,0
134433068,0,0,0,0,0,0,0,0,0,0
134433102,1,1,1,0,1,1,0,0,0,0
134433174,1,0,0,1,0,0,0,0,1,0
134433231,1,0,0,0,0,0,0,0,0,0
134433266,0,0,0,0,0,0,0,0,0,0
134433299,1,0,0,0,0,0,0,0,0,0
134433479,1,1,0,0,0,0,0,0,0,0
134433489,1,0,0,0,0,0,0,0,0,0
134433499,1,0,0,0,0,0,0,0,0,0
134433582,1,0,0,0,0,1,0,0,0,0
134433742,1,0,0,1,1,0,0,0,0,0
134433874,1,1,0,0,0,1,0,0,0,0
134433945,1,0,0,0,0,0,0,0,0,1
134434180,1,1,0,0,0,0,0,0,0,0
134434321,1,0,0,0,0,0,0,0,0,0
134434344,1,1,0,1,1,1,0,0,0,0
134434405,0,0,0,0,0,0,0,0,0,0
134434439,1,1,0,0,0,1,0,0,0,0
134434448,1,0,0,1,1,0,0,0,0,1
134434453,1,1,0,0,0,0,0,0,0,0
134434459,1,0,0,0,0,1,0,1,0,0
134434507,1,0,0,0,0,0,0,0,0,0
134434548,1,1,1,1,0,0,0,1,0,0
134434576,1,0,1,0,0,0,1,0,0,0
134434645,1,1,0,0,0,1,0,0,0,0
134434678,1,0,0,0,0,1,0,0,0,0
134434742,1,0,0,1,1,1,0,0,1,1
134434765,1,0,0,0,0,0,0,0,0,0
134434870,1,0,0,0,0,1,0,0,0,0
134434987,1,1,0,0,0,0,0,0,0,0
134435107,1,0,0,0,0,0,0,0,0,0
134435186,1,1,0,0,0,0,0,0,0,0
134435316,1,0,0,0,0,0,0,0,0,0
134435341,0,0,0,0,0,0,0,0,0,0
134435561,1,1,0,0,0,0,0,0,0,0
134435665,1,0,0,0,0,0,0,0,1,0
134435736,1,0,0,0,0,1,0,0,1,0
134435901,0,0,0,0,0,0,0,0,0,0
134436201,1,1,1,0,0,0,0,0,0,0
134436240,0,0,0,0,0,0,0,0,0,0
134436374,1,0,0,0,0,1,0,0,0,0
134436456,1,0,0,0,0,0,0,0,0,0
134436510,1,1,0,1,1,1,0,0,0,0
134436555,1,0,0,0,0,1,0,0,0,0
134436831,1,0,0,0,0,1,0,0,0,0
134437057,1,0,0,0,0,0,0,0,0,0
134437130,1,0,0,0,0,0,0,0,0,0
134437221,1,0,0,0,0,0,0,0,0,0
134437286,1,1,0,0,1,1,0,1,0,0
134437428,0,0,0,0,0,0,0,0,0,0
134437436,1,0,0,0,0,0,0,0,0,0
134438098,1,1,1,1,1,1,0,1,0,0
134438434,1,1,0,0,0,1,0,0,0,0
134439131,0,0,0,0,0,0,0,0,0,0
134439168,1,0,0,1,1,1,0,0,0,0
134439212,0,0,0,0,0,0,0,0,0,0
134439218,1,0,0,1,1,1,0,1,0,0
134439233,0,0,0,0,0,0,0,0,0,0
134439251,1,1,0,0,0,1,0,0,0,0
134439263,1,0,0,1,1,1,0,1,0,0
134439284,0,0,0,0,0,0,0,0,0,0
134439296,0,0,0,0,0,0,0,0,0,0
134440094,0,0,0,0,0,0,0,0,0,0
134440189,1,1,0,0,0,0,0,0,0,0
134440541,1,0,0,0,0,0,0,0,0,0
134440650,1,0,0,0,0,0,0,0,0,0
134440681,1,0,0,0,0,0,0,0,0,0
134440704,0,0,0,0,0,0,0,0,0,0
134440715,1,0,1,0,0,0,0,0,0,0
134440720,1,0,1,0,0,0,0,0,0,0
134440737,0,0,0,0,0,0,0,0,0,0
134440829,1,1,0,0,0,0,0,0,0,0
134440854,0,0,0,0,0,0,0,0,0,0
134440878,1,0,0,1,1,1,0,1,1,1
134441013,1,1,0,1,0,1,0,1,0,0
134441378,1,1,0,0,0,1,0,1,0,0
134441385,1,1,0,0,0,1,0,0,0,0
134441394,0,0,0,0,0,0,0,0,0,0
134441453,1,0,0,0,0,0,0,0,0,0
134441465,1,0,0,1,1,0,0,1,0,1
134441516,1,0,0,1,1,1,0,0,1,0
134441525,1,0,0,0,0,1,0,0,0,0
134441610,1,0,0,1,1,0,0,1,0,1
134441860,0,0,0,0,0,0,0,0,0,0
134441901,1,0,0,0,0,0,0,0,0,0
134442211,1,0,0,0,0,0,0,0,0,0
134442226,0,0,0,0,0,0,0,0,0,0
134442373,1,0,0,0,0,0,0,0,0,1
134442394,1,0,0,0,0,0,0,1,0,0
134442449,1,0,0,1,1,1,0,1,1,1
134442478,1,0,0,1,1,1,0,1,1,0
134442538,1,0,0,1,1,1,1,1,1,1
134442565,1,0,0,0,0,0,0,0,0,0
134442718,1,0,0,0,0,1,0,0,0,0
134443049,1,0,0,0,0,0,0,0,0,0
134443115,0,0,0,0,0,0,0,0,0,0
134443135,1,1,0,0,0,0,0,0,0,0
134443195,1,0,0,0,0,1,0,0,0,1
134443338,1,0,0,0,0,0,0,0,0,0
134443503,1,1,0,0,1,1,1,1,1,1
134443617,1,0,0,0,0,1,0,0,0,0
134443739,1,0,0,1,0,1,0,0,0,0
134443897,1,0,0,1,1,1,0,0,0,0
134443984,1,0,1,1,0,1,0,0,0,0
134444098,1,1,0,1,1,1,0,0,1,0
134444271,1,0,0,0,0,0,0,0,1,0
134444455,1,1,0,1,1,0,0,0,0,0
134444785,1,0,0,0,0,0,0,0,0,0
134444811,1,1,0,0,0,1,0,1,0,0
134444833,1,0,0,0,0,0,0,0,1,1
134444864,1,1,0,0,0,0,0,0,0,0
134445188,1,0,0,0,0,0,0,0,0,0
134445273,1,1,0,0,0,0,0,0,0,0
134445339,1,1,0,0,0,0,0,0,0,0
134445680,1,0,0,1,0,1,0,0,0,0
134445724,1,0,0,0,0,0,0,0,0,0
134445806,1,0,0,0,0,0,0,0,0,0
134445873,1,1,0,0,0,1,0,1,0,0
134445982,1,0,0,0,0,0,0,0,0,0
134445986,1,0,0,1,1,0,0,1,0,0
134445995,1,0,0,1,1,0,0,1,0,0
134446009,1,0,0,0,0,0,0,0,0,0
134446043,1,0,0,1,1,0,0,1,0,0
134446138,1,0,0,0,0,1,0,1,0,1
134446185,1,1,0,0,0,0,0,0,1,0
134446303,1,0,0,0,0,0,0,0,0,0
134446406,1,1,0,0,0,0,0,0,0,0
134446408,1,0,0,1,1,1,0,0,0,0
134446426,0,0,0,0,0,0,0,0,0,0
134446588,0,0,0,0,0,0,0,0,0,0
134446790,1,1,0,1,1,1,0,0,1,0
134446849,1,0,0,1,1,0,0,0,0,0
134447155,0,0,0,0,0,0,0,0,0,0
134447221,1,1,0,0,0,0,0,0,0,0
134447276,1,0,0,0,0,0,0,0,1,1
134447404,1,1,0,0,0,0,0,0,0,0
134447425,0,0,0,0,0,0,0,0,0,0
134447492,1,0,0,0,0,1,0,0,0,0
134447496,1,1,0,0,0,1,0,0,0,0
134447745,1,0,0,0,0,0,0,1,0,0
134447924,1,0,0,0,0,1,0,0,0,0
134447958,0,0,0,0,0,0,0,0,0,0
134447960,1,0,1,0,0,0,0,0,0,0
134447970,1,0,0,0,0,1,0,0,0,0
134447987,0,0,0,0,0,0,0,0,0,0
134447995,1,1,1,0,0,1,0,0,0,0
134448035,1,0,0,0,0,0,0,0,0,0
134448164,0,0,0,0,0,0,0,0,0,0
134448324,1,0,1,0,0,1,0,0,0,0
134448459,0,0,0,0,0,0,0,0,0,0
134448609,1,0,0,0,0,0,0,0,0,0
134448694,0,0,0,0,0,0,0,0,0,0
134448703,1,1,0,1,0,1,0,0,0,0
134448953,1,0,0,0,0,0,0,0,0,0
134449148,1,0,0,0,0,0,0,0,0,0
134449265,1,0,0,0,0,0,0,0,0,0
134449366,1,0,0,1,0,1,0,0,0,0
134449640,1,0,1,0,0,1,0,0,0,0
134449652,1,1,0,0,0,1,0,1,0,0
134449869,1,1,0,0,0,0,0,0,0,0
134450200,1,1,0,1,0,0,0,0,0,0
134450205,0,0,0,0,0,0,0,0,0,1
134450217,0,0,0,0,0,0,0,0,0,0
134450304,1,0,0,0,0,0,0,0,0,0
134450307,1,0,0,0,1,1,0,0,0,0
134450342,0,0,0,0,0,0,0,0,0,0
134450379,1,1,0,0,0,1,0,0,0,0
134450460,1,0,0,0,0,0,0,0,0,0
134450468,0,0,0,0,0,0,0,0,0,0
134450718,1,0,0,0,0,0,0,0,0,1
134450947,1,0,0,0,0,0,0,0,0,0
134451127,1,0,0,0,0,0,0,0,0,0
134451192,1,0,0,0,0,0,0,0,0,0
134451208,1,0,0,0,0,0,0,0,0,0
134451512,0,0,0,0,0,0,0,0,0,0
134451761,1,1,1,1,0,1,0,0,0,0
134451873,1,0,0,0,0,1,0,0,0,0
134452148,1,0,0,0,0,0,0,0,0,0
134452237,1,0,0,0,0,0,0,0,0,0
134452319,1,0,0,0,0,1,0,0,0,0
134452335,1,1,1,0,0,0,0,0,0,0
134452371,0,0,0,0,0,0,0,0,0,0
134452458,1,0,0,0,0,0,0,0,0,0
134452481,1,0,0,0,0,0,0,0,0,0
134453123,1,0,0,1,0,1,0,0,0,0
134453126,1,0,0,0,0,0,0,0,0,0
134453134,1,0,0,0,0,0,0,0,0,0
134453281,1,0,0,0,0,0,0,0,0,0
134453421,1,0,0,0,0,0,0,0,0,0
134453911,1,0,1,0,0,1,0,0,0,0
134454120,1,0,0,1,1,0,1,0,0,1
134454135,1,0,0,0,0,0,0,0,0,0
134454254,1,0,0,0,0,0,0,0,0,0
134454349,1,1,0,0,0,0,0,0,0,0
134455094,1,0,0,0,0,1,0,0,0,0
134455104,1,1,0,0,0,0,0,0,0,0
134455151,0,0,0,0,0,0,0,0,0,0
134455360,0,0,0,0,0,0,0,0,0,0
134455811,1,0,0,0,0,0,0,0,0,0
134455881,1,1,0,1,0,0,0,0,0,0
134455990,0,0,0,0,0,0,0,0,0,0
134456027,1,0,0,1,1,0,0,0,0,1
134456028,0,0,0,0,0,0,0,0,0,0
134456042,1,0,0,0,0,1,0,0,0,1
134456044,1,0,0,0,0,1,0,0,0,1
134456053,1,0,0,0,0,1,0,0,0,1
134456056,1,0,0,0,0,1,0,0,0,1
134456058,1,0,0,0,0,1,0,0,0,1
134456063,1,0,0,0,0,1,0,0,0,1
134456097,0,0,0,0,0,0,0,0,0,0
134456250,1,0,0,0,0,0,0,0,0,0
134456432,1,0,0,0,0,1,0,0,0,0
134456517,1,0,0,0,0,0,0,0,0,0
134456538,1,1,1,0,1,1,0,1,0,1
134456554,1,1,0,0,0,0,0,0,0,0
134456565,0,0,0,0,0,0,0,0,0,0
134456591,1,0,0,0,0,0,0,0,0,0
134456592,1,1,1,0,0,1,0,0,0,0
134456685,1,0,0,1,1,0,0,0,0,0
134456939,0,0,0,0,0,0,0,0,0,0
134457157,1,1,0,0,0,1,0,0,0,0
134457213,1,0,0,0,0,0,0,0,0,0
134457237,1,0,1,1,0,0,0,0,0,0
134457241,1,0,0,0,0,0,0,0,0,0
134457264,1,0,0,1,1,0,0,0,0,1
134457455,1,0,0,0,0,0,0,0,0,0
134457502,0,0,0,0,0,0,0,0,0,0
134457522,1,0,0,0,0,0,0,0,0,0
134457641,1,0,0,0,0,1,0,0,0,0
134457643,0,0,0,0,0,0,0,0,0,0
134457740,1,1,0,0,0,1,0,0,0,0
134457746,0,0,0,0,0,0,0,0,0,0
134457752,1,0,0,0,0,0,0,0,0,0
134457794,1,0,0,1,0,1,0,0,0,0
134457832,1,1,0,1,1,1,0,0,0,0
134457896,1,0,0,0,0,1,0,0,0,0
134457952,1,0,1,1,0,1,0,1,0,1
134457955,1,1,0,0,0,0,0,1,0,0
134457962,1,1,0,0,0,0,0,0,0,0
134457970,1,1,0,0,0,0,0,0,0,0
134457974,1,0,0,0,0,0,0,0,0,0
134458107,1,0,0,0,0,0,0,0,0,0
134458239,1,0,0,0,0,0,0,0,0,0
134458362,1,1,0,1,1,1,0,0,0,0
134458386,1,0,0,0,0,0,0,0,0,0
134458421,1,0,0,0,1,0,1,0,0,0
134458451,1,0,0,0,0,0,0,1,0,0
134458499,1,1,1,1,0,0,0,0,0,1
134458568,0,0,0,0,0,0,0,0,0,0
134458606,1,1,0,0,0,1,0,1,0,0
134458685,1,0,0,0,0,0,0,0,0,0
134458942,0,0,0,0,0,0,0,0,0,0
134459061,0,0,0,0,0,0,0,0,0,0
134459102,0,0,0,0,0,0,0,0,0,0
134459136,1,0,0,1,1,1,0,0,0,0
134459160,0,0,0,0,0,0,0,0,0,0
134459164,1,0,0,0,0,0,0,0,0,0
134459225,1,0,0,0,0,0,0,0,0,0
134459310,1,0,0,1,1,1,1,0,0,0
134459979,1,0,0,0,0,0,0,0,0,0
134460118,0,0,0,0,0,0,0,0,0,0
134460168,1,1,1,1,0,0,0,1,0,0
134460392,1,0,0,0,0,1,0,0,0,0
134460520,1,0,0,0,0,0,0,0,0,0
134460751,1,0,0,0,0,0,0,0,0,0
134460753,1,0,0,0,0,1,0,1,0,0
134460808,1,1,0,0,0,1,0,0,0,0
134460825,1,0,0,0,0,0,0,0,0,0
134460866,1,1,0,1,1,0,0,0,0,0
134461132,1,0,0,0,0,1,0,0,0,0
134461183,1,0,1,0,0,0,0,0,0,0
134461850,1,1,0,1,1,1,0,0,0,0
134461876,1,0,0,0,0,0,0,0,0,0
134461903,1,0,0,0,0,0,0,1,0,0
134462093,1,0,0,0,0,0,0,0,0,0
134462312,1,0,0,0,0,0,0,0,0,0
134462440,1,1,0,0,0,0,0,0,0,0
134462461,1,0,0,0,0,0,0,0,0,0
134462647,1,0,0,1,0,1,0,0,0,0
134462761,1,0,0,0,0,1,0,0,0,0
134462858,1,0,0,0,0,0,0,0,0,0
134462986,1,1,1,0,0,0,0,0,0,0
134463119,1,0,1,1,1,1,1,1,1,1
134463447,1,0,0,0,0,0,0,0,0,0
134463460,1,0,0,0,0,0,0,0,0,0
134463544,0,0,0,0,0,0,0,0,0,0
134463555,1,1,0,0,0,0,0,0,0,0
134463639,1,1,0,0,0,0,0,0,0,0
134463721,1,0,0,0,0,0,0,0,0,0
134463756,1,0,0,0,0,1,0,1,0,0
134463818,1,0,0,0,0,0,0,0,0,0
134463849,1,1,0,0,0,1,0,0,0,0
134464226,1,0,0,0,0,0,0,0,0,0
134464235,1,0,0,0,0,0,0,0,0,0
134464279,1,0,0,0,0,0,0,0,0,0
134464287,1,0,0,0,0,0,0,0,0,0
134464314,1,1,0,1,1,1,0,0,0,0
134464543,1,1,0,0,0,0,0,0,0,0
134464579,1,1,0,1,1,0,1,0,0,1
134464772,0,0,0,0,0,0,0,0,0,0
134464872,1,0,0,0,0,0,0,0,0,1
134464965,1,0,0,0,0,1,0,0,0,0
134465128,0,0,0,0,0,0,0,0,0,0
134465179,1,1,0,0,1,0,0,0,0,0
134465760,0,0,0,0,0,0,0,0,0,0
134465784,1,0,0,1,1,0,0,1,0,1
134465935,1,1,0,0,0,0,0,0,0,0
134466074,0,0,0,0,0,0,0,0,0,0
134466144,1,0,0,0,0,1,0,0,0,0
134466167,1,0,0,0,0,0,0,0,0,0
134466188,1,0,1,1,1,1,0,0,1,0
134466205,1,1,0,0,0,0,0,0,0,1
134466839,1,0,0,0,0,1,0,0,0,0
134467002,0,0,0,0,0,0,0,0,0,0
134467476,1,0,1,0,0,0,0,0,0,0
134467500,1,1,0,0,1,1,0,1,0,0
134467509,1,1,0,0,0,0,0,0,0,0
134468284,1,0,0,0,0,0,0,0,0,0
134468579,1,0,0,0,0,0,0,0,0,0
134468712,1,0,0,1,1,1,0,1,0,0
134468722,1,0,0,0,0,0,0,0,0,0
134468766,1,0,0,0,0,0,0,0,0,0
134468795,0,0,0,0,0,0,0,0,0,0
134468875,1,0,0,0,0,1,0,1,0,0
134468983,1,0,0,0,0,0,0,0,0,0
134469376,1,0,0,0,0,0,0,1,0,0
134469420,1,0,0,0,0,0,0,0,0,0
134469436,1,1,0,0,0,0,0,0,0,0
134469490,1,0,0,0,0,0,0,0,0,0
134469498,1,0,0,1,1,0,0,0,1,0
134469575,1,0,0,0,0,0,0,0,0,0
134469605,1,0,0,0,0,0,0,0,0,0
134469611,1,0,0,0,0,0,0,0,0,0
134469665,1,1,0,0,0,0,0,0,0,0
134469716,1,0,0,0,0,0,0,0,0,0
134469742,1,0,0,0,0,0,0,0,0,0
134469844,1,0,0,0,0,0,0,0,0,0
134470164,1,0,0,0,0,1,0,0,0,0
134470545,1,0,0,1,0,1,0,0,0,0
134470633,1,0,0,0,0,0,0,0,0,0
134471066,1,0,0,0,0,0,0,0,0,0
134471165,1,0,0,0,0,0,0,0,0,0
134471380,1,1,0,1,1,0,1,0,0,0
134471569,1,0,0,0,0,0,0,0,0,0
134471669,1,0,0,0,0,0,0,0,0,0
134471771,1,0,0,0,0,0,0,0,0,0
134471897,1,0,0,0,0,0,0,0,0,0
134471995,1,0,0,0,0,1,0,0,0,0
134472536,0,0,0,0,0,0,0,0,0,0
134472715,1,0,0,0,0,0,0,0,0,0
134472777,1,1,0,0,0,0,0,0,0,0
134472822,1,0,0,0,0,0,0,0,0,0
134472830,1,0,0,0,0,0,0,0,0,0
134472922,1,0,0,1,1,1,0,0,0,0
134473031,1,1,0,0,1,1,0,1,0,1
134473565,1,0,0,0,0,0,0,0,0,0
134474091,0,0,0,0,0,0,0,0,0,0
134474094,1,0,0,0,0,1,0,0,0,0
134474137,1,1,1,1,0,1,0,0,0,0
134474310,1,0,0,1,1,0,0,0,0,0
134474454,1,0,0,0,0,1,0,0,0,0
134474990,1,0,0,0,0,1,0,0,0,0
134475146,1,0,0,0,0,0,0,0,0,0
134475162,0,0,0,0,0,0,0,0,0,0
134475174,1,1,0,1,1,0,0,0,0,0
134475227,1,0,0,0,0,1,0,0,0,0
134475308,1,0,1,0,0,0,0,0,0,0
134475349,0,0,0,0,0,0,0,0,0,0
134475353,1,0,0,0,0,0,0,0,0,0
134475780,1,0,0,0,0,1,0,0,0,0
134475914,1,1,0,1,1,1,0,0,0,0
134476042,1,0,1,0,0,0,0,0,0,0
134476052,1,0,0,0,1,0,0,0,0,0
134476093,0,0,0,0,0,0,0,0,0,0
134476098,1,0,0,1,1,1,0,0,0,0
134476104,1,0,0,0,0,1,0,0,0,1
134476175,1,0,1,0,0,0,0,0,0,0
134476555,0,0,0,0,0,0,0,0,0,0
134476724,1,1,0,0,1,1,0,0,0,0
134477002,1,1,0,0,0,0,0,0,0,0
134477158,0,0,0,0,0,0,0,0,0,0
134477257,1,0,0,1,1,1,0,1,0,0
134477479,1,0,0,0,0,0,0,0,0,0
134477500,1,0,0,0,0,0,0,0,0,0
134477662,1,0,0,0,0,0,0,0,0,0
134477769,0,0,0,0,0,0,0,0,0,0
134477829,1,1,0,0,0,0,0,0,0,0
134478046,1,0,0,0,0,0,0,0,0,0
134478205,1,0,0,0,0,1,0,0,0,0
134478247,1,1,0,0,0,0,0,0,0,0
134478252,1,1,0,0,0,0,0,0,0,0
134478486,1,1,0,0,0,0,0,0,0,0
134478694,1,0,0,0,0,0,0,0,0,0
134479677,1,0,0,0,0,1,0,0,0,0
134479695,1,0,0,0,0,0,0,0,0,0
134479724,1,0,1,1,0,0,0,1,1,1
134480348,0,0,0,0,0,0,0,0,0,0
134480452,0,0,0,0,0,0,0,0,0,0
134480526,0,0,0,0,0,0,0,0,0,0
134480625,0,0,0,0,0,0,0,0,0,0
134480778,0,0,0,0,0,0,0,0,0,0
134480937,1,0,0,0,0,1,0,0,0,0
134480963,1,0,0,0,0,1,0,0,0,0
134481043,0,0,0,0,0,0,0,0,0,0
134481048,1,0,0,1,1,0,0,0,1,0
134481098,1,0,0,0,0,0,0,0,0,0
134481122,1,0,0,1,1,0,0,0,0,0
134481167,1,0,0,0,0,1,0,0,0,0
134481280,0,0,0,0,0,0,0,0,0,0
134481539,1,0,0,0,0,0,0,0,0,0
134481607,1,0,0,0,0,0,0,0,0,0
134481716,1,0,0,0,0,0,0,0,0,0
134481752,1,0,0,0,0,0,0,0,0,0
134481873,1,0,0,0,0,0,0,0,0,0
134481954,1,0,0,0,0,0,0,0,0,0
134482012,1,0,0,0,0,0,0,0,0,0
134482014,1,0,0,0,0,0,0,0,0,0
134482086,1,0,0,0,0,0,0,0,0,0
134482113,1,0,1,0,0,0,0,0,0,0
134482257,1,1,0,0,0,0,0,0,0,0
134482294,0,0,0,0,0,0,0,0,0,0
134482345,1,1,1,1,1,0,0,0,0,0
134482520,1,1,0,0,0,0,0,0,0,0
134482600,1,0,0,0,0,0,0,0,0,0
134482616,1,0,0,0,0,0,0,0,0,0
134482694,0,0,0,0,0,0,0,0,0,0
134482715,1,0,0,0,0,0,0,0,0,0
134482899,0,0,0,0,0,0,0,0,0,0
134482959,1,0,1,0,0,0,0,0,0,0
134483201,1,0,0,0,0,1,0,0,0,0
134483238,1,0,0,0,0,0,0,0,0,0
134483286,0,1,0,0,0,0,0,0,0,0
134483425,1,0,0,0,0,1,0,0,0,0
134483433,0,0,0,0,0,0,0,0,0,0
134483458,1,0,0,0,0,0,0,0,0,0
134483481,1,0,0,0,0,1,0,0,0,0
134483499,1,0,0,0,0,0,0,0,0,0
134483579,1,1,0,0,0,0,0,0,0,0
134483587,1,0,0,0,0,0,0,0,0,0
134483621,0,0,0,0,0,0,0,0,0,0
134483845,1,0,0,0,0,0,0,0,0,0
134483851,0,0,0,0,0,0,0,0,0,0
134483890,1,0,0,0,0,0,0,0,0,0
134483919,1,0,1,1,1,0,1,0,1,1
134483924,1,1,0,0,1,1,0,1,1,0
134483998,1,0,0,0,0,0,0,0,0,0
134484010,1,0,0,1,1,0,1,0,0,0
134484048,1,0,0,0,0,0,0,0,0,0
134484097,1,0,0,1,0,0,0,0,0,0
134484102,1,1,0,0,0,1,0,0,0,0
134484199,1,1,0,1,1,1,1,1,0,0
134484268,1,0,0,0,0,0,0,0,0,0
134484349,1,0,0,0,0,0,0,0,0,0
134484460,0,0,0,0,0,0,0,0,0,0
134484475,1,0,0,0,0,0,0,0,0,0
134484486,1,1,0,0,0,0,0,0,0,0
134484504,1,0,0,0,0,0,0,0,0,0
134484542,1,1,0,0,0,0,0,0,0,0
134484554,1,0,0,1,1,0,1,0,0,0
134484602,1,0,1,1,0,0,0,1,1,1
134484663,0,0,0,0,0,0,0,0,0,0
134484690,1,0,0,1,1,1,0,0,0,0
134484710,1,1,0,0,0,0,0,1,0,0
134484771,1,0,0,0,0,0,0,0,0,0
134484843,1,0,0,0,0,1,0,0,0,0
134484871,0,0,0,0,0,0,0,0,0,0
134484875,1,0,0,1,1,1,0,1,1,0
134484890,1,1,0,1,1,1,0,0,0,0
134484916,1,0,0,1,1,1,0,1,1,0
134484941,0,0,0,0,0,0,0,0,0,0
134485061,0,0,0,0,0,0,0,0,0,0
134485079,1,1,0,0,0,1,1,0,0,0
134485084,1,1,0,0,0,0,0,0,1,0
134485156,1,0,0,0,0,1,0,0,1,0
134485183,1,1,0,0,0,0,0,0,0,0
134485235,1,1,0,0,0,0,0,0,0,0
134485239,1,1,0,0,0,1,0,0,1,0
134485246,0,0,0,0,0,1,0,0,0,0
134485271,1,0,0,0,0,0,0,1,1,0
134485282,0,0,0,0,0,0,0,0,0,0
134485288,1,1,0,0,0,0,0,0,1,0
134485301,1,0,0,1,1,0,0,0,0,0
134485367,1,0,0,0,0,0,0,0,0,0
134485369,1,0,1,0,0,0,0,0,0,0
134485491,1,0,0,0,0,0,0,0,0,0
134485541,1,0,0,0,0,0,0,0,0,0
134485584,1,0,0,0,0,0,0,0,0,0
134485903,1,0,0,0,0,0,0,0,1,1
134486034,0,0,0,0,0,0,0,0,0,0
134486243,1,0,0,0,0,0,0,0,1,1
134486265,1,1,0,1,1,0,0,1,0,0
134486271,1,0,1,1,1,0,1,0,1,1
134486279,0,0,0,0,0,0,0,0,0,0
134486305,1,0,0,1,1,1,0,0,0,0
134486321,1,1,0,0,0,0,0,0,0,0
134486584,1,1,0,1,1,1,0,1,1,0
134486711,1,1,1,0,0,1,0,0,0,0
134486721,1,1,0,0,0,1,0,0,0,0
134486744,1,0,0,1,0,1,0,0,0,0
134486747,1,1,0,0,0,1,0,0,0,0
134486896,1,0,0,0,0,1,0,0,0,0
134487011,1,0,0,0,0,0,0,0,0,0
134487220,1,0,0,0,0,0,0,0,0,0
134487233,1,0,0,0,0,0,0,0,0,0
134487240,1,0,1,0,0,0,0,0,1,1
134487285,1,0,0,0,0,1,0,0,0,0
134487417,1,0,0,0,0,0,0,0,0,0
134487473,1,0,0,0,0,0,0,0,0,0
134487485,1,1,0,0,0,0,0,0,0,0
134487493,1,0,0,0,0,1,0,0,0,0
134487535,1,0,0,0,0,0,0,0,0,0
134487539,1,1,0,1,1,1,0,1,0,0
134487598,1,1,0,1,1,1,0,0,0,0
134487610,1,0,0,1,1,1,0,0,0,0
134487655,1,0,0,0,0,0,0,0,0,0
134487664,1,0,0,1,1,0,1,0,0,1
134487672,1,0,0,1,1,0,0,0,1,1
134487687,1,0,0,0,0,1,0,1,0,0
134487730,1,0,0,1,1,0,1,0,1,1
134487752,0,0,0,0,0,0,0,0,0,0
134487970,1,0,0,0,0,0,0,0,0,0
134488115,1,1,0,0,0,0,0,0,1,0
134488157,1,1,0,0,0,0,0,0,0,0
134488183,0,0,0,0,0,0,0,0,0,0
134488190,1,1,0,0,0,0,0,0,0,0
134488204,1,0,0,0,0,0,0,0,0,0
134488242,1,0,0,1,1,1,0,1,0,1
134488324,1,0,0,0,0,0,0,0,0,0
134488360,1,0,0,0,0,0,0,0,0,1
134488426,1,0,0,0,0,0,0,1,1,1
134488583,1,1,0,0,0,1,0,1,0,0
134488588,0,0,0,0,0,0,0,0,0,0
134488627,0,0,0,0,0,0,0,0,0,0
134488854,1,0,0,1,1,0,0,0,1,0
134488986,1,1,0,1,1,1,0,0,0,1
134488994,1,0,0,0,0,0,0,0,0,0
134489073,1,0,0,1,1,0,1,0,1,1
134489190,0,0,0,0,0,0,0,0,0,0
134489202,1,0,0,0,0,1,0,0,0,0
134489254,1,0,0,0,0,1,0,0,0,0
134489281,1,1,0,0,0,0,0,0,0,0
134489283,1,0,0,0,0,0,0,0,0,0
134489350,0,0,0,0,0,0,0,0,0,0
134489398,1,1,0,0,0,1,0,0,0,0
134489401,1,0,0,0,0,1,0,1,0,0
134489437,0,0,0,0,0,0,0,0,0,0
134489463,1,0,1,1,1,1,0,0,1,0
134489466,1,0,0,0,0,0,0,0,1,0
134489762,1,0,0,0,0,1,0,0,0,0
134489778,0,0,0,0,0,0,0,0,0,0
134489783,1,0,1,0,0,0,0,0,0,1
134489792,1,1,0,0,0,1,0,0,0,0
134489813,1,0,1,1,1,1,0,0,1,0
134489850,0,0,0,0,0,0,0,0,0,0
134489860,1,0,0,0,0,0,0,0,0,0
134489920,1,1,0,0,0,1,0,0,0,0
134489997,1,0,0,0,0,0,0,0,0,0
134490023,0,1,0,0,0,0,0,0,0,0
134490042,0,0,0,0,0,0,0,0,0,0
134490072,0,0,0,0,0,0,0,0,0,0
134490106,1,0,0,0,0,0,0,1,0,0
134490153,1,0,0,0,0,0,0,0,0,0
134490221,1,0,0,0,0,0,0,0,0,0
134490334,1,0,0,0,0,0,0,0,0,0
134490405,1,0,0,0,0,0,0,0,0,0
134490664,1,1,0,1,0,0,0,0,0,0
134490798,1,1,0,1,1,0,0,0,0,0
134490867,1,0,0,1,0,0,0,1,0,0
134490962,0,0,0,0,0,0,0,0,0,0
134491015,1,1,0,1,0,0,0,0,0,0
134491300,1,1,1,1,1,1,0,1,1,0
134491348,1,0,0,0,0,0,0,0,0,0
134491395,1,0,0,0,0,0,0,0,0,1
134491456,1,0,0,1,1,1,0,0,0,0
134491478,1,0,0,1,0,1,0,0,0,0
134491554,1,0,0,0,0,1,0,0,0,0
134491602,0,0,0,0,0,0,0,0,0,0
134491632,1,0,0,0,0,1,0,0,0,0
134491706,1,0,0,0,0,0,0,0,0,0
134491984,0,0,0,0,0,0,0,0,0,0
134492085,1,0,0,0,0,0,0,0,0,0
134492195,0,0,0,0,0,0,0,0,0,0
134492339,1,0,0,0,0,1,0,0,0,0
134492368,1,0,0,0,0,0,0,0,0,0
134492385,1,0,0,1,1,0,1,0,1,1
134492457,1,0,0,0,0,0,0,0,0,0
134492524,1,0,0,0,0,1,0,0,0,0
134492568,1,1,0,0,0,0,0,0,0,0
134492598,1,1,0,0,0,0,0,0,0,0
134492828,1,0,1,0,0,0,0,0,0,1
134493138,1,0,0,0,0,0,0,0,0,0
134493183,1,0,0,0,0,0,0,0,0,0
134493213,1,0,0,0,1,1,0,0,0,0
134493245,1,0,0,0,0,0,0,0,0,0
134493299,1,1,1,0,0,0,0,0,0,0
134493345,1,0,0,0,0,1,0,0,0,0
134493432,0,0,0,0,0,0,0,0,0,0
134493481,0,0,0,0,0,0,0,0,0,0
134493618,1,0,0,0,0,0,0,0,0,0
134493706,1,0,0,0,0,0,0,0,0,0
134493897,1,0,0,0,0,0,0,0,0,0
134493910,1,0,0,0,0,0,0,0,0,0
134494015,0,0,0,0,0,0,0,0,0,0
134494017,1,1,0,0,0,0,0,0,0,0
134494054,1,0,0,0,0,0,0,0,0,0
134494072,0,0,0,0,0,0,0,0,0,0
134494115,1,1,0,0,1,0,0,0,0,1
134494149,1,0,0,0,0,0,0,0,0,1
134494225,1,1,0,0,0,1,0,0,0,0
134494252,1,1,0,0,0,0,0,0,0,0
134494283,1,1,1,0,1,1,0,1,0,1
134494416,1,1,0,0,0,1,0,0,0,0
134494421,0,0,0,0,0,0,0,0,0,0
134494550,1,1,0,0,0,1,0,0,0,0
134494568,1,0,0,0,0,0,0,0,0,1
134494617,1,1,0,1,1,0,0,0,0,0
134494644,1,0,0,0,0,0,0,0,0,0
134494930,1,1,0,0,0,1,0,0,0,0
134495229,1,0,0,0,0,0,0,0,0,0
134495436,1,1,0,0,0,0,0,0,0,0
134495504,1,0,0,0,0,0,0,0,0,0
134495618,1,0,0,0,0,1,0,0,0,0
134495641,1,0,0,0,0,0,0,0,0,0
134495671,1,0,0,1,1,1,0,0,0,0
134495786,1,0,0,1,1,0,0,0,0,0
134495823,0,0,0,0,0,0,0,0,0,0
134495950,0,0,0,0,0,0,0,0,0,0
134496029,1,0,0,0,0,0,0,0,0,0
134496058,1,0,0,1,1,1,0,0,0,0
134496200,1,0,0,1,1,0,0,0,0,0
134496293,1,0,0,0,0,1,0,0,0,0
134496384,1,0,0,0,0,0,0,0,0,0
134496491,1,0,0,1,1,1,0,0,0,0
134496733,0,0,0,0,0,0,0,0,0,0
134496825,1,1,1,1,1,0,0,0,0,0
134497478,1,0,0,0,0,0,0,0,0,0
134497737,1,0,0,0,0,0,0,0,0,0
134497995,1,0,0,0,0,1,0,0,0,0
134498027,1,0,0,0,0,1,0,0,0,0
134498356,1,1,0,0,0,0,0,0,0,0
134498478,1,0,0,0,0,1,0,0,0,0
134498607,0,0,0,0,0,0,0,0,0,0
134498652,1,0,0,0,0,0,0,0,0,0
134498673,1,0,0,0,0,0,0,0,0,0
134498727,1,0,0,0,0,0,0,0,1,1
134498830,1,0,0,1,1,1,0,0,1,1
134498993,1,0,0,0,0,0,0,0,0,0
134499085,1,0,0,0,0,0,0,0,0,0
134499110,1,1,0,1,1,1,0,1,0,0
134499187,0,0,0,0,0,0,0,0,0,0
134499223,1,0,1,0,0,0,0,0,0,0
134499236,1,1,0,1,1,1,0,1,0,0
134499319,1,0,0,0,0,0,0,0,0,0
134499331,1,0,0,0,0,0,0,0,0,0
134499393,1,0,0,1,1,0,0,0,0,1
134499423,1,0,0,0,0,1,0,0,0,0
134499431,1,1,0,0,0,0,0,0,0,0
134499486,0,0,0,0,0,0,0,0,0,0
134499488,1,1,0,0,0,0,0,0,0,0
134499732,1,1,0,0,0,0,0,0,0,0
134499743,1,0,0,1,0,1,0,0,0,0
134499835,0,0,0,0,0,0,0,0,0,0
134499974,1,0,0,0,0,0,0,0,0,0
134500119,1,0,0,0,0,0,0,0,0,0
134500121,1,1,1,0,0,0,0,1,0,0
134500457,1,0,0,0,0,0,0,0,0,1
134500468,1,1,1,0,1,1,0,1,0,1
134500490,1,0,0,0,0,0,0,0,0,0
134500524,1,0,0,1,1,1,0,0,0,0
134500526,1,0,0,0,0,1,0,0,0,0
134500537,1,0,0,0,0,0,0,0,0,0
134500544,1,0,0,0,0,0,0,0,0,0
134500547,1,0,0,0,0,0,0,0,0,0
134500788,1,1,0,0,0,1,0,0,0,0
134500789,1,0,0,0,1,0,0,1,1,1
134500823,1,0,0,0,0,0,0,0,0,0
134500860,0,0,0,0,0,0,0,0,0,0
134500900,1,1,0,0,0,0,0,0,0,0
134500904,1,0,0,0,0,0,0,0,1,0
134500908,1,1,0,1,0,1,0,0,0,0
134500955,1,1,0,0,0,1,0,0,0,0
134500970,0,0,0,0,0,0,0,0,0,0
134501158,1,0,0,0,0,0,0,0,0,0
134501168,1,1,0,0,0,0,0,0,0,0
134501182,1,0,0,0,0,1,0,0,0,0
134501270,0,0,0,0,0,0,0,0,0,0
134501334,1,0,0,0,0,0,0,0,0,0
134501342,1,1,0,1,1,1,0,0,0,0
134501350,1,0,0,0,1,0,0,0,0,0
134501404,1,0,0,0,0,0,0,0,0,0
134501423,1,0,0,0,0,1,0,0,0,0
134501440,1,0,0,0,0,1,0,0,1,1
134501464,1,1,1,0,0,0,0,1,0,0
134501504,1,0,0,0,0,0,0,0,0,0
134501563,1,0,1,0,0,0,0,0,0,0
134501753,1,0,0,0,0,1,0,0,1,1
134501779,1,0,0,0,0,0,0,0,0,0
134501789,1,0,0,1,1,1,0,0,0,1
134501793,0,0,0,0,0,0,0,0,0,0
134501812,1,1,0,1,1,1,0,1,0,1
134501877,0,0,0,0,0,0,0,0,0,0
134501891,1,0,0,0,0,0,0,0,1,1
134501927,1,0,0,0,0,0,0,0,0,0
134501932,1,1,0,0,0,0,0,0,0,0
134502001,1,0,0,0,0,0,0,0,0,0
134502059,1,0,0,1,0,0,0,0,0,0
134502095,0,0,0,0,0,0,0,0,0,0
134502240,1,0,0,0,0,1,0,0,0,0
134502268,1,1,1,1,1,1,1,1,1,0
134502272,1,0,0,0,0,0,0,0,1,0
134502303,1,0,0,0,0,0,0,0,0,0
134502360,1,0,0,1,0,0,0,0,0,0
134502381,0,0,0,0,0,0,0,0,0,0
134502399,0,0,0,0,0,0,0,0,0,0
134502420,0,0,0,0,0,0,0,0,0,0
134502786,0,0,0,0,0,0,0,0,0,0
134502860,1,0,0,1,1,0,0,0,0,0
134502887,1,1,0,1,1,1,0,0,0,0
134502912,1,1,0,0,0,1,0,0,1,0
134502937,1,1,0,0,0,0,0,0,0,0
134502971,1,0,0,0,0,0,0,0,0,0
134503118,1,0,0,0,0,0,0,0,0,0
134503149,1,0,0,0,0,0,0,1,1,1
134503214,1,0,0,0,0,0,0,0,1,0
134503340,1,1,0,1,1,0,1,0,1,1
134503355,1,1,0,1,1,1,0,1,1,0
134503390,1,1,0,0,0,0,0,0,0,1
134503421,0,0,0,0,0,0,0,0,0,0
134503429,0,0,0,0,0,0,0,0,0,0
134503438,1,0,0,0,0,0,0,0,0,0
134503456,1,1,0,0,0,1,0,0,0,0
134503504,1,0,0,1,1,0,1,0,1,1
134503585,0,0,0,0,0,0,0,0,0,0
134503587,1,0,0,1,1,0,1,0,1,1
134503751,0,0,0,0,0,0,0,0,0,0
134503970,1,0,0,0,0,1,0,0,0,0
134503982,1,1,0,0,0,1,0,0,0,0
134504065,1,1,0,1,1,1,0,1,0,1
134504073,0,0,0,0,0,0,0,0,0,0
134504229,1,0,0,0,0,0,0,0,0,0
134504457,0,0,0,0,0,0,0,0,0,0
134504622,1,1,0,0,1,1,0,0,0,0
134504684,0,0,0,0,0,0,0,0,0,0
134504720,1,0,0,0,0,0,0,0,0,0
134504749,0,0,0,0,0,0,0,0,0,0
134504805,1,0,0,0,0,0,0,0,0,0
134505090,0,0,0,0,0,0,0,0,0,0
134505195,1,0,1,1,1,1,0,1,0,0
134505286,0,0,0,0,0,0,0,0,0,0
134505322,1,1,1,1,1,1,0,1,0,0
134505519,1,0,0,0,0,0,0,0,0,0
134505538,1,0,1,1,1,0,0,0,0,0
134505539,0,0,0,0,0,0,0,0,0,0
134505551,1,0,0,0,0,0,0,0,1,0
134505559,1,1,1,1,1,1,0,1,0,1
134505815,0,0,0,0,0,0,0,0,0,0
134506004,1,0,0,0,0,0,0,0,1,0
134506153,1,0,0,0,0,0,0,0,0,0
134506325,1,0,0,0,0,1,0,0,1,0
134506531,1,0,0,0,0,1,1,0,0,0
134506623,1,1,0,0,0,0,0,0,0,0
134506767,1,0,0,1,1,1,0,1,0,0
134506907,0,0,0,0,0,0,0,0,0,0
134506973,0,0,0,0,0,0,0,0,0,0
134506984,1,0,0,0,0,0,0,0,0,1
134506999,0,0,0,0,0,0,0,0,0,0
134507004,0,0,0,0,0,0,0,0,0,0
134507011,1,0,0,0,0,0,0,0,0,0
134507043,1,1,0,0,0,0,0,0,0,1
134507166,0,0,0,0,0,0,0,0,0,0
134507185,0,0,0,0,0,0,0,0,0,0
134507207,1,0,0,0,0,0,0,0,0,0
134507222,1,1,1,0,0,0,0,0,0,0
134507313,1,0,0,0,0,0,0,0,0,0
134507334,1,0,0,0,0,0,0,0,0,0
134507422,1,0,0,0,0,0,0,0,1,0
134507437,1,0,0,0,0,0,0,0,0,0
134507506,0,0,0,0,0,0,0,0,0,0
134507519,1,0,1,1,1,1,0,0,0,0
134507577,0,0,0,0,0,0,0,0,0,0
134507737,1,0,0,0,0,1,0,1,0,0
134507772,0,0,0,0,0,0,0,0,0,0
134507794,1,0,0,0,0,0,0,0,0,0
134507903,1,0,0,0,0,0,0,0,0,0
134507907,0,0,0,0,0,0,0,0,0,0
134508002,1,1,0,1,1,1,0,0,0,0
134508130,0,0,0,0,0,0,0,0,0,0
134508197,0,0,0,0,0,0,0,0,0,0
134508198,0,0,0,0,0,1,0,0,0,0
134508246,1,0,0,0,0,0,0,0,0,0
134508344,1,0,0,1,1,1,0,1,1,0
134508581,1,1,0,0,0,0,0,0,0,1
134508606,1,0,1,1,0,1,0,0,0,0
134509200,1,0,0,0,0,0,0,0,0,0
134509290,1,1,1,0,0,0,0,0,0,0
134509294,1,0,0,0,0,1,0,0,1,1
134509318,0,0,0,0,0,0,0,0,0,0
134509398,1,0,0,1,1,0,0,0,0,0
134509497,1,1,0,0,0,0,0,0,0,0
134509555,1,1,1,1,1,1,0,1,1,0
134509564,1,1,0,1,1,0,1,1,1,0
134509739,1,1,1,1,1,1,0,1,1,0
134509901,0,0,0,0,0,0,0,0,0,0
134509908,1,0,0,0,0,0,0,0,0,0
134509928,1,0,0,1,0,0,0,0,0,0
134509929,1,1,0,0,0,0,0,0,0,0
134510042,0,0,0,0,0,0,0,0,0,0
134510114,1,1,1,0,0,0,0,0,0,0
134510182,0,0,0,0,0,0,0,0,0,0
134510239,1,0,1,0,0,0,0,0,0,1
134510249,1,0,1,0,0,0,0,0,1,1
134510257,0,0,0,0,0,0,0,0,0,0
134510276,1,0,0,1,1,0,0,0,1,0
134510291,1,0,0,0,0,0,0,0,0,0
134510318,1,1,1,1,1,1,0,1,0,0
134510375,0,0,0,0,0,0,0,0,0,0
134510410,0,0,0,0,0,0,0,0,0,0
134510743,1,1,1,1,1,0,1,0,1,1
134510774,1,0,0,0,0,1,0,0,0,0
134510821,1,1,0,1,1,0,0,1,0,0
134511277,1,1,0,0,0,0,0,0,0,0
134511461,1,0,0,0,1,1,0,1,0,0
134511504,0,0,0,0,0,0,0,0,0,0
134511755,0,0,0,0,0,0,0,0,0,0
134511871,0,0,0,0,0,0,0,0,0,0
134511885,1,0,0,0,0,0,0,0,0,0
134511931,1,1,0,1,1,1,0,0,0,0
134511944,1,1,1,0,0,1,0,0,0,0
134512016,1,0,0,0,0,1,0,0,0,0
134512263,0,0,0,0,0,0,0,0,0,0
134512569,0,0,0,0,0,0,0,0,0,0
134512716,1,0,0,0,0,0,0,0,0,0
134512909,1,0,1,0,0,0,0,0,0,0
134513146,1,0,0,0,0,0,0,0,0,0
134513431,1,0,0,0,0,1,0,0,0,0
134513503,1,0,0,0,0,1,0,0,0,0
134513911,1,0,0,0,0,1,0,0,1,0
134514100,1,0,0,0,0,0,0,1,1,1
134514194,0,0,0,0,0,0,0,0,0,0
134514201,1,1,0,0,0,1,0,1,0,0
134514218,1,0,0,0,0,0,0,0,0,0
134514219,1,0,0,0,0,0,0,1,1,1
134514286,0,0,0,0,0,0,0,0,0,0
134514425,0,0,0,0,0,0,0,0,0,0
134514862,1,1,1,0,0,1,0,0,0,0
134515077,1,0,1,1,1,1,1,0,1,0
134515208,1,0,0,0,0,0,0,0,0,0
134515336,1,1,0,0,0,0,0,0,0,0
134515440,1,0,0,0,0,1,0,0,0,0
134515564,1,1,0,0,0,0,0,0,0,0
134515991,1,0,0,0,0,1,0,0,0,0
134516176,0,0,0,0,0,0,0,0,0,0
134516307,0,0,0,0,0,0,0,0,0,0
134516352,1,0,0,0,0,0,0,0,0,0
134516375,1,1,0,0,0,0,0,0,0,0
134516376,1,0,0,0,0,0,0,0,0,0
134516466,1,1,0,0,0,0,0,0,0,0
134516534,1,0,0,0,0,0,0,0,0,0
134516555,1,0,0,0,0,1,0,0,0,0
134516579,1,0,0,0,0,0,0,0,1,0
134516628,1,1,0,1,1,0,1,0,1,0
134516712,1,0,0,1,0,1,0,0,0,0
134516726,1,0,0,0,0,0,0,1,1,1
134516735,0,0,0,0,0,0,0,0,0,0
134516787,0,0,0,0,0,0,0,0,0,0
134516801,1,0,1,0,0,0,0,0,0,0
134516831,1,0,0,0,0,0,0,1,1,1
134516835,1,0,0,0,0,0,0,0,0,0
134516896,0,0,0,0,0,0,0,0,0,0
134516897,1,0,0,0,0,0,0,0,0,0
134516927,0,0,0,0,0,0,0,0,0,0
134516948,1,1,0,1,1,0,0,1,0,0
134517005,1,0,0,0,0,0,0,0,0,0
134517079,0,0,0,0,0,0,0,0,0,0
134517158,1,0,0,0,0,0,0,1,1,1
134517221,1,0,0,1,1,1,1,0,0,0
134517318,0,0,0,0,0,0,0,0,0,0
134517350,1,0,0,1,1,1,0,0,0,1
134517351,1,0,0,0,0,0,0,0,0,0
134517485,0,0,0,0,0,0,0,0,0,0
134517504,1,0,0,0,0,0,0,1,0,0
134517527,0,0,0,0,0,0,0,0,0,0
134517532,1,0,0,0,0,0,0,1,0,0
134517685,1,0,0,0,0,0,0,0,0,0
134517697,1,1,0,1,0,0,0,0,0,0
134517754,1,0,0,0,0,0,0,0,0,0
134517787,1,1,0,0,0,0,0,0,0,0
134517806,1,0,0,0,0,0,0,0,1,1
134517847,1,0,0,0,0,0,0,1,1,1
134517900,1,0,0,0,0,0,0,1,1,0
134517924,1,0,0,1,1,1,0,0,0,1
134517992,0,0,0,0,0,0,0,0,0,0
134518126,0,0,0,0,0,0,0,0,0,0
134518143,1,0,0,0,0,0,0,0,0,0
134518154,1,0,0,0,0,0,0,0,0,1
134518246,1,0,0,0,0,0,0,0,0,0
134518326,1,1,0,0,0,1,0,0,0,0
134518379,0,0,0,0,0,0,0,0,0,0
134518403,1,0,0,1,1,1,0,0,0,1
134518408,1,0,0,1,1,1,0,1,0,0
134518431,0,0,0,0,0,0,0,0,0,0
134518459,1,0,0,0,0,0,0,0,0,0
134518497,1,1,0,0,0,0,0,0,0,0
134518675,0,0,0,0,0,0,0,0,0,0
134518676,1,1,1,1,0,0,0,0,0,0
134518697,1,0,0,0,0,1,0,0,1,0
134518802,1,0,0,0,0,0,0,0,0,0
134518917,1,1,0,1,1,0,0,0,0,0
134518996,1,0,1,0,0,1,0,0,0,0
134518999,0,0,0,0,0,0,0,0,0,0
134519031,1,0,0,0,0,1,0,0,0,0
134519062,1,1,0,0,0,1,0,0,0,0
134519105,1,0,0,0,0,0,0,0,0,0
134519120,1,1,0,1,1,1,0,1,0,0
134519132,0,0,0,0,0,0,0,0,0,0
134519169,1,0,0,0,0,0,0,0,0,0
134519175,1,1,0,0,0,0,0,0,0,0
134519220,1,0,0,0,0,0,0,0,0,0
134519246,1,0,1,1,0,0,0,0,0,0
134519260,1,1,1,1,1,1,0,0,1,0
134519341,1,0,0,0,0,0,0,0,0,0
134519424,1,0,0,0,0,0,0,0,0,0
134519484,0,0,0,0,0,0,0,0,0,0
134519502,1,0,0,0,0,0,0,0,0,0
134519506,1,1,0,0,0,0,0,0,0,0
134519615,1,0,0,0,0,1,0,0,0,0
134519624,1,0,0,0,0,1,0,0,0,0
134519698,1,0,0,0,0,1,0,0,0,0
134519711,1,0,0,0,0,0,0,0,0,0
134519735,1,0,0,0,0,0,0,0,0,0
134519797,1,1,0,0,0,1,0,0,0,0
134519860,1,0,1,0,0,1,0,0,0,0
134519873,1,0,0,0,0,0,0,0,0,0
134519893,1,1,0,0,0,1,0,0,0,0
134519999,1,1,0,0,0,1,0,0,0,0
134520043,1,1,0,0,0,0,0,0,0,0
134520059,1,0,0,0,0,0,0,0,0,1
134520102,0,0,0,0,0,0,0,0,0,0
134520248,1,1,1,0,0,0,0,0,0,0
134520263,1,1,0,0,0,1,0,0,0,0
134520290,1,1,0,0,0,1,0,0,0,0
134520366,1,0,0,0,0,0,0,0,0,0
134520448,0,0,0,0,0,0,0,0,0,0
134520619,0,0,0,0,0,0,0,0,0,0
134520702,1,1,1,1,1,1,0,0,0,0
134520729,1,1,0,1,0,0,0,0,0,0
134520763,1,0,0,0,0,0,0,0,0,1
134520799,0,0,0,0,0,0,0,0,0,0
134520894,1,0,0,1,1,0,0,0,1,1
134521005,0,0,0,0,0,0,0,0,0,0
134521082,1,0,0,0,0,0,0,0,0,0
134521095,1,0,0,1,1,1,0,0,0,1
134521143,1,0,0,1,1,0,0,0,1,1
134521203,1,1,0,1,1,0,1,0,0,1
134521280,0,0,0,0,0,0,0,1,0,0
134521318,1,0,0,0,0,0,0,0,0,0
134521368,1,0,0,0,0,1,0,1,0,0
134521382,1,0,0,1,1,1,0,1,0,0
134521629,1,0,0,0,0,0,0,0,0,0
134521657,1,0,0,0,0,0,0,1,1,1
134521711,1,0,0,0,0,0,0,0,0,0
134521730,1,0,0,0,0,0,0,0,0,0
134521756,1,1,0,1,1,0,0,0,0,0
134521822,1,0,0,0,0,0,0,0,0,0
134521868,1,1,0,0,0,0,0,0,0,0
134521928,1,1,0,0,0,0,0,0,0,0
134521931,1,1,0,1,1,1,0,1,0,0
134521956,1,1,0,1,0,1,0,0,0,0
134522313,1,0,0,0,0,0,0,0,0,0
134522374,1,0,0,0,0,1,0,1,0,0
134522489,1,0,1,0,0,1,0,0,0,0
134522524,1,0,0,0,0,0,0,0,0,0
134522529,1,0,0,0,0,0,0,0,0,0
134522576,1,1,0,0,0,0,0,0,0,0
134522655,1,0,1,1,1,1,0,0,1,0
134522940,1,0,0,0,0,0,0,0,0,0
134523024,0,0,0,0,0,0,0,0,0,0
134523052,1,0,0,0,0,0,0,0,0,0
134523150,1,0,0,0,0,0,0,0,0,0
134523151,1,0,0,0,0,0,0,1,0,0
134523248,1,0,0,0,0,0,0,0,0,0
134523258,0,0,0,0,0,0,0,0,0,0
134523360,1,1,0,1,1,1,0,0,0,0
134523392,1,1,0,0,0,0,0,0,0,0
134523402,1,0,0,0,0,0,0,0,0,0
134523437,0,0,0,0,0,0,0,0,0,0
134523520,1,0,0,0,0,0,0,1,1,1
134523541,1,0,0,1,1,0,0,0,0,0
134523580,1,0,0,1,1,1,0,0,0,0
134523596,1,1,0,0,0,0,0,0,0,1
134523717,1,0,0,0,0,0,0,1,1,1
134523882,1,1,0,0,0,0,0,0,0,1
134523891,1,0,1,1,1,0,1,0,1,1
134523893,1,0,1,0,0,0,0,0,0,0
134523941,1,0,0,0,0,0,0,0,0,0
134523967,1,0,0,0,0,0,0,0,0,0
134524171,1,0,0,0,0,0,0,1,1,1
134524242,1,0,0,0,0,0,0,0,0,0
134524259,1,1,0,0,0,1,0,0,0,0
134524306,1,0,0,0,0,0,0,0,0,0
134524409,1,0,0,0,0,0,0,0,0,0
134524500,1,0,0,0,0,0,0,1,0,0
134524536,0,0,0,0,0,0,0,0,0,0
134524552,0,0,0,0,0,0,0,0,0,0
134524664,1,1,0,0,0,1,0,0,1,0
134524674,1,1,0,1,1,1,0,0,0,0
134524750,1,0,1,0,0,0,0,0,0,1
134524753,1,1,1,0,0,1,0,1,0,0
134524943,1,0,0,0,0,1,0,0,0,0
134524949,1,0,0,1,1,1,0,0,0,0
134525012,1,0,0,0,0,0,0,0,0,0
134525314,1,0,0,0,0,0,0,0,0,0
134525366,1,0,0,0,0,0,0,0,0,0
134525434,1,0,0,0,0,0,0,0,0,0
134525466,1,0,0,0,0,0,0,0,0,0
134525688,1,0,0,0,0,1,0,0,0,0
134525722,1,1,0,0,0,0,0,0,0,0
134526108,1,0,0,0,0,1,0,0,0,0
134526150,1,0,0,0,0,0,0,0,0,0
134526157,1,0,1,0,0,0,0,0,0,0
134526332,1,0,0,0,0,0,0,0,0,0
134526347,1,0,0,1,1,1,0,0,0,0
134526359,1,1,0,0,0,0,0,0,0,0
134526683,1,0,0,0,0,0,0,0,0,0
134526695,1,0,0,0,0,0,0,0,0,0
134526720,1,1,1,1,1,0,0,1,0,0
134526769,1,0,0,0,0,0,0,0,0,0
134526779,1,0,0,0,0,0,0,0,0,0
134526798,1,1,1,1,1,1,0,0,0,0
134526849,1,0,0,0,0,0,0,0,0,0
134526899,0,0,0,0,0,0,0,0,0,0
134526977,1,0,0,1,0,1,0,0,0,0
134527032,1,0,0,0,0,0,0,0,0,0
134527044,1,0,0,0,0,0,0,0,0,0
134527226,1,0,0,1,1,1,0,0,0,0
134527633,1,0,0,1,1,1,0,0,0,0
134527658,1,1,0,0,0,1,0,0,1,0
134527762,0,0,0,0,0,0,0,0,0,0
134527821,1,0,0,1,1,0,0,1,0,0
134527904,1,1,0,0,0,1,0,0,0,0
134528022,1,0,0,1,1,0,1,0,1,1
134528086,0,0,0,0,0,0,0,0,0,0
134528170,1,0,0,1,0,0,0,0,0,0
134528234,1,0,0,1,1,0,0,1,0,0
134528430,1,0,0,0,1,0,0,0,0,0
134528437,1,0,0,1,1,1,0,1,1,0
134528930,0,0,0,0,0,0,0,0,0,0
134528950,1,0,0,0,0,0,0,0,0,0
134529137,1,1,0,1,1,0,0,1,0,0
134529235,1,0,0,1,1,1,0,0,0,0
134529265,1,0,0,0,0,1,0,0,0,0
134529462,1,1,1,1,1,1,0,0,0,1
134529487,1,0,0,0,0,0,0,0,0,0
134529628,0,0,0,0,0,0,0,0,0,0
134529653,1,0,0,0,0,0,0,0,0,0
134529656,1,0,0,0,0,0,0,0,0,0
134529707,0,0,0,0,0,0,0,0,0,0
134529927,1,0,0,1,0,1,0,1,0,0
134530631,1,0,0,0,0,1,0,0,0,0
134530695,1,0,0,0,0,1,0,0,0,0
134530926,0,0,0,0,0,0,0,0,0,0
134530977,1,0,0,0,0,0,0,0,0,0
134531023,1,1,0,0,0,1,0,0,0,0
134531051,1,0,0,0,1,0,0,0,0,0
134531215,1,0,0,1,1,0,0,0,0,1
134531236,1,1,0,0,0,0,0,0,0,0
134531356,1,0,1,0,0,0,0,0,0,1
134531362,1,1,0,1,0,0,0,0,0,0
134531375,1,1,0,0,0,1,0,0,0,0
134531377,1,0,0,0,0,0,0,0,0,0
134531509,1,0,0,0,0,1,0,0,0,0
134531579,1,0,0,0,0,1,0,0,0,0
134531586,1,1,0,0,0,1,0,0,0,0
134531607,1,0,0,1,1,1,0,1,0,1
134531614,1,0,0,0,0,1,0,0,0,0
134531649,1,0,0,0,0,0,0,0,0,0
134531657,1,0,0,1,1,1,0,1,0,1
134531675,1,0,0,1,1,1,0,0,1,1
134531735,0,0,0,0,0,0,0,0,0,0
134531746,1,0,0,1,1,1,0,0,0,1
134531787,1,0,0,0,0,1,0,0,1,1
134531867,1,1,0,0,0,0,0,0,0,1
134531935,1,0,0,1,1,1,0,0,0,1
134532127,1,0,0,0,0,0,0,0,0,0
134532186,1,0,0,0,0,0,0,0,0,0
134532214,1,1,0,0,0,1,0,0,1,0
134532215,1,0,0,1,1,1,0,1,0,0
134532226,0,0,0,0,0,0,0,0,0,0
134532557,1,0,0,0,0,0,0,0,0,0
134532646,1,0,0,0,0,0,0,0,0,0
134532649,1,0,0,1,1,0,0,0,0,0
134532873,1,0,0,1,0,1,0,0,0,0
134532991,1,0,0,0,0,0,0,0,0,0
134533036,1,1,0,0,0,0,0,0,0,0
134533042,0,0,0,0,0,0,0,0,0,0
134533175,1,0,0,0,1,1,0,1,1,0
134533239,1,1,0,0,1,1,0,1,1,0
134533824,1,1,0,0,0,0,0,0,0,0
134533895,1,0,0,0,0,0,0,0,0,0
134533985,1,0,0,0,0,0,0,0,0,0
134534094,1,1,0,0,0,0,0,0,0,0
134534308,1,0,0,0,0,1,0,0,0,0
134534593,1,0,0,0,0,0,0,0,0,0
134534866,0,0,0,0,0,0,0,0,0,0
134534875,0,0,0,0,0,0,0,0,0,0
134534938,1,0,0,0,0,0,0,0,1,0
134534957,0,0,0,0,0,0,0,0,0,0
134535143,1,1,1,0,0,0,0,0,0,0
134535209,1,0,0,0,0,0,0,0,0,0
134535276,1,0,0,1,1,0,0,0,0,0
134535347,1,0,0,0,0,0,0,0,0,0
134535353,0,0,0,0,0,0,0,0,0,0
134535463,1,1,1,0,1,1,0,0,1,1
134535532,1,0,0,0,0,0,0,0,0,0
134535579,1,0,0,0,0,1,0,0,0,0
134535643,1,0,0,0,0,0,0,0,0,0
134535648,1,0,0,1,1,1,0,0,0,0
134535697,1,0,0,0,0,0,0,1,1,1
134535741,1,1,1,1,1,1,0,0,1,1
134535757,1,0,0,0,0,0,0,1,1,1
134535789,1,0,0,0,0,0,0,0,0,0
134535835,0,0,0,0,0,0,0,0,0,0
134535865,1,0,0,0,0,1,0,0,0,0
134535907,1,0,0,0,0,0,0,0,0,0
134536066,1,0,0,0,0,0,0,0,0,0
134536175,0,0,0,0,0,0,0,0,0,0
134536373,1,0,0,1,1,1,0,1,0,1
134536391,1,1,0,0,0,0,0,0,0,0
134536461,1,0,1,0,1,0,0,0,0,0
134536706,1,0,0,0,1,1,0,0,0,0
134536715,1,1,0,1,1,1,0,0,0,0
134537179,1,0,0,0,0,0,0,0,0,0
134537203,0,0,0,0,0,1,0,0,0,0
134537205,1,1,1,0,0,0,0,0,0,0
134537241,0,0,0,0,0,0,0,0,0,0
134537268,0,0,0,0,0,0,0,0,0,0
134537414,1,0,1,1,1,0,0,0,0,0
134537424,1,0,0,1,0,1,0,0,0,0
134537430,0,0,0,0,0,0,0,0,0,0
134537660,1,0,0,0,0,0,0,0,0,0
134537661,1,1,1,0,0,1,0,0,0,0
134537724,1,0,0,0,0,0,0,0,0,0
134537763,1,1,1,0,0,0,0,0,0,0
134537815,1,0,1,0,0,1,0,0,0,0
134537833,0,0,0,0,0,0,0,0,0,0
134537848,1,1,0,0,0,0,0,0,0,0
134538105,1,1,1,0,0,0,0,0,0,1
134538114,1,1,0,1,1,0,0,1,0,0
134538286,0,0,0,0,0,0,0,0,0,0
134538492,1,0,0,0,0,0,0,0,0,0
134538516,1,0,0,0,0,0,0,1,0,0
134538534,1,0,0,0,0,0,0,0,0,0
134538572,1,0,0,1,1,0,0,0,0,0
134538584,1,1,0,1,1,1,0,1,0,1
134538783,1,0,0,1,0,1,0,0,0,0
134538802,1,0,0,0,0,1,0,0,1,0
134538852,1,1,1,0,0,1,0,1,0,1
134538894,1,0,1,0,0,0,0,1,0,0
134539044,1,1,1,0,0,0,0,0,0,0
134539232,1,0,0,1,1,1,0,0,0,0
134539298,1,1,0,0,0,0,0,0,0,0
134539306,1,1,0,0,0,0,0,0,0,0
134539516,1,1,1,1,1,0,0,0,0,0
134539791,0,0,0,0,0,0,0,0,0,0
134539817,1,0,0,0,0,0,0,0,0,0
134539898,0,0,0,0,0,0,0,0,0,0
134540001,0,0,0,0,0,0,0,0,0,0
134540002,1,0,0,0,0,0,0,0,0,0
134540095,1,0,0,0,0,0,0,1,1,0
134540148,1,0,0,0,0,0,0,0,0,0
134540221,1,0,0,0,0,1,0,0,0,0
134540332,1,0,0,0,0,0,0,0,0,0
134540417,1,1,0,1,0,1,0,0,0,0
134540591,0,0,0,0,0,0,0,0,0,0
134540798,1,0,0,0,0,1,0,0,0,0
134541016,1,0,1,0,0,0,0,0,0,0
134541050,1,0,0,0,0,0,0,1,0,0
134541091,1,0,0,0,0,0,0,0,0,0
134541141,0,0,0,0,0,0,0,0,0,0
134541306,1,1,0,1,1,0,0,0,0,0
134541350,1,1,0,1,1,0,0,0,0,0
134541393,1,0,0,0,0,0,0,0,0,0
134542055,1,0,0,0,0,0,0,0,0,0
134542350,1,0,0,1,0,0,0,0,0,0
134542399,1,0,0,0,0,0,0,0,0,0
134542930,1,0,0,0,0,1,0,1,0,0
134543017,1,0,0,1,0,1,0,0,0,0
134543031,1,1,0,1,1,1,0,0,0,0
134543056,1,1,0,0,0,0,0,0,0,0
134543061,0,0,0,0,0,0,0,0,0,0
134543266,0,0,0,0,0,0,0,0,0,0
134543349,1,0,0,0,0,1,0,0,0,1
134543469,1,0,0,0,0,1,0,0,0,0
134543476,1,1,0,1,1,0,0,0,0,0
134543545,0,1,0,0,0,0,0,0,0,0
134543574,1,1,0,0,0,0,0,0,0,0
134543834,1,0,0,0,0,1,0,0,0,0
134544129,1,0,0,0,0,0,0,0,0,0
134544186,0,0,0,0,0,0,0,0,0,0
134544194,1,0,0,0,0,0,0,0,0,0
134544238,1,1,0,0,0,0,0,0,0,0
134544265,1,0,0,0,0,0,0,0,0,0
134544393,1,0,0,0,0,0,0,0,0,0
134544519,1,1,0,0,0,1,0,1,0,0
134544539,1,0,0,0,0,1,0,0,0,0
134544583,1,0,0,0,0,0,0,0,0,0
134544651,1,0,1,1,1,1,0,0,1,0
134544693,1,1,0,0,0,0,0,0,0,0
134545161,1,0,0,1,1,0,1,0,0,0
134545313,0,0,0,0,0,0,0,0,0,0
134545333,1,0,0,1,1,0,1,0,0,0
134545715,1,0,0,0,0,0,0,0,0,0
134545913,1,0,1,1,1,1,0,0,0,1
134546103,1,0,0,0,0,1,0,0,0,0
134546205,1,0,0,0,0,1,0,0,0,0
134546207,1,1,0,1,1,1,1,0,0,0
134546228,0,0,0,0,0,0,0,0,0,0
134546336,1,0,0,0,0,0,0,0,0,0
134546476,1,0,0,0,0,0,0,0,0,0
134546940,1,0,0,0,0,1,0,0,0,0
134546968,1,1,1,0,0,1,0,0,0,0
134547151,1,0,0,0,0,1,0,0,0,0
134547272,1,0,0,0,0,1,0,0,0,0
134547310,0,0,0,0,0,0,0,0,0,0
134547392,1,0,0,0,0,0,0,0,0,0
134547742,1,0,0,0,0,0,0,0,0,0
134547756,1,0,0,0,0,1,0,0,0,0
134548097,1,1,0,0,0,1,0,0,0,0
134548148,1,1,0,0,0,1,0,0,0,0
134548389,1,0,0,0,0,0,0,0,0,0
134548436,1,0,0,0,0,0,0,0,0,0
134548450,0,0,0,0,0,0,0,0,0,0
134548502,0,0,0,0,0,0,0,0,0,0
134548627,1,0,0,0,0,0,0,0,0,0
134548724,0,0,0,0,0,0,0,0,0,0
134548742,1,0,0,1,1,0,1,0,1,1
134548749,1,1,0,0,0,1,0,0,0,0
134549055,1,0,0,0,0,0,0,0,0,0
134549136,0,0,0,0,0,0,0,0,0,0
134549146,1,1,1,0,0,1,0,0,0,0
134549196,1,0,0,1,1,1,0,1,0,1
134549252,1,1,0,0,0,0,0,0,0,0
134549276,0,0,0,0,0,0,0,0,0,0
134549309,1,0,0,1,1,0,0,0,0,0
134549343,1,0,0,0,0,0,0,0,0,1
134549606,1,0,0,1,1,1,0,0,0,1
134549933,1,1,0,0,0,0,0,0,0,0
134549940,0,0,0,0,0,0,0,0,0,0
134549950,1,0,0,0,0,1,0,0,0,0
134550047,1,1,0,0,0,1,0,0,1,1
134550061,1,0,0,0,0,0,0,0,1,1
134550212,1,1,0,0,0,1,0,0,0,0
134550230,0,0,0,0,0,0,0,0,0,0
134550292,1,0,0,0,0,0,0,0,0,0
134550388,1,0,0,1,1,1,0,0,0,0
134550421,1,0,0,0,0,0,0,0,0,0
134550423,1,0,0,0,0,0,0,0,0,0
134550428,1,0,0,1,1,1,0,0,1,0
134550665,1,0,0,1,1,0,0,0,0,0
134550687,1,1,0,1,1,1,0,0,0,0
134550704,1,0,0,0,0,0,0,0,0,0
134550764,0,0,0,0,0,0,0,0,0,0
134550772,1,1,0,0,0,0,0,1,0,0
134550788,1,0,0,0,0,1,0,0,0,0
134550794,1,0,0,1,1,0,0,0,0,1
134550866,1,0,0,1,1,0,0,1,0,0
134550886,1,1,0,0,0,1,0,0,0,0
134550943,1,0,0,0,0,0,0,0,0,0
134550949,1,1,0,0,0,0,0,0,0,0
134550986,1,0,0,0,0,0,0,0,0,0
134551052,1,0,0,0,0,0,0,0,0,0
134551131,1,0,0,0,0,0,0,0,0,0
134551154,1,1,0,0,0,0,0,0,0,0
134551202,1,0,1,0,0,0,0,0,0,0
134551263,1,0,0,0,1,1,0,0,0,0
134551281,1,0,0,1,1,1,0,0,0,1
134551326,1,1,0,1,1,0,0,0,0,0
134551379,1,0,0,0,0,0,0,0,0,0
134551380,0,0,0,0,0,0,0,0,0,0
134551382,0,0,0,0,0,0,0,0,0,0
134551398,1,0,0,0,0,0,0,1,1,1
134551409,0,0,0,0,0,0,0,0,0,0
134551415,1,0,1,0,0,0,0,0,1,1
134551462,1,1,0,0,1,1,0,0,0,0
134551473,1,0,0,1,1,1,0,0,0,1
134551550,0,0,0,0,0,0,0,0,0,0
134551593,1,0,0,0,0,0,0,0,0,0
134551693,1,0,0,0,0,1,0,0,0,0
134551787,1,0,0,0,0,0,0,0,1,0
134551941,1,0,0,0,0,0,0,1,1,1
134552007,1,0,0,0,0,0,0,0,0,0
134552179,1,0,0,1,1,1,0,1,0,0
134552187,1,0,0,0,0,1,0,0,0,0
134552213,1,0,0,1,1,0,0,0,1,1
134552361,1,0,0,0,0,1,0,0,0,0
134552364,1,0,0,0,0,0,0,0,0,0
134552462,1,1,0,0,0,0,0,0,0,0
134552481,1,0,0,0,0,0,0,0,0,0
134552489,1,1,0,0,0,0,0,0,1,1
134552565,1,1,0,0,0,0,0,0,0,0
134552603,0,0,0,0,0,0,0,0,0,0
134552604,1,0,0,0,0,0,0,0,0,0
134552645,0,1,0,0,0,0,0,0,0,0
134552739,1,0,0,1,1,0,1,0,0,1
134552756,1,1,1,0,0,0,0,1,0,0
134552836,1,0,0,1,1,0,1,0,0,1
134552842,0,0,0,0,0,0,0,0,0,0
134552899,1,0,0,0,0,0,0,0,0,0
134552903,1,1,0,0,0,0,0,0,1,0
134552930,1,0,1,1,0,0,0,1,1,1
134552962,1,0,0,0,0,0,0,0,0,0
134553051,0,0,0,0,0,0,0,0,0,0
134553085,1,1,0,0,0,1,0,0,1,0
134553091,0,0,0,0,0,0,0,0,0,0
134553128,1,0,0,0,0,0,0,0,0,0
134553159,1,0,0,1,1,0,1,0,0,1
134553198,1,0,1,0,0,0,0,0,0,0
134553208,0,0,0,0,0,0,0,0,0,0
134553212,1,0,0,0,0,0,0,0,0,0
134553233,1,0,0,0,0,0,0,0,1,0
134553299,1,0,0,0,0,1,0,0,0,0
134553307,1,0,0,0,0,0,0,0,0,0
134553323,1,0,0,0,0,0,0,0,0,0
134553396,1,0,0,1,1,0,1,0,0,1
134553466,1,0,0,0,0,0,0,0,0,0
134553525,1,0,0,0,0,0,0,0,0,0
134553563,1,0,0,1,0,0,0,0,0,0
134553583,1,0,0,0,0,0,0,0,0,0
134553641,1,0,0,1,1,1,0,0,0,0
134553644,1,1,0,1,1,1,0,0,0,0
134553760,1,0,0,1,1,1,0,0,0,0
134553849,1,0,0,1,1,1,0,1,1,0
134553864,1,0,0,0,0,0,0,0,0,0
134553895,1,1,1,1,1,1,0,0,0,0
134553934,0,0,0,0,0,0,0,0,0,0
134553987,0,0,0,0,0,0,0,0,0,0
134554009,1,0,0,0,0,0,0,0,0,0
134554100,1,0,1,1,1,1,0,1,1,0
134554141,1,0,0,0,0,1,0,0,0,0
134554143,1,1,0,0,0,0,0,0,0,0
134554201,1,0,0,0,0,1,0,1,0,0
134554299,1,0,0,0,0,0,0,0,0,0
134554308,1,1,0,1,0,1,0,0,0,0
134554309,1,0,0,0,0,0,0,0,0,0
134554398,1,0,0,0,0,0,0,0,0,0
134554442,1,0,0,1,1,1,0,1,0,1
134554504,1,0,0,0,0,0,0,0,0,0
134554659,1,0,0,0,0,0,0,0,0,0
134554664,1,0,0,0,0,0,0,0,0,0
134554726,1,0,0,1,1,0,0,0,1,0
134554739,1,1,0,0,0,0,0,0,0,0
134554742,1,1,0,0,1,1,1,0,0,0
134554778,1,1,0,0,1,1,1,0,0,0
134554812,1,0,1,0,0,0,0,0,1,0
134555046,1,0,0,1,1,0,0,0,1,0
134555210,1,0,0,0,0,0,0,0,0,0
134555261,1,0,1,0,0,0,0,0,0,0
134555271,1,1,0,0,0,0,0,0,0,0
134555366,0,0,0,0,0,0,0,0,0,0
134555447,0,0,0,0,0,0,0,0,0,0
134555551,1,0,0,0,0,1,0,0,0,0
134555646,1,0,0,0,0,1,0,1,0,0
134555675,1,1,0,0,1,0,0,0,0,0
134555843,1,0,1,0,0,0,0,0,1,1
134556028,1,0,0,0,0,0,0,0,0,0
134556041,1,1,0,0,0,0,0,0,0,0
134556083,1,0,0,1,1,1,0,1,0,0
134556150,1,0,0,0,1,0,0,0,0,0
134556152,1,1,0,0,1,1,0,0,0,0
134556368,1,1,0,0,0,1,0,0,0,0
134556431,1,0,1,1,1,0,0,0,1,1
134556556,1,0,0,0,0,0,0,1,0,1
134556605,1,0,0,0,0,1,0,0,0,0
134557055,1,0,0,0,0,0,0,0,0,0
134557155,1,0,0,0,0,0,0,1,1,0
134557509,1,1,0,1,0,1,0,1,0,0
134557549,1,0,0,1,1,0,0,0,1,0
134557740,1,0,0,1,1,1,0,0,0,0
134557861,1,0,0,0,0,0,0,0,1,0
134558007,1,0,0,0,0,0,0,1,1,1
134558173,1,0,0,1,1,0,1,0,0,1
134558228,1,0,0,1,1,0,1,0,0,1
134558301,0,0,0,0,0,0,0,0,0,0
134558335,1,1,0,1,1,1,0,0,0,1
134558353,1,0,0,1,1,0,0,1,1,0
134558396,1,0,0,1,1,0,1,0,1,1
134558483,1,0,0,0,0,0,0,0,0,0
134558561,0,0,0,0,0,0,0,0,0,0
134558703,1,0,1,0,0,1,1,0,0,0
134558775,1,0,0,1,1,0,1,0,1,1
134558859,1,0,1,0,0,0,0,0,0,1
134558941,1,0,0,0,0,0,0,0,0,0
134558966,1,0,0,0,0,0,0,0,0,0
134559051,1,0,0,0,0,0,0,1,0,0
134559083,1,1,0,0,0,0,0,0,0,0
134559112,1,1,0,0,0,0,0,0,0,0
134559114,1,0,0,1,1,0,1,0,0,1
134559125,1,0,0,0,0,0,0,0,0,0
134559140,1,0,0,1,1,0,1,0,1,1
134559336,1,0,0,0,0,0,0,0,0,0
134559361,0,0,0,0,0,1,0,0,0,0
134559385,0,0,0,0,0,0,0,0,0,0
134559403,1,0,0,0,0,0,0,0,0,0
134559561,1,0,0,0,0,0,0,0,1,1
134559681,0,0,0,0,0,0,0,0,0,0
134559691,1,0,0,1,1,0,1,0,0,0
134559790,1,0,0,0,0,0,0,1,0,1
134559804,1,0,0,1,1,0,1,0,1,1
134559835,1,0,0,0,0,0,0,0,0,0
134559838,1,0,0,0,0,1,0,0,0,0
134559844,1,0,0,0,0,0,0,0,0,0
134559856,1,0,0,1,1,1,0,0,0,0
134559891,0,0,0,0,0,0,0,0,0,0
134559949,1,1,0,0,0,1,0,0,0,0
134559968,1,0,0,1,1,0,1,0,1,1
134559980,1,1,0,0,0,0,0,0,0,0
134559997,1,0,0,0,0,0,0,0,0,0
134560067,1,0,1,0,0,0,0,0,1,0
134560185,1,0,0,0,0,1,0,0,0,0
134560189,1,0,0,0,0,0,0,0,0,0
134560295,1,0,0,0,1,0,0,0,1,1
134560349,1,0,0,1,0,0,0,0,0,0
134560430,1,0,0,0,0,0,0,0,1,0
134560557,1,0,0,1,0,0,0,0,0,0
134561029,1,1,1,1,1,1,0,0,0,0
134561059,1,0,0,0,0,1,0,0,0,0
134561318,1,0,0,0,0,0,0,0,0,0
134561449,1,0,1,0,0,1,0,0,0,0
134561586,0,0,0,0,0,0,0,0,0,0
134561861,1,0,0,0,0,0,0,0,0,0
134561863,1,0,0,0,0,0,0,0,0,0
134561914,1,1,0,0,0,0,0,1,1,0
134562038,1,0,0,0,0,0,0,1,1,1
134562039,1,0,0,0,0,1,0,0,0,0
134562068,1,0,0,0,0,0,0,0,0,0
134562215,1,0,0,0,0,0,0,0,0,0
134562239,1,0,0,1,1,0,1,0,0,0
134562257,1,0,0,0,0,1,0,0,0,1
134562414,1,1,0,0,0,1,0,0,0,0
134562486,1,1,0,1,1,1,0,1,0,1
134562512,0,0,0,0,0,0,0,0,0,0
134562556,1,1,0,0,0,1,0,0,0,0
134562867,1,0,0,1,1,0,0,0,1,1
134562972,1,1,0,0,0,0,0,0,0,0
134563074,0,0,0,0,0,0,0,0,0,0
134563079,1,1,1,0,0,0,0,0,0,0
134563104,1,0,0,0,0,0,0,0,0,0
134563154,1,0,0,0,0,0,0,0,0,0
134563192,1,1,1,0,1,1,0,0,0,0
134563248,1,0,0,1,0,0,0,0,0,0
134563872,1,0,0,0,0,1,0,0,1,0
134564032,1,1,0,0,0,0,0,0,0,0
134564036,1,1,0,0,0,0,0,0,0,0
134564047,0,0,0,0,0,0,0,0,0,0
134564089,1,0,0,1,1,1,0,0,0,0
134564204,1,1,1,0,0,0,0,0,0,0
134564322,1,0,0,0,0,0,0,0,0,0
134564332,1,0,0,0,0,1,0,0,0,0
134564344,0,0,0,0,0,0,0,0,0,0
134564383,1,0,0,0,0,0,0,0,0,0
134564798,1,0,0,0,0,0,0,0,0,0
134564820,1,0,0,0,0,1,0,0,0,0
134564848,1,0,0,0,0,0,0,0,0,0
134564880,1,0,0,0,1,1,0,0,0,0
134565067,1,0,0,0,0,0,0,0,0,0
134565111,1,1,0,0,0,1,0,0,1,1
134565202,1,0,0,0,0,1,0,0,1,1
134565249,1,0,0,0,0,1,0,0,1,1
134565262,0,0,0,0,0,0,0,0,0,0
134565576,1,1,0,0,0,1,0,0,0,0
134565620,1,0,0,0,1,0,0,1,0,0
134565706,1,1,1,1,1,1,0,1,0,0
134565775,1,1,0,1,1,1,0,0,0,0
134565810,1,1,1,1,1,0,0,0,0,0
134565839,1,0,1,0,0,0,0,0,0,0
134565959,1,1,1,0,1,1,0,1,0,1
134566044,1,1,0,0,0,0,0,0,0,0
134566215,1,1,1,0,1,1,0,1,1,1
134566315,1,1,1,0,0,0,0,1,0,0
134566509,1,1,0,1,1,0,0,0,0,0
134566680,1,1,0,0,0,1,0,0,0,0
134566985,0,0,0,0,0,0,0,0,0,0
134566987,1,0,0,0,0,0,0,0,0,0
134567021,1,0,0,0,0,1,0,0,0,0
134567119,1,1,0,1,1,0,0,0,0,0
134567321,0,0,0,0,0,0,0,0,0,0
134567667,1,1,0,0,0,1,0,0,0,0
134567885,0,0,0,0,0,0,0,0,0,0
134568043,1,1,0,1,1,0,1,0,1,1
134568090,1,0,0,0,0,0,0,0,0,0
134568192,1,0,0,0,0,0,0,0,1,0
134568295,0,0,0,0,0,0,0,0,1,0
134568503,0,0,0,0,0,0,0,0,0,0
134568618,1,0,0,0,1,1,0,1,0,0
134568620,1,0,0,1,1,0,0,0,0,0
134568791,1,1,0,0,0,0,0,0,0,0
134569116,1,0,0,1,1,0,0,0,0,0
134569280,1,0,0,0,0,0,0,0,0,0
134569710,1,0,0,0,0,0,0,0,0,0
134569716,1,1,0,1,1,0,0,0,0,0
134569852,1,0,0,1,1,0,0,0,0,0
134570307,1,0,0,0,0,0,0,0,0,0
134570313,0,0,0,0,0,0,0,0,0,0
134570356,1,0,0,0,0,0,0,0,0,0
134570368,1,0,0,1,1,0,0,0,1,0
134570413,0,0,0,0,0,0,0,0,0,0
134570792,1,0,0,0,0,0,0,0,0,0
134570796,1,0,0,0,0,0,0,0,0,0
134571004,0,0,0,0,0,0,0,0,0,0
134571069,1,0,0,0,0,0,0,0,0,0
134571109,1,0,0,0,0,0,0,0,0,0
134571119,0,0,0,0,0,0,0,0,0,0
134571144,0,0,0,0,0,0,0,0,0,0
134571318,1,1,0,0,0,1,0,1,0,0
134571402,0,0,0,0,0,0,0,0,0,0
134571438,1,0,0,0,0,0,0,0,0,0
134571500,1,0,0,0,0,1,0,1,0,0
134571525,1,0,0,0,1,1,0,0,0,0
134571537,1,1,1,0,1,0,0,1,0,0
134571714,1,0,0,0,1,0,0,1,1,1
134571765,1,0,0,0,0,1,0,0,0,0
134571781,1,0,0,1,0,0,0,0,0,0
134572018,1,0,0,0,0,0,0,0,0,0
134572209,1,0,0,0,0,1,0,0,0,0
134572465,1,0,0,0,0,0,0,0,0,0
134572579,1,1,0,1,1,1,0,1,0,1
134572582,1,0,0,0,0,0,0,0,0,0
134572638,0,0,0,0,0,0,0,0,0,0
134572640,1,0,0,0,0,0,0,0,0,0
134572645,1,1,0,0,0,0,0,0,0,0
134572660,0,0,0,0,0,0,0,0,0,0
134572718,1,1,1,0,0,0,0,0,0,0
134572751,1,0,0,0,1,1,0,0,1,1
134572791,0,0,0,0,0,0,0,0,0,0
134572818,1,1,0,0,0,0,0,0,0,0
134572920,1,0,1,0,0,0,0,0,0,0
134572954,1,0,0,0,0,0,0,0,0,0
134572957,0,1,0,0,0,0,0,0,0,0
134572977,1,0,0,0,0,0,0,0,1,1
134573106,0,0,0,0,0,0,0,0,0,0
134573128,1,1,1,1,0,1,0,0,0,0
134573154,1,0,0,0,0,0,0,0,0,0
134573190,1,1,1,1,1,1,0,1,0,1
134573410,1,0,0,0,0,0,0,1,0,0
134573420,0,0,0,0,0,0,0,0,0,0
134573467,1,0,0,0,0,0,0,0,1,0
134573473,1,0,0,1,0,1,0,0,0,1
134573482,1,0,0,0,0,1,0,0,0,0
134573489,1,0,0,1,1,0,0,0,0,1
134573548,1,0,0,0,0,1,0,0,0,0
134573606,1,1,0,0,0,1,0,0,0,0
134573720,1,0,0,0,0,0,0,0,1,0
134573762,1,0,0,0,0,0,0,0,0,0
134573806,1,0,0,1,1,1,1,0,0,1
134573815,1,0,0,0,1,0,0,0,1,1
134573857,1,1,0,1,1,1,0,0,0,1
134573879,1,0,0,0,0,0,0,0,0,0
134573914,1,0,0,0,0,0,0,0,0,0
134574090,1,0,0,1,1,1,0,1,1,1
134574122,1,0,0,0,0,1,0,0,0,0
134574132,1,0,0,0,0,0,0,0,1,0
134574206,1,1,1,1,1,1,0,1,0,1
134574207,1,0,0,1,1,1,0,1,1,1
134574246,1,0,0,0,0,0,0,0,1,0
134574351,1,1,0,1,0,1,0,1,0,0
134574357,1,0,0,1,0,0,0,0,0,0
134574396,1,0,0,0,0,0,0,0,1,0
134574408,0,0,0,0,0,0,0,0,0,0
134574418,1,0,0,1,1,1,0,1,1,1
134574586,1,0,0,0,0,0,0,0,0,0
134574634,1,0,0,0,1,0,0,1,1,1
134574685,1,1,0,0,0,0,0,0,0,0
134574725,1,0,0,0,0,0,0,0,0,0
134574733,1,1,0,0,1,1,0,0,0,1
134574788,1,0,1,0,0,1,0,0,0,0
134575189,1,1,1,1,1,0,0,1,0,0
134575252,0,0,0,0,0,0,0,0,0,0
134575268,1,0,0,0,0,0,0,0,0,0
134575298,0,0,0,0,0,0,0,0,0,0
134575381,1,0,0,0,0,1,0,0,1,0
134575476,1,1,0,1,1,1,0,0,0,0
134575573,0,0,0,0,0,0,0,0,0,0
134575580,0,0,0,0,0,0,0,0,0,0
134575611,0,0,0,0,0,0,0,0,0,0
134575631,0,0,0,0,0,0,0,0,0,0
134575654,1,0,0,0,0,1,0,0,0,0
134575680,1,0,0,0,0,1,0,0,0,0
134575739,1,1,0,0,0,0,0,0,0,0
134575749,0,0,0,0,0,0,0,0,0,0
134575946,1,1,0,0,0,1,0,0,0,0
134575949,1,1,0,0,0,0,0,0,0,0
134575965,1,0,0,1,0,1,0,0,0,0
134576000,1,0,0,1,1,0,1,0,0,1
134576014,1,0,0,0,0,0,0,0,0,0
134576036,1,0,0,0,0,0,0,0,0,0
134576108,1,0,0,0,0,0,0,1,1,1
134576209,0,0,0,0,0,0,0,0,0,0
134576273,1,0,0,0,0,0,0,0,0,0
134576315,1,0,0,0,0,0,0,0,0,0
134576317,1,0,0,0,0,0,0,0,0,0
134576324,1,0,0,1,1,0,0,0,0,0
134576360,0,0,0,0,0,0,0,0,0,0
134576388,1,0,0,0,0,0,0,0,0,0
134576460,1,0,0,0,0,0,0,0,0,0
134576537,1,1,1,1,1,1,0,0,0,1
134576586,1,0,0,0,0,0,0,0,0,0
134576731,1,0,0,0,0,1,0,0,0,0
134576896,1,0,0,0,0,0,0,1,0,0
134576944,1,0,0,1,1,0,1,0,0,0
134576963,0,0,0,0,0,0,0,0,0,0
134576978,0,0,0,0,0,0,0,0,0,0
134577001,1,0,0,0,0,1,0,0,0,0
134577068,1,0,0,1,1,0,1,0,0,0
134577684,1,1,0,0,0,0,0,0,0,0
134577686,1,0,0,1,1,1,0,0,0,0
134577689,1,0,0,0,0,0,0,0,0,0
134577696,1,0,0,1,1,0,0,0,0,0
134577711,1,0,0,0,0,0,0,0,0,0
134577790,1,0,0,1,1,1,0,0,0,0
134577796,1,1,0,1,1,1,0,0,0,0
134577800,1,1,0,1,1,1,0,0,0,0
134578016,1,0,0,0,0,0,0,0,0,0
134578083,1,0,0,0,0,0,0,0,0,0
134578104,1,0,0,0,0,0,0,0,0,0
134578237,0,0,0,0,0,0,0,0,0,0
134578454,1,0,0,0,0,0,0,0,0,0
134578459,1,1,0,0,0,0,0,0,0,0
134578511,1,0,0,1,1,1,0,0,1,0
134578603,1,0,0,0,0,0,0,0,0,0
134578635,1,0,0,0,0,0,0,0,0,0
134578684,1,0,1,1,1,0,0,0,0,0
134578803,1,0,0,1,1,1,0,0,0,1
134578872,1,0,0,1,1,1,0,0,0,1
134578880,0,0,0,0,0,0,0,0,0,0
134578891,0,0,0,0,0,0,0,0,0,0
134578911,1,0,0,0,0,0,0,0,0,0
134578923,1,0,0,1,1,1,0,0,0,1
134578928,1,0,0,1,1,0,0,0,0,0
134578976,1,0,1,0,0,0,0,0,0,0
134578980,1,0,0,1,1,1,0,0,0,1
134578990,1,0,0,0,0,1,0,0,0,1
134579022,1,0,0,0,0,1,0,0,0,0
134579049,1,0,0,0,0,0,0,0,0,0
134579073,1,0,0,0,0,0,0,0,0,0
134579130,1,1,0,0,0,0,0,0,0,0
134579213,1,1,0,0,0,0,0,0,0,0
134579219,1,0,1,0,0,0,0,0,0,0
134579251,1,0,0,1,1,1,0,0,0,1
134579384,1,0,0,0,0,0,0,1,1,1
134579420,1,1,1,1,1,1,0,0,0,1
134579448,1,0,0,0,0,0,0,1,1,0
134579473,1,0,0,0,0,1,0,0,0,0
134579539,1,0,0,0,0,0,0,0,0,0
134579577,0,0,0,0,0,0,0,0,0,0
134579580,1,0,0,0,0,1,0,0,0,0
134579805,0,0,0,0,0,0,0,0,0,0
134579965,1,0,0,0,0,0,0,0,0,0
134579999,0,0,0,0,0,0,0,0,0,0
134580174,1,0,0,0,0,0,0,0,0,0
134580236,1,0,0,0,0,0,0,0,0,0
134580268,1,0,0,0,0,0,0,1,1,1
134580278,1,1,0,0,1,1,0,0,0,0
134580280,1,0,0,0,0,0,0,0,0,0
134580340,1,0,0,0,0,0,0,0,0,0
134580348,1,0,0,0,0,0,0,0,0,0
134580350,1,0,0,0,0,0,0,0,0,0
134580352,1,0,0,0,0,0,0,0,0,0
134580355,1,0,0,0,0,0,0,0,0,0
134580360,1,0,0,0,0,0,0,0,0,0
134580429,1,0,0,0,0,1,0,0,0,0
134580433,1,0,0,0,0,0,0,0,0,0
134580500,1,1,0,1,1,0,0,0,0,0
134580862,1,0,0,0,0,0,0,0,0,0
134580884,0,0,0,0,0,0,0,0,0,0
134580966,1,0,0,1,1,1,0,0,0,0
134581160,1,0,0,1,1,1,0,1,1,1
134581162,1,1,0,1,0,1,0,0,0,0
134581512,1,0,1,1,1,0,0,0,0,0
134581580,1,0,0,0,0,0,0,0,0,1
134581584,1,0,0,1,1,1,0,0,0,0
134581604,1,0,0,0,0,1,0,0,0,0
134581708,1,0,0,0,0,0,0,1,1,1
134581734,1,0,0,0,0,0,0,0,0,1
134581781,1,0,0,0,0,0,0,1,1,1
134581786,1,0,0,0,0,0,0,0,0,0
134581882,0,0,0,0,0,0,0,0,0,0
134581922,1,0,0,0,0,0,0,0,0,0
134581959,1,0,0,0,0,0,0,0,0,0
134582175,1,1,1,0,1,1,0,0,0,1
134582244,1,1,0,0,0,1,0,0,0,1
134582267,1,1,0,1,0,1,0,0,0,0
134582268,0,0,0,0,0,0,0,0,0,0
134582285,0,0,0,0,0,0,0,0,0,0
134582329,1,0,0,0,0,1,0,0,0,0
134582458,1,1,0,0,0,1,0,0,0,0
134582523,1,0,0,0,0,1,0,0,0,0
134582636,1,0,0,0,0,1,0,0,0,0
134582751,1,0,0,0,0,1,0,0,0,0
134582791,1,0,0,0,0,0,0,0,1,0
134582820,1,0,0,0,0,0,0,0,0,1
134582958,1,0,0,0,0,0,0,0,0,0
134583071,1,0,0,0,0,0,0,0,0,0
134583079,1,0,1,0,0,0,0,0,1,1
134583124,0,0,0,0,0,0,0,0,0,0
134583237,1,0,0,0,0,0,0,0,0,1
134583308,1,0,0,0,0,0,0,0,0,0
134583438,1,1,0,0,0,0,0,1,0,0
134583556,1,1,0,0,0,1,0,1,0,0
134583578,0,0,0,0,0,0,0,0,0,0
134583665,0,0,0,0,0,0,0,0,0,0
134583725,1,0,0,1,1,0,1,0,0,0
134583854,0,0,0,0,0,0,0,0,0,0
134583862,1,0,0,1,1,1,0,0,0,0
134583946,1,0,0,0,0,1,0,0,0,0
134584007,1,0,0,0,0,1,0,0,0,0
134584047,0,1,0,0,0,0,0,0,0,0
134584077,1,0,0,1,0,0,0,0,0,0
134584165,1,1,0,0,0,0,0,0,0,0
134584198,1,0,0,1,1,1,0,1,1,0
134584221,1,0,1,1,1,1,0,0,0,0
134584231,1,0,0,1,0,1,0,0,0,0
134584285,1,0,1,1,1,1,0,0,1,0
134584292,1,1,0,0,0,0,0,0,0,0
134584301,1,0,0,0,0,0,0,0,0,0
134584421,1,1,1,1,0,1,0,1,0,0
134584423,0,0,0,0,0,0,0,0,0,0
134584454,1,0,0,0,0,0,0,0,1,0
134584469,1,0,0,1,0,1,0,1,0,0
134584496,1,0,0,0,0,0,0,0,0,0
134584508,1,1,0,0,0,0,0,0,0,1
134584510,1,1,1,1,0,1,0,1,0,0
134584534,1,1,0,0,0,1,0,0,0,0
134584581,1,0,0,0,0,0,0,0,0,0
134584589,1,1,0,1,1,0,0,1,0,0
134584704,1,0,0,0,0,0,0,0,0,0
134584858,1,0,0,0,0,0,0,0,0,0
134584937,0,0,0,0,0,1,0,0,0,0
134585046,1,0,0,0,0,1,0,0,1,0
134585073,1,0,0,0,0,0,0,0,0,0
134585101,1,0,0,0,0,0,0,0,1,1
134585125,1,0,0,1,1,0,1,0,1,1
134585186,0,0,0,0,0,0,0,0,0,0
134585215,1,0,0,0,0,0,0,0,0,0
134585235,0,0,0,0,0,0,0,0,0,0
134585250,1,0,0,0,0,0,0,0,0,0
134585264,1,0,0,0,0,0,0,0,0,0
134585284,0,0,0,0,0,0,0,0,0,0
134585315,1,0,0,1,1,0,0,0,0,0
134585336,1,0,1,0,0,0,0,0,0,0
134585337,1,0,0,0,0,0,0,0,0,0
134585370,1,0,0,0,0,0,0,0,0,0
134585450,1,0,0,0,0,0,0,0,0,0
134585547,1,1,0,0,0,0,0,0,0,0
134585849,1,1,0,0,0,0,0,0,0,0
134585851,1,0,0,1,1,0,1,0,0,1
134585935,0,0,0,0,0,0,0,0,0,0
134585967,1,0,0,0,0,0,0,1,1,1
134586005,1,0,0,0,0,0,0,1,1,1
134586016,1,0,0,0,0,0,0,0,0,0
134586065,0,0,0,0,0,0,0,0,0,0
134586092,1,0,0,0,0,0,0,1,1,1
134586126,1,1,0,0,0,1,0,0,0,0
134586143,1,1,0,0,0,0,0,1,0,0
134586199,1,1,0,0,0,0,0,0,0,0
134586200,1,0,0,0,0,1,0,0,0,0
134586236,1,0,0,1,0,0,0,0,0,0
134586253,1,0,0,0,0,1,0,0,0,0
134586285,1,0,1,1,1,0,1,0,1,1
134586286,1,1,1,0,0,0,0,0,0,0
134586434,1,0,0,0,0,1,0,0,0,0
134586438,1,1,0,0,0,0,0,0,0,0
134586460,1,1,0,0,0,0,0,0,0,0
134586545,1,0,0,0,0,1,0,0,1,0
134586580,0,0,0,0,0,0,0,0,0,0
134586601,1,0,0,0,0,0,0,0,0,0
134586659,0,0,0,0,0,0,0,0,0,1
134586720,1,1,0,0,0,0,0,0,0,0
134586730,1,0,0,1,1,0,1,0,1,1
134586830,1,1,0,0,0,1,0,0,0,0
134586839,1,1,0,1,0,1,0,1,0,0
134587072,0,1,0,0,0,0,0,0,0,0
134587106,1,1,0,0,1,1,0,1,0,0
134587300,1,0,0,0,1,0,0,0,0,0
134587530,1,1,0,0,0,0,0,0,0,0
134587555,0,0,0,0,0,0,0,0,0,0
134587685,1,1,0,0,0,0,0,1,0,0
134587697,1,0,0,0,0,0,0,0,0,0
134587777,1,0,0,1,1,0,0,0,0,0
134588166,1,0,0,0,0,0,0,0,0,0
134588574,0,0,0,0,0,0,0,0,0,0
134588935,1,0,0,0,0,0,0,0,0,0
134588955,1,1,0,1,1,0,0,0,0,0
134589167,0,0,0,0,0,0,0,0,0,0
134589224,0,0,0,0,0,0,0,0,0,0
134589268,1,0,0,1,1,0,0,0,0,0
134589297,1,0,0,1,1,1,0,0,0,0
134589313,0,0,0,0,0,0,0,0,0,0
134589376,1,0,0,0,0,0,0,0,0,0
134589534,1,0,0,0,0,1,0,0,0,0
134589546,0,0,0,0,0,0,0,0,0,0
134589554,0,0,0,0,0,0,0,0,0,0
134589560,1,1,1,1,1,1,0,1,0,0
134589563,1,1,0,1,1,1,0,0,0,0
134589565,0,0,0,0,0,0,0,0,0,0
134589612,1,0,0,0,0,0,0,0,0,0
134589614,0,0,0,0,0,0,0,0,0,0
134589731,1,0,1,0,0,0,0,0,0,0
134589773,1,0,0,0,0,1,0,0,0,0
134589818,1,1,0,0,0,0,0,0,0,0
134589833,1,0,0,0,0,0,0,0,0,0
134589918,1,1,0,0,0,1,0,0,0,0
134589976,0,0,0,0,0,0,0,0,0,0
134590047,1,0,1,0,0,0,0,1,0,1
134590058,1,1,0,1,0,1,0,1,0,0
134590235,0,0,0,0,0,0,0,0,0,0
134590266,1,1,0,0,0,0,0,1,0,0
134590405,1,1,1,0,0,0,0,1,0,0
134590449,1,1,0,1,1,0,1,0,0,1
134590535,0,0,0,0,0,0,0,0,0,0
134590541,1,0,0,1,1,0,1,0,1,1
134590633,1,0,0,0,0,0,0,1,1,0
134590655,0,0,0,0,0,0,0,0,0,0
134590738,1,0,0,0,0,0,0,0,1,0
134590782,1,0,0,1,1,0,0,0,0,0
134590791,1,0,0,0,0,0,0,0,1,0
134590806,1,0,1,0,0,0,0,1,0,0
134590894,0,0,0,0,0,0,0,0,0,0
134590903,1,0,0,1,1,0,1,0,0,1
134590954,1,0,1,0,0,0,0,1,0,0
134590985,1,1,0,0,0,1,0,0,0,0
134591017,1,0,0,0,0,0,0,0,0,0
134591040,1,0,0,0,0,0,0,0,0,0
134591205,0,0,0,0,0,0,0,0,0,0
134591224,0,0,0,0,0,0,0,0,0,0
134591230,1,1,0,0,0,1,0,0,0,0
134591234,0,0,0,0,0,0,0,0,0,0
134591278,0,0,0,0,0,0,0,0,0,0
134591460,1,1,0,0,0,1,0,0,0,0
134591501,1,0,0,0,0,1,0,0,0,0
134591518,1,0,0,0,0,0,0,0,0,0
134591556,1,0,0,0,0,0,0,0,0,0
134591620,0,0,0,0,0,0,0,0,0,0
134591622,0,0,0,0,0,0,0,0,0,0
134591655,0,0,0,0,0,0,0,0,0,0
134591702,1,0,0,0,0,0,0,0,1,1
134591750,1,0,0,0,0,0,0,0,0,0
134591856,1,0,0,1,0,0,0,0,0,1
134591864,1,0,0,1,0,1,0,1,0,0
134591920,0,0,0,0,0,0,0,0,0,0
134591927,1,1,0,0,0,1,0,0,0,0
134591944,1,0,0,1,1,0,0,0,0,0
134591945,0,0,0,0,0,0,0,0,0,0
134592091,1,1,0,0,0,1,0,0,0,0
134592268,1,0,0,0,0,0,0,0,0,0
134592336,1,0,0,0,0,1,0,0,0,0
134592396,1,1,0,0,0,0,0,0,1,0
134592463,1,1,0,1,1,1,0,0,0,0
134592466,0,0,0,0,0,0,0,0,0,0
134592706,0,0,0,0,0,0,0,0,0,0
134592746,1,0,0,0,0,0,0,0,0,0
134592809,1,0,1,1,1,0,1,0,1,1
134592836,1,0,0,0,0,0,0,0,0,0
134592844,1,0,0,0,0,0,0,0,1,0
134592860,0,0,0,0,0,0,0,0,0,0
134592923,1,0,0,1,1,0,0,0,0,0
134593043,1,0,0,0,0,0,0,1,1,1
134593069,0,0,0,0,0,0,0,0,0,0
134593089,1,0,0,0,0,0,0,1,1,1
134593101,1,1,0,0,0,0,0,0,0,1
134593128,0,0,0,0,0,0,0,0,0,0
134593218,1,0,0,0,0,0,0,1,1,1
134593231,1,0,0,0,0,0,0,1,1,1
134593238,1,0,0,0,0,0,0,0,0,0
134593303,1,0,0,0,0,0,0,0,0,0
134593315,1,0,0,0,0,0,0,0,0,0
134593420,1,0,0,1,0,0,0,0,0,0
134593447,1,0,0,0,0,0,0,0,0,0
134593492,1,0,0,0,0,0,0,0,0,0
134593538,1,1,0,0,0,1,0,0,0,0
134593578,1,0,0,1,1,0,0,0,0,0
134593627,1,0,0,0,0,0,0,1,1,1
134593651,0,0,0,0,0,0,0,0,0,0
134593656,1,0,0,0,0,0,0,0,0,0
134593666,0,0,0,0,0,0,0,0,0,0
134593703,0,0,0,0,0,0,0,0,0,0
134593779,1,0,0,0,0,0,0,0,0,0
134593824,1,0,0,0,0,0,0,0,0,0
134593838,1,0,0,0,0,0,0,1,0,0
134593851,0,0,0,0,0,0,0,0,0,0
134594029,1,1,0,0,0,1,0,0,0,0
134594050,1,0,0,0,0,0,0,1,1,1
134594103,0,0,0,0,0,0,0,0,0,0
134594108,1,0,0,0,0,0,0,1,1,1
134594146,0,0,0,0,0,0,0,0,0,0
134594154,1,0,0,0,0,0,0,0,0,0
134594251,1,1,0,0,0,0,0,0,0,0
134594296,1,0,0,0,0,1,0,0,0,0
134594310,0,0,0,0,0,0,0,0,0,0
134594395,1,1,0,0,0,0,0,0,0,0
134594517,1,0,0,0,0,0,0,0,0,0
134594533,0,0,0,0,0,0,0,0,0,0
134594560,0,0,0,0,0,0,0,0,0,0
134594625,1,0,0,1,1,0,0,0,1,1
134594769,0,0,0,0,0,0,0,0,0,0
134594852,0,0,0,0,0,0,0,0,0,0
134594929,1,0,0,0,0,0,0,0,0,0
134594943,1,0,1,0,0,0,0,0,0,0
134594957,1,0,0,1,1,0,0,0,1,1
134595021,1,1,0,1,1,1,0,1,0,1
134595035,1,0,0,1,1,0,0,0,1,1
134595075,1,0,0,0,0,0,0,0,0,0
134595086,1,0,0,1,1,0,0,0,1,1
134595167,0,0,0,0,0,0,0,0,0,0
134595264,1,0,1,1,1,0,0,0,1,0
134595283,0,0,0,0,0,0,0,0,0,0
134595311,1,1,0,0,0,0,0,0,0,0
134595343,0,1,0,0,0,1,0,0,0,0
134595460,0,0,0,0,0,0,0,0,0,0
134595518,1,1,0,0,0,1,0,0,0,1
134595601,1,1,1,0,0,0,0,0,0,1
134595607,0,1,0,0,0,0,0,0,0,0
134595690,1,0,0,0,0,0,0,0,1,0
134595825,1,1,1,0,0,1,0,0,0,1
134595905,1,0,0,0,0,0,0,0,0,0
134595950,0,0,0,0,0,0,0,0,0,0
134595988,1,0,0,0,0,0,0,0,1,0
134596084,0,0,0,0,0,0,0,0,0,0
134596103,0,0,0,0,0,0,0,0,0,0
134596197,1,1,1,1,1,1,0,1,1,0
134596207,1,0,0,0,0,0,0,0,0,0
134596229,1,0,0,0,0,0,0,0,0,0
134596304,1,1,1,1,1,1,0,1,1,0
134596418,1,0,0,1,1,1,0,0,1,0
134596439,1,1,1,0,0,1,0,1,1,0
134596459,1,1,0,1,1,1,0,1,0,0
134596687,1,0,0,1,0,0,0,0,0,0
134596791,0,0,0,0,0,0,0,0,0,0
134596792,0,0,0,0,0,0,0,0,0,0
134596794,1,1,0,0,0,0,0,1,0,0
134596809,1,1,0,0,0,0,0,0,0,0
134596968,1,1,0,0,0,1,0,0,0,0
134597160,0,0,0,0,0,0,0,0,0,0
134597168,1,0,0,0,0,0,0,0,0,0
134597265,0,0,0,0,0,0,0,0,0,0
134597407,0,0,0,0,0,0,0,0,0,0
134597488,1,1,0,1,1,1,0,1,0,0
134597614,1,0,0,0,0,1,0,0,0,1
134597641,1,0,0,0,0,0,0,0,0,0
134597667,0,0,0,0,0,0,0,0,0,0
134597699,0,0,0,0,0,0,0,0,0,0
134597704,1,0,0,1,1,0,0,0,1,1
134597887,1,1,0,0,0,1,0,0,0,0
134597909,1,1,0,0,0,0,0,0,0,0
134598130,1,0,0,1,1,0,0,0,0,0
134598203,1,0,0,0,0,1,0,0,0,1
134598231,1,0,1,0,0,1,0,0,0,0
134598270,1,0,1,0,0,0,0,0,0,0
134598338,1,0,0,0,1,0,0,0,0,0
134598340,1,1,0,1,1,1,0,0,0,0
134598341,1,0,0,0,0,0,0,0,0,0
134598417,1,0,0,0,0,0,0,0,0,0
134598511,0,0,0,0,0,0,0,0,0,0
134598538,1,1,0,0,0,1,0,1,0,0
134598583,0,0,0,0,0,0,0,0,0,0
134598623,1,1,0,0,0,0,0,0,0,0
134598668,1,0,1,0,0,0,0,0,0,0
134598693,1,0,0,0,0,0,0,0,0,0
134598751,1,0,0,0,0,0,0,0,0,0
134598848,1,0,0,0,0,0,0,0,0,0
134598865,1,1,0,1,1,1,0,1,0,1
134599004,1,0,0,0,0,0,0,0,0,0
134599067,0,0,0,0,0,0,0,0,0,0
134599106,1,0,0,0,0,0,0,0,0,0
134599293,1,1,1,1,1,1,0,1,0,0
134599374,1,0,0,1,1,1,0,1,0,1
134599448,1,0,0,0,0,0,0,0,0,0
134599559,1,0,1,0,0,0,0,1,0,0
134599560,1,0,0,0,0,0,0,0,0,0
134599651,1,0,0,0,0,0,0,0,0,0
134599745,1,0,0,0,0,0,0,0,0,0
134599848,1,1,1,0,1,1,1,0,0,1
134599892,1,0,0,0,0,0,0,0,0,0
134599908,1,0,0,0,0,0,0,0,0,0
134599929,1,1,0,1,1,1,0,0,0,0
134600007,1,0,0,0,0,0,0,0,1,0
134600076,0,0,0,0,0,0,0,0,0,0
134600083,0,0,0,0,0,0,0,0,0,0
134600094,1,0,0,0,0,0,0,0,0,0
134600109,1,0,0,0,0,0,0,0,0,0
134600119,1,0,0,0,0,0,0,0,0,0
134600206,1,0,0,0,0,0,0,0,0,0
134600213,1,0,0,0,1,0,0,0,0,0
134600271,1,0,0,0,0,1,0,0,0,0
134600329,1,0,0,0,0,0,0,0,0,0
134600381,1,0,0,0,0,0,0,0,0,0
134600448,1,1,0,0,0,1,0,0,0,0
134600495,1,0,0,0,0,0,0,0,0,0
134600530,1,0,0,0,0,1,0,0,0,0
134600536,1,0,0,0,0,0,0,1,1,1
134600555,1,1,0,0,0,0,0,0,0,0
134600668,1,0,0,0,0,0,0,0,0,0
134600950,0,0,0,0,0,0,0,0,0,0
134601023,1,1,0,0,1,0,0,1,0,0
134601043,1,1,0,1,1,1,0,0,0,0
134601152,1,1,0,0,0,0,0,0,0,0
134601253,1,0,0,0,0,0,0,0,0,0
134601303,0,0,0,0,0,0,0,0,0,0
134601354,1,1,0,0,0,0,0,0,1,1
134601395,0,0,0,0,0,0,0,0,0,0
134601405,0,0,0,0,0,0,0,0,0,0
134601426,1,0,0,0,0,0,0,0,0,0
134601452,1,0,0,0,0,0,0,0,0,0
134601521,1,0,0,0,0,0,0,0,0,0
134601602,0,0,0,0,0,0,0,0,0,0
134601612,1,0,0,0,0,0,0,0,0,0
134601662,0,0,0,0,0,0,0,0,0,0
134601694,1,0,0,0,0,0,0,0,0,0
134601718,1,0,0,0,0,0,0,1,0,0
134601740,1,0,0,0,0,0,0,0,0,0
134601853,0,0,0,0,0,0,0,0,0,0
134601874,1,0,0,1,0,1,0,0,0,0
134601927,1,0,0,1,1,0,1,0,0,0
134601964,1,1,1,0,0,0,0,0,1,1
134602191,1,0,0,0,0,1,0,0,1,0
134602198,1,0,0,0,0,0,0,1,0,0
134602211,1,1,0,0,1,1,0,0,0,0
134602276,1,0,0,0,1,1,0,0,0,0
134602309,1,1,0,0,0,1,0,0,0,0
134602380,1,0,0,0,1,1,0,0,1,0
134602492,1,0,0,0,0,1,0,0,0,0
134602832,1,0,0,1,1,1,0,0,0,0
134602842,1,1,0,0,0,0,0,0,0,0
134602856,0,0,0,0,0,0,0,0,0,0
134602924,1,0,0,0,0,0,0,0,0,0
134602965,1,1,0,1,1,1,0,0,0,1
134603092,1,0,0,1,1,0,0,0,0,0
134603093,0,0,0,0,0,0,0,0,0,0
134603138,0,0,0,0,0,0,0,0,0,0
134603169,1,1,0,1,1,0,0,1,0,0
134603189,0,0,0,0,0,0,0,0,0,0
134603240,1,0,0,0,0,0,0,0,0,0
134603346,1,0,0,0,1,1,0,0,0,0
134603471,0,0,0,0,0,0,0,0,0,0
134603754,0,0,0,0,0,0,0,0,0,0
134603891,1,0,0,0,0,0,0,0,0,0
134604107,1,0,0,0,0,0,0,0,0,0
134604118,1,0,0,0,0,0,0,0,0,0
134604133,1,0,0,0,0,0,0,0,0,0
134604167,1,0,0,0,0,0,0,0,0,0
134604238,1,1,1,0,0,1,0,0,0,0
134604240,1,1,0,0,0,1,0,0,0,0
134604304,1,1,0,1,1,1,0,0,0,1
134604369,1,1,0,1,1,0,0,0,0,0
134604763,1,0,0,0,0,0,0,0,0,0
134604908,0,0,0,0,0,0,0,0,0,0
134604951,1,0,0,0,1,1,0,1,0,0
134605010,0,0,0,0,0,0,0,0,0,0
134605084,1,0,0,1,1,0,0,1,0,0
134605108,1,0,0,0,0,0,0,0,0,0
134605357,1,1,0,0,0,0,0,0,0,0
134605393,0,0,0,0,0,0,0,0,0,0
134605403,1,0,0,0,0,0,0,0,0,0
134605428,1,1,0,1,0,0,0,0,0,0
134605490,0,0,0,0,0,0,0,0,0,0
134605505,1,1,0,0,0,0,0,0,0,0
134605582,1,1,1,0,1,1,0,1,0,1
134605681,1,0,0,0,0,0,0,0,0,0
134605714,1,1,1,0,1,1,0,1,0,1
134606106,1,1,0,0,0,1,0,0,0,0
134606155,1,1,0,0,0,1,0,1,0,0
134606250,1,0,0,0,0,1,0,0,0,0
134606452,1,0,0,0,0,1,0,0,0,0
134606503,1,0,0,1,1,0,0,0,0,0
134606586,1,1,0,0,0,1,0,0,1,0
134606592,1,0,0,0,0,0,0,0,0,0
134606617,1,1,0,1,1,1,0,0,0,0
134606646,1,1,0,0,0,0,0,0,1,1
134606906,0,0,0,0,0,0,0,0,0,0
134607083,1,1,0,0,0,0,0,0,0,0
134607128,1,0,0,0,0,0,0,0,0,0
134607131,1,0,0,0,0,0,0,0,0,0
134607215,1,0,0,0,0,0,0,0,0,0
134607220,0,0,0,0,0,0,0,0,0,0
134607753,1,1,0,0,0,1,0,0,0,1
134607837,1,1,0,0,0,0,0,0,0,0
134607862,1,0,0,0,0,0,0,0,0,0
134607938,1,0,0,0,0,0,0,0,0,0
134607964,1,0,0,0,0,0,0,0,0,0
134608157,0,0,0,0,0,1,0,0,0,0
134608224,1,1,0,0,0,1,0,0,0,0
134608269,1,1,0,0,0,1,0,0,0,0
134608279,1,1,0,0,1,0,1,0,0,1
134608304,1,0,0,1,0,1,0,0,0,0
134608311,1,0,0,0,0,0,0,0,0,0
134608316,1,0,0,1,1,1,0,0,0,0
134608346,0,0,0,0,0,0,0,0,0,0
134608465,1,0,0,0,0,0,0,0,1,1
134608513,0,0,0,0,0,0,0,0,0,0
134608752,1,0,0,1,1,0,0,0,0,0
134608764,1,0,0,0,0,0,0,0,0,0
134608826,0,0,0,0,0,0,0,0,0,0
134608868,0,0,0,0,0,0,0,0,0,0
134608944,1,1,1,0,0,0,0,0,0,0
134608978,0,0,0,0,0,0,0,0,0,0
134609187,1,0,0,1,0,1,0,0,0,0
134609197,1,1,1,0,0,0,0,0,1,1
134609398,1,0,0,0,0,0,0,0,0,0
134609401,1,0,0,1,1,0,1,0,0,0
134609441,1,1,0,0,0,0,0,0,0,0
134609470,1,1,0,0,0,0,0,1,0,0
134609494,0,0,0,0,0,0,0,0,0,0
134609599,1,0,0,0,0,0,0,0,0,0
134609610,1,0,0,0,0,0,0,0,0,0
134609614,1,1,1,0,0,0,0,1,0,0
134609629,0,0,0,0,0,0,0,0,0,0
134609631,1,0,0,0,0,0,0,0,0,0
134609841,1,0,0,0,0,1,0,0,0,0
134609935,0,0,0,0,0,0,0,0,0,0
134610058,1,1,0,0,0,0,0,0,0,0
134610118,1,0,0,0,0,0,0,0,0,0
134610141,1,0,0,0,0,0,0,0,1,1
134610171,1,1,0,0,0,0,0,0,0,0
134610440,1,0,0,0,0,1,0,0,0,0
134610566,1,0,0,0,0,0,0,0,0,0
134610702,1,0,0,1,1,1,0,0,0,0
134610712,1,0,0,0,0,0,0,0,0,0
134610844,1,0,0,0,0,0,0,0,0,0
134610859,1,0,0,1,1,0,0,0,0,0
134610868,1,0,1,1,1,0,1,0,1,1
134610889,0,0,0,0,0,0,0,0,0,0
134610911,1,0,0,0,0,1,0,1,0,0
134610970,1,0,0,0,0,0,0,0,0,0
134611145,1,0,0,0,0,1,0,0,0,0
134611252,1,0,0,1,1,1,0,0,0,0
134611296,1,1,1,0,0,0,0,0,0,0
134611333,1,0,1,0,0,0,0,0,1,1
134611348,0,0,0,0,0,0,0,0,0,0
134611377,1,1,1,0,0,1,1,1,0,0
134611379,1,1,0,0,0,0,0,0,0,0
134611409,0,0,0,0,0,0,0,0,0,0
134611433,1,1,0,1,1,0,0,0,0,0
134611494,1,0,0,1,1,1,0,0,0,0
134611642,1,1,0,0,0,0,0,0,0,0
134611709,0,0,0,0,0,0,0,0,0,0
134611713,1,1,0,0,0,1,0,0,1,0
134611755,1,0,0,1,1,0,0,0,0,0
134611771,1,0,0,1,1,1,0,0,0,0
134611822,1,1,0,0,0,0,0,0,1,1
134611852,1,0,0,0,0,0,0,0,1,1
134611867,1,1,0,1,1,0,0,0,0,1
134612025,1,1,0,0,0,1,0,1,0,0
134612035,0,0,0,0,0,0,0,0,0,0
134612037,1,0,0,1,1,0,0,1,0,0
134612145,1,0,0,1,1,1,0,1,0,1
134612169,1,0,1,0,0,0,0,0,0,1
134612189,1,0,1,0,0,0,0,0,0,1
134612278,1,0,0,0,0,0,0,0,0,0
134612323,1,0,1,0,0,0,0,0,0,1
134612394,1,1,0,0,0,1,0,0,1,0
134612409,0,0,0,0,0,0,0,0,0,0
134612482,0,0,0,0,0,0,0,0,0,0
134612511,0,0,0,0,0,0,0,0,0,0
134612635,1,0,0,0,0,1,0,0,0,0
134612707,1,0,0,0,0,0,0,1,1,0
134612713,1,0,0,0,0,0,0,0,0,0
134612743,1,0,0,0,0,1,0,0,0,1
134612751,1,1,0,0,0,1,0,0,0,1
134612825,1,0,0,0,0,0,0,0,0,0
134613033,1,0,0,0,0,0,0,0,0,0
134613108,0,0,0,0,0,0,0,0,0,0
134613174,1,0,0,0,0,0,0,0,0,0
134613321,1,0,1,1,0,1,0,0,1,0
134613420,1,1,0,0,0,1,0,0,1,0
134613457,1,0,0,0,0,0,0,0,0,0
134613543,1,0,0,0,0,1,0,0,0,0
134613616,1,1,0,1,0,1,0,0,0,1
134613669,1,1,0,0,0,0,0,0,0,0
134613782,0,0,0,0,0,0,0,0,0,0
134613890,1,1,0,0,0,1,0,0,0,0
134613903,1,1,0,0,0,0,0,0,0,0
134613915,1,0,0,1,1,0,0,0,0,0
134613939,1,1,0,0,0,1,0,0,0,0
134613954,1,1,0,0,0,0,0,0,0,0
134613983,0,1,0,0,0,0,0,0,0,0
134614097,1,1,1,0,0,0,0,0,0,0
134614119,1,0,0,0,0,1,0,0,0,0
134614171,0,0,0,0,0,0,0,0,0,0
134614199,1,0,1,0,0,1,0,0,1,0
134614239,1,1,0,1,1,1,0,1,0,0
134614291,1,1,0,0,0,0,0,0,0,0
134614301,1,0,0,0,0,0,0,0,0,0
134614310,1,0,0,1,1,0,0,0,1,1
134614329,1,1,0,0,0,0,0,0,0,0
134614375,0,0,0,0,0,0,0,0,0,0
134614389,1,1,0,0,0,0,0,0,0,0
134614398,1,0,0,0,0,0,0,0,0,0
134614657,1,0,0,0,0,0,0,1,1,0
134614741,1,1,0,0,0,0,0,0,0,0
134614743,1,0,0,0,0,0,0,0,0,0
134614817,1,0,0,0,0,1,0,0,0,0
134614855,0,0,0,0,0,0,0,0,0,0
134614857,0,0,0,0,0,0,0,0,0,0
134614968,1,1,0,0,0,0,0,0,0,0
134614992,1,0,0,0,0,0,0,0,0,0
134615009,1,0,0,1,1,0,0,0,0,0
134615184,1,0,0,1,1,0,0,0,0,0
134615201,1,0,0,1,1,1,1,0,1,1
134615233,0,0,0,0,0,0,0,0,0,0
134615303,1,0,0,0,0,0,0,0,0,0
134615397,0,0,0,0,0,0,0,0,0,0
134615429,1,0,0,0,0,0,0,0,0,0
134615603,1,1,1,0,0,1,0,0,0,0
134615613,1,1,1,0,0,1,0,0,0,0
134615718,0,0,0,0,0,0,0,0,0,0
134615767,1,0,0,0,0,0,0,0,0,0
134615969,1,0,0,0,0,0,0,0,0,0
134615996,1,0,0,0,0,1,0,0,0,1
134616082,1,0,1,0,0,0,0,0,0,1
134616103,1,1,0,0,0,1,0,0,0,0
134616119,1,0,0,0,0,1,0,0,0,0
134616275,1,0,1,0,0,0,0,0,0,0
134616297,1,0,0,1,1,0,0,1,0,0
134616362,1,0,0,0,0,0,0,0,0,0
134616371,1,1,1,0,1,0,0,0,0,0
134616398,1,0,0,1,0,1,0,1,0,0
134616449,0,0,0,0,0,0,0,0,0,0
134616450,1,0,0,0,0,0,0,0,0,0
134616472,1,1,0,0,0,1,0,0,0,0
134616487,1,0,0,0,0,1,0,1,0,0
134616694,0,0,0,0,0,0,0,0,0,0
134616764,1,0,0,1,1,0,1,0,1,1
134616771,1,0,0,1,1,1,1,1,1,1
134616792,1,1,0,0,0,1,0,1,0,0
134616815,1,0,0,0,0,0,0,1,1,1
134616839,0,0,0,0,0,0,0,0,0,0
134616885,1,0,0,0,0,0,0,0,0,0
134616946,1,1,0,1,1,0,0,0,0,0
134617006,1,0,0,0,0,0,0,1,1,1
134617009,0,0,0,0,0,0,0,0,0,0
134617102,1,0,0,0,0,1,0,0,0,0
134617166,1,0,0,0,0,0,0,0,0,0
134617226,1,1,0,0,0,1,0,0,0,0
134617237,1,0,0,0,0,0,0,0,0,0
134617294,0,0,0,0,0,0,0,0,0,0
134617445,1,0,1,1,1,0,0,0,0,0
134617457,1,0,0,1,1,0,0,0,0,0
134617651,0,0,0,0,0,0,0,0,0,0
134617727,0,0,0,0,0,0,0,0,0,0
134617884,1,1,0,0,0,1,0,0,0,0
134617963,0,0,0,0,0,0,0,0,0,0
134618006,0,0,0,0,0,0,0,0,0,0
134618119,1,0,0,0,0,0,0,0,0,0
134618127,0,0,0,0,0,0,0,0,0,0
134618173,0,0,0,0,0,0,0,0,0,0
134618273,1,1,1,0,1,1,0,0,0,1
134618300,1,1,1,1,1,0,1,0,1,1
134618345,1,0,0,0,0,0,0,0,0,0
134618372,1,0,1,1,1,0,1,0,1,1
134618411,1,0,0,1,1,0,1,0,1,1
134618448,1,0,0,0,0,0,0,0,0,0
134618510,0,0,0,0,0,0,0,0,0,0
134618572,0,0,0,0,0,0,0,0,0,0
134618611,1,1,0,1,1,0,1,0,0,1
134618685,0,0,0,0,0,0,0,0,0,1
134618874,1,0,0,1,0,1,0,0,0,0
134618957,1,0,0,0,0,0,0,0,1,0
134618960,0,0,0,0,0,0,0,0,0,0
134618973,1,0,0,0,0,0,0,1,1,1
134618982,1,0,0,0,0,0,0,0,0,0
134619023,1,0,0,1,1,0,0,0,0,0
134619061,0,0,0,0,0,0,0,0,0,0
134619073,1,0,1,1,0,0,0,1,1,1
134619098,0,0,0,0,0,0,0,0,0,0
134619138,1,0,0,0,0,0,0,0,0,0
134619185,1,0,1,1,0,1,0,1,0,1
134619226,1,0,0,0,0,0,0,0,0,0
134619227,0,0,0,0,0,0,0,0,0,0
134619246,1,0,1,1,0,0,0,1,0,1
134619279,1,0,0,0,0,0,0,0,0,0
134619349,0,0,0,0,0,0,0,0,0,0
134619448,1,1,0,0,0,0,0,0,0,0
134619474,0,0,0,0,0,0,0,0,0,0
134619475,0,0,0,0,0,0,0,0,0,0
134619487,1,1,0,1,1,0,0,1,0,0
134619522,1,0,0,1,1,0,1,0,1,0
134619556,1,0,0,0,0,0,0,0,1,0
134619637,1,0,0,1,1,0,0,0,0,0
134619646,1,0,0,0,0,0,0,0,0,0
134619661,0,0,0,0,0,0,0,0,0,0
134619705,1,0,0,1,1,1,0,0,0,0
134619752,1,0,0,1,1,1,0,0,0,0
134619761,1,0,0,0,0,0,0,0,0,0
134619805,1,0,0,0,0,1,0,0,0,0
134619867,1,0,0,0,0,1,0,0,0,0
134619962,1,1,0,0,0,0,0,0,0,0
134619991,0,0,0,0,0,0,0,0,0,0
134620063,1,0,1,0,0,0,0,0,0,0
134620129,1,1,0,0,0,1,0,0,0,0
134620130,0,0,0,0,0,0,0,0,0,0
134620177,1,1,0,0,0,0,0,0,0,0
134620213,0,0,0,0,0,0,0,0,0,0
134620216,1,0,1,1,1,0,1,0,1,1
134620260,0,0,0,0,0,0,0,0,0,0
134620319,1,1,1,1,1,0,1,0,1,1
134620374,1,0,1,1,1,0,1,0,1,1
134620529,1,0,0,0,1,0,0,0,0,0
134620537,1,0,0,0,0,0,0,0,0,0
134620575,1,1,0,0,0,0,0,0,0,0
134620597,0,0,0,0,0,0,0,0,0,0
134620619,0,0,0,0,0,0,0,0,0,0
134620655,1,0,0,0,0,0,0,0,0,0
134620714,1,1,0,1,0,1,0,0,0,0
134620723,1,0,0,0,0,0,0,0,0,0
134620772,1,1,0,0,0,1,0,0,0,0
134620794,1,1,0,0,0,0,0,1,0,0
134620878,1,0,1,0,0,0,0,1,0,0
134620976,1,0,0,0,0,0,0,0,0,0
134621004,1,0,0,0,0,1,0,0,0,0
134621032,0,0,0,0,0,0,0,0,0,0
134621063,1,0,0,0,0,0,0,1,0,0
134621070,1,0,0,0,0,0,0,0,0,0
134621094,1,0,0,0,0,0,0,0,0,0
134621098,0,0,0,0,0,0,0,0,0,0
134621110,1,0,0,1,1,0,0,0,0,0
134621131,1,0,0,0,0,0,0,0,0,0
134621163,1,1,0,0,0,1,0,0,0,0
134621240,0,0,0,0,0,0,0,0,0,0
134621333,1,0,0,0,0,0,0,0,0,0
134621599,1,0,0,1,1,0,0,0,0,0
134621852,1,1,1,1,1,1,0,0,0,0
134621855,1,1,0,0,0,0,0,0,0,0
134621903,1,0,0,1,1,0,1,0,1,1
134621945,1,1,0,0,0,0,0,0,0,0
134622060,1,0,0,0,0,0,0,0,0,0
134622154,1,1,1,0,0,0,0,1,1,0
134622158,1,0,0,1,1,0,0,0,0,0
134622205,1,1,1,1,1,1,0,0,0,0
134622240,0,0,0,0,0,0,0,0,0,0
134622490,0,0,0,0,0,0,0,0,0,0
134622586,1,1,0,0,0,0,0,1,0,1
134622652,1,0,0,1,1,1,1,0,1,1
134622657,0,0,0,0,0,0,0,0,0,0
134622686,1,0,0,1,1,0,0,0,0,0
134622690,1,1,0,1,1,1,0,0,0,1
134622723,0,0,0,0,0,0,0,0,0,0
134622732,1,1,0,1,0,1,0,0,1,1
134622749,1,1,0,0,0,1,0,0,0,0
134622793,1,0,0,0,0,0,0,0,0,0
134622800,1,0,0,0,0,1,0,1,0,0
134622864,0,0,0,0,0,0,0,0,0,0
134622895,1,0,0,0,0,0,0,1,1,1
134622909,1,0,0,1,1,1,1,0,0,0
134623033,1,0,0,0,0,0,0,0,0,0
134623077,1,0,0,0,0,0,0,1,1,1
134623086,1,1,0,0,1,0,0,1,1,0
134623089,1,0,0,0,0,0,0,1,1,1
134623091,0,1,0,0,0,0,0,0,0,0
134623104,1,0,0,0,0,0,0,1,1,1
134623149,1,1,0,1,1,1,0,0,0,0
134623275,1,1,1,0,0,0,0,0,0,0
134623359,0,0,0,0,0,0,0,0,0,0
134623467,0,0,0,0,0,0,0,0,0,0
134623483,0,0,0,0,0,0,0,0,0,0
134623562,1,0,0,0,0,0,0,0,0,0
134623563,1,1,1,0,1,1,0,1,0,1
134623593,1,1,0,0,0,1,0,0,0,0
134623645,1,1,0,1,1,1,0,1,0,0
134623867,1,0,0,1,1,0,1,0,1,1
134624181,1,0,0,0,0,0,0,0,0,0
134624273,0,0,0,0,0,0,0,0,0,0
134624467,1,0,0,0,0,0,0,0,0,0
134625403,1,0,0,0,0,0,0,0,0,0
134625425,1,0,0,0,0,1,0,0,0,0
134625985,0,0,0,0,0,0,0,0,0,0
134625996,1,0,0,0,0,0,0,0,0,0
134626020,1,0,0,0,0,1,0,0,0,0
134626067,1,0,0,0,0,0,0,0,0,0
134626195,0,0,0,0,0,0,0,0,0,0
134626328,1,0,0,1,1,1,0,0,0,0
134626343,1,0,0,0,0,0,0,0,0,0
134626355,1,0,0,0,0,0,0,0,0,0
134626406,1,0,0,0,0,0,0,0,0,0
134626573,0,0,0,0,0,0,0,0,0,0
134626607,0,0,0,0,0,0,0,0,0,0
134626623,1,0,0,0,0,1,0,0,0,0
134626635,1,0,0,0,0,0,0,0,0,0
134626702,1,1,0,0,0,0,0,1,0,0
134626723,1,0,0,0,0,0,0,1,0,1
134626751,1,1,0,0,0,0,0,0,1,0
134626817,0,0,0,0,0,0,0,0,0,0
134626828,1,1,0,0,0,0,0,0,0,0
134626839,1,1,0,0,0,1,0,0,0,0
134627003,0,0,0,0,0,0,0,0,0,0
134627060,1,0,0,0,0,0,0,0,0,0
134627088,1,0,0,0,0,0,0,0,0,0
134627248,1,0,0,0,0,0,0,0,0,0
134627265,1,1,1,1,1,1,0,0,0,1
134627282,1,0,0,1,1,0,1,0,1,1
134627350,1,0,0,1,1,0,1,0,1,1
134627367,1,0,0,0,0,0,0,0,0,0
134627394,0,0,0,0,0,0,0,0,0,0
134627425,0,0,0,0,0,0,0,0,0,0
134627491,0,0,0,0,0,0,0,0,0,0
134627514,1,0,0,0,0,0,0,1,1,1
134627579,0,1,0,0,0,0,0,0,0,0
134627588,0,0,0,0,0,0,0,0,0,0
134627593,1,1,0,0,0,0,0,0,0,1
134627607,1,0,0,1,1,0,0,0,1,1
134627618,1,0,0,1,1,0,0,0,1,1
134627643,1,0,0,1,1,0,1,0,1,1
134627779,0,0,0,0,0,0,0,0,0,0
134627786,1,0,0,0,0,0,0,0,0,0
134627808,1,1,0,1,1,0,0,0,0,1
134627821,1,0,0,0,0,0,0,0,0,0
134627842,1,1,1,1,1,1,0,1,0,0
134627884,1,1,1,0,1,1,0,1,0,1
134627918,1,0,0,1,1,0,0,0,0,1
134627954,1,0,1,1,1,0,1,0,1,1
134627994,1,0,0,0,0,1,0,0,0,0
134628006,1,0,0,0,0,0,0,1,0,0
134628071,1,0,1,0,0,0,0,0,1,1
134628169,1,0,0,1,1,0,0,0,0,1
134628177,1,0,0,0,0,1,0,0,0,0
134628185,1,0,1,1,1,0,1,0,1,1
134628190,1,1,0,0,0,0,0,0,0,0
134628233,0,0,0,0,0,0,0,0,0,0
134628271,1,0,0,1,1,0,0,0,0,0
134628277,1,0,0,1,1,0,0,0,0,1
134628280,1,0,0,0,0,0,0,0,0,0
134628312,1,0,0,1,1,1,0,0,0,0
134628353,1,1,0,1,1,0,0,0,0,1
134628401,1,0,0,1,1,0,0,0,0,1
134628422,1,1,0,0,0,0,0,0,0,0
134628463,1,0,0,1,1,0,0,0,0,0
134628471,1,1,1,1,1,0,0,0,1,1
134628472,1,0,0,1,1,0,0,0,0,1
134628518,1,0,1,1,1,0,1,0,1,0
134628543,0,0,0,0,0,0,0,0,0,1
134628582,0,0,0,0,0,0,0,0,0,0
134628617,0,0,0,0,0,0,0,0,0,0
134628683,1,0,1,0,0,0,0,0,0,0
134628689,1,0,0,1,1,0,0,1,0,1
134628738,1,1,0,1,1,0,0,0,0,0
134628739,1,0,1,1,1,0,1,0,1,1
134628770,1,1,0,1,1,0,0,0,0,1
134628802,1,0,0,0,0,0,0,0,0,0
134628822,1,0,0,1,1,0,0,0,0,0
134628872,1,0,0,1,1,0,0,0,0,1
134628941,1,1,0,1,1,0,0,0,0,0
134628959,1,1,0,0,0,0,0,0,0,0
134629002,1,1,0,0,0,0,0,0,0,0
134629022,1,0,0,0,0,1,0,0,0,0
134629075,1,1,0,1,1,1,0,0,0,0
134629162,1,1,0,1,1,1,0,0,0,0
134629241,1,0,0,0,0,0,0,0,0,0
134629252,1,1,0,1,1,1,0,0,0,0
134629264,1,1,0,0,0,0,0,0,0,0
134629269,1,1,0,1,1,0,0,1,1,0
134629315,1,0,1,1,1,0,1,0,1,1
134629341,1,1,0,0,1,0,0,0,0,0
134629349,0,0,0,0,0,0,0,0,0,0
134629365,0,0,0,0,0,0,0,0,0,0
134629421,1,1,0,1,1,1,0,0,0,0
134629470,1,0,0,0,0,0,0,0,1,1
134629476,1,0,0,0,0,0,0,0,1,0
134629511,1,0,0,1,1,0,0,1,1,0
134629547,1,0,0,1,1,0,1,1,0,1
134629666,1,1,1,0,0,0,0,1,1,0
134629701,1,0,0,0,0,0,0,1,0,0
134629727,1,0,0,1,1,0,0,1,1,0
134629732,1,1,1,1,1,1,0,1,0,0
134629771,1,0,0,0,0,0,0,0,0,0
134629805,1,0,1,0,0,0,0,0,0,1
134630194,1,0,1,0,0,0,0,0,0,0
134630301,1,0,0,0,0,0,0,1,1,1
134630322,1,0,0,0,0,0,0,0,0,0
134630346,0,0,0,0,0,0,0,0,0,0
134630431,1,0,0,1,1,1,0,1,0,0
134630443,1,1,0,0,0,0,0,0,0,1
134630451,1,1,0,0,0,1,0,0,0,0
134630457,1,1,1,0,0,1,0,0,0,0
134630499,1,1,0,1,1,0,1,0,1,0
134630534,1,0,0,0,0,0,0,1,1,0
134630717,1,0,0,1,1,0,0,0,0,0
134630757,1,0,0,1,1,1,0,1,0,0
134630796,1,0,0,0,0,0,0,1,1,1
134630884,1,0,0,0,0,0,0,0,0,0
134631010,1,1,0,0,0,1,0,0,0,0
134631044,1,0,0,1,1,0,0,0,0,0
134631067,1,0,0,1,1,0,0,0,1,1
134631091,1,0,0,0,1,0,0,0,0,0
134631134,1,0,0,1,1,0,0,0,1,1
134631162,1,1,1,1,1,1,0,0,0,0
134631242,0,0,0,0,0,0,0,0,0,0
134631318,1,0,0,0,0,0,0,0,0,0
134631325,1,0,0,0,0,0,0,0,0,0
134631351,1,0,0,0,1,0,0,0,0,0
134631417,1,0,0,0,0,0,0,0,0,0
134631552,0,0,0,0,0,0,0,0,0,0
134631673,0,0,0,0,0,0,0,0,0,0
134631685,0,0,0,0,0,0,0,0,0,0
134631756,1,0,0,1,1,1,0,0,0,0
134631771,0,0,0,0,0,0,0,0,0,0
134631823,1,0,0,0,0,1,0,0,0,1
134631865,1,0,0,0,0,0,0,0,0,0
134632179,1,0,0,1,1,0,0,0,1,0
134632414,1,1,0,1,0,1,0,0,0,0
134632454,0,0,0,0,0,0,0,0,0,0
134632531,0,0,0,0,0,0,0,0,0,0
134632533,1,0,0,0,0,0,0,0,0,0
134632556,1,0,0,0,0,0,0,0,0,0
134632650,1,0,0,1,1,0,0,1,0,0
134632673,0,0,0,0,0,0,0,0,0,0
134632709,1,0,0,0,1,0,0,0,0,1
134632838,1,1,0,1,1,1,0,0,0,0
134632889,1,0,0,1,1,1,0,0,0,1
134632979,1,0,0,0,0,0,0,0,0,0
134633118,0,0,0,0,0,0,0,0,0,0
134633195,1,1,0,0,0,0,0,0,0,0
134633264,1,0,0,1,1,0,0,0,1,1
134633324,1,1,0,0,0,1,0,0,0,0
134633371,1,0,0,0,0,0,0,1,1,1
134633596,1,0,0,1,1,0,0,0,1,1
134633618,1,0,0,1,1,0,1,0,0,1
134633642,1,0,0,0,0,0,0,0,0,0
134633700,1,0,0,0,0,0,0,1,1,1
134633757,1,1,1,1,1,1,0,0,0,0
134633847,0,0,0,0,0,0,0,0,0,0
134633955,1,0,0,0,0,1,0,1,0,0
134634014,1,1,1,1,0,1,0,0,0,0
134634289,0,0,0,0,0,0,0,0,0,0
134634591,0,0,0,0,0,0,0,0,0,0
134634669,1,0,0,0,0,0,0,0,0,0
134634697,1,0,0,0,0,0,0,1,1,1
134634792,1,0,0,0,0,0,0,0,0,0
134634939,1,0,1,0,0,1,0,0,0,0
134635018,1,1,1,0,0,0,0,0,0,0
134635075,1,0,0,0,0,1,0,0,0,0
134635137,0,0,0,0,0,0,0,0,0,0
134635305,1,0,0,0,0,0,1,0,0,0
134635370,1,0,0,0,0,0,0,1,1,1
134635387,1,0,0,0,0,0,0,0,0,0
134635407,0,1,0,0,0,1,0,0,0,0
134635590,1,0,0,0,0,0,0,0,0,0
134635684,0,0,0,0,0,0,0,0,0,0
134635728,1,0,0,0,0,0,0,0,0,0
134635744,0,0,0,0,0,0,0,0,0,0
134635813,0,0,0,0,0,0,0,0,0,0
134635846,1,1,1,1,1,1,0,0,0,0
134635896,1,1,0,0,0,0,0,0,0,0
134635953,1,0,0,0,0,0,0,0,0,0
134636088,1,0,0,1,1,1,0,1,0,1
134636134,1,0,0,0,0,0,0,0,0,0
134636155,1,1,1,1,1,1,0,1,0,1
134636227,0,1,0,0,0,0,0,0,0,0
134636282,1,0,0,0,0,0,0,0,0,0
134636389,1,1,1,1,1,1,0,1,0,1
134636431,0,0,0,0,0,0,0,0,0,0
134636453,1,1,0,0,0,0,0,0,0,0
134636473,1,0,0,0,0,0,0,0,0,0
134636510,1,0,0,0,0,0,0,0,0,0
134636544,1,0,0,1,1,0,0,1,1,0
134636576,1,1,1,1,1,1,0,1,0,1
134636639,1,0,0,0,0,0,0,0,0,0
134636656,1,0,0,0,0,0,0,0,0,0
134636719,0,0,0,0,0,0,0,0,0,0
134636843,1,0,0,1,1,1,0,0,0,0
134636880,1,0,0,0,0,0,0,0,0,0
134636914,1,0,0,1,1,1,0,1,1,1
134636928,1,0,0,0,0,0,0,0,0,0
134636950,1,1,0,1,1,1,0,0,1,0
134637167,1,1,0,0,0,0,0,0,0,0
134637212,1,0,0,0,0,0,0,0,0,0
134637519,1,0,0,0,0,1,0,0,0,0
134637548,0,0,0,0,0,0,0,0,0,0
134637556,1,0,0,0,0,0,0,0,0,0
134637607,0,0,0,0,0,0,0,0,0,0
134637644,1,0,0,1,1,0,1,0,0,1
134637651,1,0,0,0,0,0,0,0,0,0
134637738,1,0,0,1,1,0,0,1,1,0
134637741,1,0,0,0,0,0,0,0,0,0
134637759,1,1,0,1,1,0,0,0,0,1
134637795,1,0,0,0,0,1,0,0,0,0
134637815,1,0,0,0,0,1,0,0,0,0
134637831,1,0,1,0,0,0,0,0,0,1
134637924,0,0,0,0,0,0,0,0,0,0
134638063,1,1,0,0,0,1,0,0,0,0
134638073,1,0,0,0,0,0,0,0,0,0
134638080,1,0,0,1,1,0,1,0,1,1
134638124,1,1,0,1,1,1,1,0,0,1
134638189,1,0,0,0,0,1,0,0,0,0
134638208,1,0,0,1,1,1,0,0,0,0
134638347,1,0,0,0,1,1,0,0,0,0
134638366,1,0,0,0,0,0,0,0,0,1
134638435,1,0,0,1,1,0,0,1,0,1
134638471,1,0,0,0,0,0,0,0,0,0
134638558,0,0,0,0,0,0,0,0,0,0
134638660,1,0,0,0,0,1,0,0,0,0
134638668,0,0,0,0,0,0,0,0,0,0
134638747,0,0,0,0,0,0,0,0,0,0
134638873,1,0,0,1,1,0,1,0,1,1
134639055,1,0,0,0,0,0,0,0,0,0
134639071,1,1,1,1,1,0,0,0,0,0
134639296,1,0,0,1,1,0,0,0,1,0
134639311,1,0,0,1,1,0,1,0,1,1
134639370,1,0,0,0,0,0,0,0,0,0
134639382,1,1,1,1,1,1,0,0,0,1
134639426,0,0,0,0,0,0,0,0,0,0
134639506,1,1,0,1,1,0,0,0,0,0
134639517,1,0,0,0,0,0,0,0,0,0
134639572,0,0,0,0,0,0,0,0,0,0
134639655,1,1,0,0,0,1,0,0,0,0
134639688,1,1,0,1,1,1,0,1,0,0
134639739,0,0,0,0,0,0,0,0,0,0
134639889,1,1,0,0,0,1,0,0,0,0
134639982,1,1,0,0,0,1,0,0,0,0
134639998,1,1,0,0,0,0,0,0,1,0
134640108,1,1,0,0,0,0,0,0,0,0
134640131,1,0,0,1,1,1,0,0,1,1
134640291,1,0,0,0,0,0,0,0,0,0
134640295,1,0,1,1,1,0,1,0,1,1
134640298,1,1,1,0,0,0,0,0,0,0
134640464,1,0,0,0,0,0,0,0,0,0
134640543,1,0,0,1,1,1,0,0,0,0
134640566,0,0,0,0,0,0,0,0,0,0
134640570,1,0,0,1,1,0,0,1,0,0
134640725,1,0,0,0,0,0,0,0,0,0
134640728,0,0,0,0,0,0,0,0,0,0
134640805,1,0,0,0,1,1,0,0,0,0
134640841,1,0,0,1,0,1,0,0,0,0
134641010,1,0,1,0,1,0,1,1,0,0
134641095,1,0,0,0,0,0,0,0,0,0
134641097,1,0,0,0,0,0,0,0,0,0
134641098,1,0,0,0,0,1,0,0,0,0
134641235,1,0,0,0,0,0,0,0,0,0
134641313,1,0,0,0,1,1,0,0,0,0
134641394,1,0,0,1,1,1,0,0,0,0
134641418,1,1,1,0,0,0,0,0,0,0
134641502,1,0,0,1,1,0,0,0,0,0
134641650,1,0,0,0,0,0,0,0,0,0
134641671,1,0,0,0,0,0,0,0,0,0
134641717,1,0,0,0,0,0,0,0,0,0
134641814,1,0,0,0,0,0,0,0,0,0
134641868,1,0,1,0,0,0,0,0,0,0
134641885,1,0,0,0,1,0,0,1,1,1
134642079,1,0,0,0,0,0,0,0,1,1
134642083,0,0,0,0,0,0,0,0,0,0
134642248,1,0,0,1,1,1,0,0,0,1
134642270,0,0,0,0,0,0,0,0,0,0
134642479,0,1,0,0,0,0,0,0,0,0
134642873,1,0,0,0,0,0,0,0,0,0
134643168,0,0,0,0,0,0,0,0,0,0
134643222,0,0,0,0,0,0,0,0,0,0
134643237,0,0,0,0,0,0,0,0,0,0
134643246,1,0,0,0,0,0,0,0,0,0
134643252,1,0,0,0,0,0,0,1,1,0
134643340,1,0,0,0,0,0,0,0,0,0
134643366,0,0,0,0,0,0,0,0,0,0
134643390,1,0,0,0,0,0,0,0,0,0
134643418,1,0,0,0,0,0,0,0,0,0
134643447,1,1,1,0,0,0,0,0,0,0
134643477,1,0,0,0,0,0,0,0,0,0
134643514,0,0,0,0,0,0,0,0,0,0
134643752,1,1,0,0,0,0,0,0,0,1
134643757,1,1,0,0,0,0,0,0,0,1
134643767,0,0,0,0,0,0,0,0,0,0
134643778,1,1,0,0,0,0,0,1,0,0
134643868,1,0,0,0,0,1,0,0,0,0
134643882,0,0,0,0,0,0,0,0,0,0
134643961,1,1,0,1,1,1,0,0,0,0
134644027,1,0,0,0,0,0,0,1,1,1
134644060,1,0,0,0,0,0,0,1,1,1
134644166,1,0,0,0,0,0,0,1,1,1
134644301,1,0,0,0,0,0,0,0,0,0
134644378,1,0,0,0,0,1,0,0,0,0
134644430,0,0,0,0,0,0,0,0,0,0
134644435,1,0,0,0,0,0,0,0,0,0
134644505,1,0,0,0,0,0,0,0,0,0
134644506,1,0,1,0,0,0,0,0,1,1
134644605,0,0,0,0,0,0,0,0,0,0
134644632,0,0,0,0,0,0,0,0,0,0
134644649,0,0,0,0,0,0,0,0,0,0
134644710,1,0,0,0,0,0,0,0,1,1
134644776,1,0,0,0,0,0,0,0,0,0
134644821,0,0,0,0,0,0,0,0,0,0
134644846,1,1,0,0,0,0,0,0,0,0
134644851,1,1,0,0,0,0,0,0,0,0
134644858,1,1,1,0,0,0,0,0,0,0
134644883,1,1,0,1,1,1,0,0,0,0
134645052,1,0,0,0,0,0,0,0,0,0
134645061,1,0,0,0,0,0,0,1,1,0
134645088,1,0,0,0,0,0,0,0,0,0
134645132,1,1,0,0,0,0,0,0,0,0
134645286,0,0,0,0,0,0,0,0,0,0
134645348,1,0,0,1,1,0,0,0,0,1
134645374,1,0,0,1,1,0,0,0,0,0
134645388,1,1,0,0,0,1,0,0,0,0
134645430,1,0,0,1,1,0,0,0,0,1
134645497,1,1,0,0,0,1,0,0,0,0
134645508,1,0,0,1,1,0,0,0,0,1
134645567,1,0,1,0,0,0,0,0,0,0
134645697,1,0,0,1,1,1,0,0,0,0
134645710,1,0,0,0,0,0,0,0,0,0
134645757,1,0,0,1,1,1,0,0,1,1
134645772,1,1,0,0,0,0,0,0,0,0
134645778,1,0,0,0,0,0,0,0,0,0
134645816,1,1,1,0,0,0,0,0,0,0
134645857,0,0,0,0,0,0,0,0,0,0
134645861,1,1,0,0,0,1,0,0,0,0
134645862,0,0,0,0,0,0,0,0,0,0
134645892,1,1,0,0,0,0,0,0,0,0
134645993,0,0,0,0,0,0,0,0,0,0
134646208,1,1,0,0,0,0,0,0,0,1
134646222,1,1,0,1,0,1,0,0,0,1
134646330,1,0,0,0,0,0,0,0,0,0
134646490,1,0,0,0,0,0,0,0,0,0
134646527,1,0,0,0,0,0,0,0,0,0
134646575,1,0,0,0,0,0,0,0,0,0
134646667,1,0,0,0,0,0,0,0,0,0
134646729,1,1,0,0,0,0,0,0,0,0
134646803,0,0,0,0,0,0,0,0,0,0
134646848,1,1,0,0,0,0,0,0,0,0
134646854,1,0,0,0,0,0,0,1,1,1
134646942,1,0,0,0,0,1,0,0,0,0
134646943,1,0,0,1,1,0,0,0,1,0
134646961,1,1,0,0,0,0,0,0,0,0
134646996,1,0,0,0,0,0,0,0,0,0
134647030,1,0,0,0,0,0,0,0,0,0
134647071,1,0,0,1,1,1,0,0,0,0
134647115,0,0,0,0,0,0,0,0,0,0
134647172,1,0,0,0,0,0,0,0,1,0
134647315,0,0,0,0,0,0,0,0,0,0
134647456,0,0,0,0,0,0,0,0,1,0
134647463,1,1,0,0,0,0,0,0,0,0
134647489,1,0,0,1,1,0,0,0,0,1
134647550,0,0,0,0,0,0,0,0,0,0
134647555,1,0,0,0,0,0,0,0,0,0
134647762,1,0,1,1,0,0,0,1,0,1
134647785,1,0,0,0,0,0,0,0,1,1
134648075,1,0,0,0,0,0,0,0,1,1
134648078,1,0,1,0,0,0,0,0,0,0
134648082,1,0,0,0,0,0,0,0,0,0
134648234,1,1,0,1,0,1,0,1,0,0
134648264,1,0,0,0,0,0,0,0,0,0
134648269,1,0,0,1,1,0,0,0,0,1
134648279,1,0,0,0,0,1,0,0,0,0
134648309,0,0,0,0,0,0,0,0,0,0
134648369,1,0,0,0,0,0,0,0,1,0
134648392,0,0,0,0,0,0,0,0,0,0
134648478,1,1,0,0,1,0,0,0,0,0
134648489,1,0,1,1,1,0,1,0,1,1
134648538,1,0,0,0,0,0,0,0,1,0
134648577,1,0,0,0,0,0,0,0,0,0
134648819,0,0,0,0,0,0,0,0,0,0
134648934,1,0,0,0,0,0,0,0,0,0
134648992,1,0,0,1,1,0,0,0,0,1
134649026,1,0,0,0,0,0,0,0,0,0
134649306,1,0,0,1,1,0,0,0,0,1
134649313,1,0,0,0,0,1,0,0,0,0
134649379,1,1,1,1,1,1,0,0,0,0
134649437,0,0,0,0,0,0,0,0,0,0
134649449,1,1,0,0,0,0,0,0,0,0
134649467,1,0,0,0,0,0,0,0,0,0
134649622,1,0,0,1,1,0,1,0,1,1
134649651,1,1,0,0,0,0,0,0,0,0
134649985,1,0,0,0,0,0,0,0,0,0
134650155,1,0,0,0,0,0,0,0,0,0
134650215,1,0,0,0,0,0,0,0,0,0
134650328,0,0,0,0,0,0,0,0,0,0
134650332,1,1,0,0,0,0,0,0,0,0
134650417,1,0,0,0,0,0,0,0,0,0
134650532,1,0,0,0,0,0,0,0,0,0
134650538,1,0,1,0,0,0,0,0,0,0
134650793,1,1,0,1,1,0,1,0,1,1
134650813,0,0,0,0,0,0,0,0,0,0
134650821,1,0,0,0,0,1,0,0,0,1
134650901,0,0,0,0,0,0,0,0,0,0
134650916,1,0,0,0,0,0,0,0,0,0
134650923,0,0,0,0,0,0,0,0,0,0
134650927,1,1,1,0,0,0,0,0,0,0
134650951,1,1,0,1,1,0,1,0,0,0
134651232,1,0,0,1,1,1,0,0,0,0
134651313,1,0,0,0,0,0,0,1,0,0
134651346,0,0,0,0,0,0,0,0,0,0
134651369,1,0,0,0,0,0,0,1,1,1
134651441,1,1,0,0,0,1,0,0,0,0
134651471,1,0,0,0,0,0,0,0,0,0
134651484,1,0,0,0,0,0,0,0,0,0
134651527,1,0,0,0,0,0,0,1,1,1
134651604,1,0,0,1,1,0,0,0,1,0
134651800,0,0,0,0,0,0,0,0,0,0
134651822,1,0,0,0,0,1,0,0,0,0
134651850,0,1,0,0,0,0,0,0,0,0
134651942,1,1,0,0,0,1,0,0,0,0
134652051,0,0,0,0,0,0,0,0,0,0
134652326,1,0,0,0,1,0,0,0,0,0
134652342,0,0,0,0,0,0,0,0,0,0
134652390,1,0,0,1,1,0,1,0,0,1
134652447,1,0,0,1,1,1,0,0,1,0
134652530,1,0,0,0,0,0,0,0,0,0
134652678,1,1,0,0,0,1,0,1,0,0
134652702,0,0,0,0,0,0,0,0,0,0
134652890,0,0,0,0,0,0,0,0,0,0
134652945,1,0,0,0,0,0,0,0,0,0
134653015,1,0,0,0,0,1,0,0,0,0
134653468,1,1,0,0,0,0,0,0,0,0
134653473,1,1,0,0,0,1,0,0,1,1
134653529,1,0,0,0,0,0,0,0,0,0
134653668,1,1,0,0,0,1,0,1,0,0
134653841,1,0,0,0,1,1,0,0,0,0
134653845,0,0,0,0,0,0,0,0,0,0
134653894,1,0,0,0,0,0,0,0,1,1
134653943,1,0,0,0,0,0,0,0,0,0
134653947,1,1,0,0,0,1,0,0,0,0
134653982,0,0,0,0,0,0,0,0,0,0
134654096,1,0,0,0,0,0,0,0,0,0
134654199,0,0,0,0,0,0,0,0,0,0
134654439,1,1,1,1,1,1,0,0,0,0
134654670,0,0,0,0,0,0,0,0,0,0
134654714,1,0,0,0,0,0,0,0,0,0
134654730,1,0,0,1,1,1,0,0,1,1
134654740,1,0,0,0,0,1,0,0,0,1
134654774,0,0,0,0,0,0,0,0,0,0
134654873,1,0,0,0,0,1,0,0,0,0
134655023,1,0,0,0,0,1,0,0,0,0
134655174,1,0,0,0,0,0,0,0,0,0
134655221,1,0,0,0,0,0,0,0,0,0
134655339,1,1,0,0,0,0,0,0,0,0
134655360,1,0,0,0,0,0,0,0,0,0
134655569,0,0,0,0,0,0,0,0,0,0
134655654,1,1,0,0,0,1,0,1,0,0
134655660,1,1,0,1,1,0,0,0,0,0
134655669,0,0,0,0,0,0,0,0,0,0
134655692,1,0,0,0,0,0,0,0,0,0
134655710,0,0,0,0,0,0,0,0,0,0
134655722,0,0,0,0,0,0,0,0,0,0
134655739,0,0,0,0,0,0,0,0,0,0
134655774,1,1,0,0,0,0,0,0,0,0
134655783,1,1,1,1,1,0,0,1,0,1
134655817,1,1,1,0,0,0,0,1,0,1
134655843,0,0,0,0,0,0,0,0,0,0
134655846,0,0,0,0,0,0,0,0,0,0
134655900,0,0,0,0,0,0,0,0,0,0
134656166,1,0,0,0,0,0,0,0,0,0
134656426,1,0,0,0,0,0,0,0,0,0
134656663,0,0,0,0,0,0,0,0,0,0
134656713,1,0,0,1,1,1,0,1,0,0
134656841,1,1,0,0,0,0,0,0,1,1
134656884,1,1,1,0,0,0,0,0,1,0
134656904,1,0,0,0,0,0,0,0,0,0
134656983,1,1,0,1,1,1,0,1,0,0
134657060,1,0,0,0,0,0,0,0,0,0
134657203,1,1,0,0,0,0,0,0,0,0
134657317,0,0,0,0,0,0,0,0,0,0
134657410,1,0,0,0,0,0,0,0,0,0
134657412,1,1,0,0,0,0,0,0,0,0
134657448,0,0,0,0,0,0,0,0,0,0
134657576,1,0,0,0,0,0,0,0,0,0
134657590,1,0,0,1,1,1,0,0,0,1
134657624,0,0,0,0,0,1,0,0,0,0
134657638,1,0,0,1,1,1,0,0,0,1
134657672,1,0,0,1,1,1,0,0,0,1
134657682,0,0,0,0,0,0,0,0,0,0
134657691,1,0,0,0,0,0,0,0,0,0
134657738,0,0,0,0,0,0,0,0,0,0
134657753,0,0,0,0,0,0,0,0,0,0
134657799,0,0,0,0,0,0,0,0,0,0
134657846,1,0,0,1,1,1,0,0,0,1
134658005,1,0,0,0,0,0,0,0,0,0
134658096,1,0,0,0,0,0,0,1,0,0
134658310,1,1,0,0,0,0,0,0,0,0
134658321,1,0,0,0,0,1,0,0,0,0
134658644,1,0,0,0,0,0,0,0,0,0
134658854,1,1,0,1,0,0,0,0,0,0
134658966,0,0,0,0,0,0,0,0,0,0
134659001,1,1,0,0,0,1,0,0,0,0
134659068,1,0,0,0,0,1,0,0,0,0
134659085,1,0,1,1,1,1,0,0,0,0
134659275,1,0,0,0,0,0,0,0,0,0
134659509,1,1,0,0,0,0,0,0,0,0
134659720,1,1,0,1,1,0,0,0,0,0
134659726,1,0,0,1,1,0,1,1,0,1
134659791,1,0,0,1,1,0,1,1,0,1
134659890,1,0,0,0,0,1,0,0,0,1
134659935,0,0,0,0,0,0,0,0,0,0
134660198,1,1,1,1,1,1,0,1,0,0
134660310,1,0,0,0,0,0,0,0,0,0
134660328,0,0,0,0,0,0,0,0,0,0
134660379,1,1,1,1,1,0,1,0,0,1
134660405,1,0,0,1,1,0,0,0,0,0
134660423,1,0,1,0,0,0,0,0,0,1
134660538,1,0,0,0,0,0,0,0,0,0
134660542,1,0,0,0,0,0,0,0,0,0
134660548,0,0,0,0,0,0,0,0,0,0
134660562,1,1,0,0,0,0,0,0,0,0
134660580,1,0,0,0,0,0,0,0,0,0
134660668,1,1,1,0,0,0,0,0,0,0
134660753,1,0,0,0,0,1,0,0,0,0
134660810,1,0,0,1,1,1,0,0,0,0
134661065,1,0,0,1,1,1,0,0,0,1
134661071,0,0,0,0,0,0,0,0,0,0
134661224,1,0,0,0,0,0,0,0,0,0
134661284,0,0,0,0,0,0,0,0,0,0
134661290,1,1,0,0,0,1,0,0,0,0
134661302,1,0,0,0,0,0,0,0,0,0
134661326,0,0,0,0,0,0,0,0,0,0
134661366,1,0,0,0,0,1,0,0,0,0
134661369,1,1,1,1,0,0,0,0,0,0
134661456,1,0,0,0,0,1,0,0,0,0
134661467,1,0,0,0,0,1,0,0,0,0
134661494,1,0,0,1,1,1,0,0,0,0
134661571,0,1,0,0,0,0,0,0,0,0
134661588,1,0,0,1,1,1,0,0,0,0
134661666,1,1,0,0,0,0,0,0,0,0
134661703,1,0,0,0,1,1,0,0,0,0
134661796,1,0,0,0,0,1,0,0,0,0
134661813,1,0,0,0,0,0,0,0,0,0
134661856,1,0,0,0,0,0,0,0,0,0
134661886,0,0,0,0,0,0,0,0,0,0
134661917,1,0,0,0,0,0,0,0,0,0
134661996,1,0,0,0,0,0,0,0,0,0
134662094,1,0,0,0,0,1,0,0,0,0
134662130,1,0,0,0,0,1,0,0,0,0
134662136,0,0,0,0,0,0,0,0,0,0
134662309,1,1,0,1,1,1,0,1,1,1
134662313,1,0,0,0,0,0,0,0,0,0
134662393,1,0,0,0,0,0,0,0,0,0
134662469,1,0,0,0,0,0,0,0,0,1
134662474,0,0,0,0,0,0,0,0,0,0
134662621,1,0,0,0,0,0,0,0,0,0
134662678,1,1,1,0,1,1,0,1,0,1
134662696,1,1,0,0,1,1,0,0,0,0
134662749,0,0,0,0,0,0,0,0,0,0
134662788,1,0,0,0,0,0,0,0,0,0
134662841,1,1,1,1,1,0,0,0,0,1
134662919,0,0,0,0,0,0,0,0,0,0
134663031,0,0,0,0,0,0,0,0,0,0
134663082,1,0,0,0,0,0,0,0,0,0
134663107,0,0,0,0,0,0,0,0,0,0
134663324,1,1,0,0,0,0,0,0,0,0
134663337,0,0,0,0,0,0,0,0,0,0
134663345,0,0,0,0,0,0,0,0,0,0
134663392,1,0,1,0,0,0,0,0,0,0
134663450,1,1,0,0,0,0,0,0,0,0
134663482,1,1,0,0,0,0,0,0,0,0
134663536,1,0,0,0,0,0,0,0,1,0
134663775,1,0,1,0,0,0,0,0,0,1
134663777,1,0,0,0,0,0,0,0,0,0
134663964,0,0,0,0,0,0,0,0,0,0
134663986,1,0,0,0,0,0,0,0,0,0
134663999,0,0,0,0,0,0,0,0,0,0
134664001,0,0,0,0,0,0,0,0,0,0
134664010,1,1,0,0,0,0,0,0,1,0
134664088,1,0,0,1,1,0,0,0,0,0
134664097,1,0,0,0,0,0,0,0,0,0
134664195,1,0,0,1,1,0,0,0,0,0
134664208,0,0,0,0,0,0,0,0,0,0
134664235,1,1,0,1,1,1,0,0,0,0
134664351,1,1,0,0,0,0,0,0,0,0
134664363,1,1,0,0,0,0,0,0,0,0
134664366,0,0,0,0,0,0,0,0,0,0
134664576,1,0,0,0,0,0,0,0,0,0
134665083,0,1,0,0,0,0,0,0,0,0
134665116,1,1,0,0,0,0,0,0,0,0
134665122,1,0,0,0,0,1,0,0,0,0
134665199,1,0,0,1,0,1,0,1,0,1
134665210,1,0,1,0,0,0,0,0,0,0
134665227,1,0,0,0,0,0,0,0,0,0
134665230,1,0,0,0,0,0,0,0,0,0
134665381,1,0,0,0,0,0,0,0,0,0
134665402,1,0,0,0,0,0,0,0,1,0
134665453,1,0,0,1,0,0,0,0,0,0
134665470,1,0,0,0,0,0,0,0,0,0
134665497,1,1,0,0,0,0,0,0,0,0
134665504,1,0,0,0,0,0,0,0,0,0
134665521,1,0,0,0,0,0,0,0,0,0
134665585,1,0,0,1,0,0,0,0,0,0
134665615,1,0,0,0,0,0,0,0,0,0
134665617,1,1,0,0,0,0,0,0,0,0
134665655,0,0,0,0,0,0,0,0,0,0
134665745,1,1,1,0,0,0,0,0,0,0
134665771,1,1,0,1,0,1,0,1,1,0
134665791,1,0,0,1,1,1,0,0,0,0
134665860,0,0,0,0,0,0,0,0,0,0
134665902,0,0,0,0,0,0,0,0,0,0
134665948,1,0,0,1,1,1,0,0,1,0
134665951,1,0,1,1,0,0,0,1,0,1
134666153,1,0,0,0,0,0,0,0,0,0
134666203,0,0,0,0,0,0,0,0,0,0
134666325,1,0,0,0,0,0,0,0,0,0
134666374,1,0,0,0,0,0,0,0,0,0
134666395,1,1,0,1,1,1,0,0,0,0
134666430,1,0,0,0,0,0,0,0,0,0
134666431,1,0,0,0,0,0,0,0,0,0
134666456,0,0,0,0,0,0,0,0,0,0
134666475,1,0,0,0,0,0,0,0,0,0
134666485,1,1,0,1,0,1,0,0,0,0
134666514,0,0,0,0,0,0,0,0,0,0
134666523,0,0,0,0,0,1,0,0,0,0
134666648,1,0,0,0,0,1,0,1,0,0
134666677,0,0,0,0,0,0,0,0,0,0
134666705,1,0,0,0,0,0,0,0,0,0
134666735,1,0,0,1,1,1,0,0,0,0
134667176,1,1,0,0,0,1,0,0,0,0
134667211,0,0,0,0,0,0,0,0,0,0
134667368,1,0,0,1,1,0,0,0,0,0
134667394,1,0,0,0,0,0,0,0,0,0
134667407,0,0,0,0,0,0,0,0,0,0
134667464,0,0,0,0,0,0,0,0,0,0
134667498,0,0,0,0,0,0,0,0,0,0
134667700,1,0,0,0,0,0,0,0,0,0
134667702,1,0,0,0,0,1,0,0,0,0
134667800,1,0,0,0,0,0,0,0,0,0
134667984,0,0,0,0,0,0,0,0,0,0
134668114,0,1,0,0,0,0,0,0,0,0
134668196,1,0,0,0,0,1,0,0,0,0
134668230,1,0,0,0,0,0,0,0,0,0
134668241,1,0,0,1,1,1,0,0,0,0
134668346,1,0,0,0,0,0,0,0,0,0
134668399,1,0,0,0,1,0,0,0,0,0
134668440,1,0,0,0,0,0,0,0,0,0
134668461,0,0,0,0,0,0,0,0,0,0
134668803,0,0,0,0,0,0,0,0,0,0
134668991,1,1,0,0,0,1,0,0,0,0
134668993,1,1,0,0,0,1,0,0,0,0
134669156,0,0,0,0,0,0,0,0,0,0
134669327,0,0,0,0,0,0,0,0,0,0
134669461,1,0,0,0,0,0,0,0,0,0
134669465,0,0,0,0,0,0,0,0,0,0
134669579,1,0,0,1,1,0,0,0,0,0
134669657,1,0,0,0,0,0,0,0,0,0
134669717,1,1,1,0,0,1,0,0,0,0
134669817,0,0,0,0,0,0,0,0,0,0
134669834,1,1,1,0,0,1,1,1,0,0
134669947,0,0,0,0,0,0,0,0,0,0
134669998,1,0,0,0,0,1,0,1,1,0
134670139,1,1,1,0,1,0,0,1,0,1
134670142,1,0,0,1,1,0,0,0,0,0
134670207,0,0,0,0,0,0,0,0,0,0
134670212,1,0,0,0,1,1,0,0,0,0
134670402,1,1,0,0,0,0,0,0,0,0
134670431,0,0,0,0,0,0,0,0,0,0
134670530,0,1,0,0,0,0,0,0,0,0
134670535,1,0,0,0,0,1,0,0,1,0
134670586,0,0,0,0,0,0,0,0,0,0
134670600,1,1,0,0,0,0,0,1,0,0
134670649,0,1,0,0,0,0,0,0,0,0
134670766,0,0,0,0,0,0,0,0,0,0
134670871,1,1,0,0,0,0,0,0,0,0
134670888,1,0,0,0,0,1,0,0,0,0
134670901,1,0,0,0,0,0,0,0,0,0
134670927,1,0,0,0,0,0,0,0,0,0
134670967,1,0,0,0,0,0,0,0,1,0
134670976,1,0,0,0,0,0,0,0,0,0
134671051,1,0,0,0,0,0,0,0,0,0
134671263,1,1,0,0,0,1,0,0,0,0
134671380,1,0,0,1,1,1,0,0,0,0
134671429,0,0,0,0,0,0,0,0,0,0
134671461,0,0,0,0,0,0,0,0,0,0
134671501,1,0,0,1,1,1,0,1,0,0
134671732,1,1,0,0,0,0,0,0,0,0
134671765,0,0,0,0,0,0,0,0,0,0
134671946,1,0,0,0,0,0,0,0,0,0
134672035,1,0,0,0,0,0,0,0,0,0
134672096,1,0,0,0,0,0,0,0,0,0
134672242,1,0,0,0,0,0,0,0,0,0
134672367,0,0,0,0,0,0,0,0,0,0
134672374,0,0,0,0,0,0,0,0,0,0
134672392,1,0,0,0,0,1,0,0,0,0
134672429,0,0,0,0,0,0,0,0,0,0
134672520,1,1,0,0,1,0,0,0,0,0
134672557,1,1,0,1,1,1,0,0,0,0
134672564,0,0,0,0,0,0,0,0,0,0
134672598,1,1,0,0,0,0,0,0,0,0
134672626,1,0,0,1,1,1,0,0,0,0
134672632,1,1,0,0,0,1,0,0,0,0
134672666,1,1,0,0,0,1,0,1,1,0
134672688,1,0,0,0,0,1,0,1,0,0
134672709,1,0,0,0,0,1,0,1,1,0
134672767,1,1,0,0,0,1,0,0,0,0
134672813,1,0,0,0,0,1,0,0,0,0
134672837,1,0,0,0,0,0,0,0,0,0
134672984,1,0,0,0,0,1,0,0,0,0
134672997,0,0,0,0,0,0,0,0,0,0
134673026,1,1,0,0,0,1,0,0,0,0
134673073,1,1,0,0,0,1,0,0,0,0
134673111,0,0,0,0,0,0,0,0,0,0
134673246,1,0,0,0,0,0,0,0,1,0
134673279,1,1,0,0,0,1,0,0,1,0
134673316,1,0,0,0,0,1,0,0,0,0
134673330,1,0,0,0,0,1,0,0,0,0
134673469,1,0,0,0,0,0,0,0,0,0
134673514,1,1,0,0,0,0,0,0,0,0
134673542,1,0,1,0,1,1,1,1,0,1
134673729,1,1,0,0,0,0,0,0,0,0
134673792,1,1,1,0,1,1,0,1,0,1
134673986,1,1,0,0,0,0,0,0,0,0
134674050,1,1,0,0,0,0,0,0,0,0
134674136,1,0,0,0,0,0,0,0,0,0
134674276,1,0,1,1,1,0,0,0,0,0
134674281,1,1,1,0,0,0,0,0,0,0
134674329,0,0,0,0,0,0,0,0,0,0
134674453,0,0,0,0,0,0,0,0,0,0
134674509,0,0,0,0,0,0,0,0,0,0
134674574,0,0,0,0,0,0,0,0,0,0
134674575,1,0,0,0,0,1,0,1,0,0
134674610,1,1,1,0,0,0,0,0,0,0
134674775,1,1,0,1,1,0,1,0,1,1
134674792,1,0,0,0,0,0,0,0,0,0
134675021,1,1,0,0,0,1,0,1,0,0
134675436,1,1,0,1,0,1,0,1,0,0
134675526,1,0,0,0,0,0,0,0,0,0
134675545,1,1,0,0,0,1,0,1,0,0
134675585,1,0,0,0,0,0,0,0,0,0
134675658,0,0,0,0,0,0,0,0,0,0
134675801,0,0,0,0,0,0,0,0,0,0
134675854,1,0,0,1,1,1,0,0,0,0
134675884,1,0,1,0,0,0,0,1,0,0
134675951,0,0,0,0,0,0,0,0,0,0
134675953,1,0,0,0,0,0,0,0,0,0
134675977,1,0,0,0,0,0,0,0,0,0
134675996,1,0,0,0,0,0,0,0,0,0
134676078,1,1,0,0,0,1,0,0,0,0
134676096,0,0,0,0,0,0,0,0,0,0
134676131,0,0,0,0,0,0,0,0,0,0
134676174,0,0,0,0,0,0,0,0,0,0
134676200,0,0,0,0,0,0,0,0,0,0
134676205,1,0,0,1,1,0,0,0,0,1
134676210,1,1,0,1,1,1,0,0,1,1
134676237,0,0,0,0,0,0,0,0,0,0
134676271,0,0,0,0,0,0,0,0,0,0
134676287,1,1,1,0,1,1,0,1,0,1
134676409,1,0,0,0,1,1,0,0,0,0
134676428,1,0,0,0,0,1,0,0,0,0
134676438,0,0,0,0,0,0,0,0,0,0
134676443,1,0,0,0,0,0,0,0,0,0
134676467,1,0,0,0,0,0,0,0,0,0
134676487,0,0,0,0,0,0,0,0,0,0
134676490,1,1,0,0,0,1,0,0,0,0
134676495,1,1,0,1,1,1,0,0,0,0
134676513,1,0,0,0,0,1,0,0,0,1
134676531,1,0,0,0,0,0,0,0,0,0
134676577,0,0,0,0,0,0,0,0,0,0
134676623,1,1,0,0,1,1,0,0,0,0
134676628,0,0,0,0,0,0,0,0,0,0
134676732,1,0,0,0,0,1,0,0,0,0
134676851,1,0,0,0,0,1,0,0,0,0
134676963,1,1,1,0,0,1,0,0,0,0
134676971,1,0,0,0,0,0,0,0,0,0
134677002,1,0,0,0,0,0,0,0,0,0
134677159,1,1,1,0,0,1,0,0,1,0
134677246,1,1,0,1,1,0,0,0,0,0
134677269,1,1,1,1,0,1,0,0,0,0
134677444,0,0,0,0,0,0,0,0,0,0
134677447,1,0,0,0,0,0,0,0,0,0
134677499,1,1,0,1,1,1,0,0,1,1
134677548,1,0,0,0,0,0,0,0,1,1
134677613,1,0,0,0,0,1,0,0,1,0
134677626,1,0,0,0,0,0,0,0,0,0
134677632,1,0,0,1,1,1,0,0,1,1
134677659,1,0,0,0,0,0,0,0,0,0
134677663,0,0,0,0,0,0,0,0,1,0
134677734,1,0,1,1,0,1,0,0,0,0
134677767,1,0,1,0,0,0,0,0,0,0
134677786,0,0,0,0,0,0,0,0,0,0
134677828,0,0,0,0,0,0,0,0,0,0
134677840,1,0,0,0,0,1,0,0,0,0
134677855,0,0,0,0,0,0,0,0,0,0
134677865,0,0,0,0,0,0,0,0,0,0
134677940,1,1,0,1,1,0,0,0,1,1
134677975,0,0,0,0,0,0,0,0,0,0
134678134,1,0,0,0,0,0,0,0,0,0
134678304,1,1,0,1,1,0,0,0,1,1
134678311,1,1,0,0,0,0,0,1,0,0
134678415,1,0,0,0,0,0,0,0,0,0
134678425,1,0,0,1,1,1,0,0,0,0
134678462,1,1,0,1,1,0,0,0,1,1
134678502,1,0,0,0,0,1,0,0,0,0
134678557,1,0,0,0,0,1,0,0,1,0
134678656,1,0,0,0,0,0,0,0,0,0
134678657,0,0,0,0,0,0,0,0,0,0
134678740,1,0,1,1,1,0,0,0,0,0
134678797,1,0,0,0,0,0,0,0,0,0
134678802,1,0,1,0,0,1,0,0,0,0
134678828,1,1,1,0,1,1,0,0,0,0
134678846,1,1,1,0,0,0,0,0,1,1
134678940,1,1,1,0,0,1,0,1,0,0
134679002,0,0,0,0,0,0,0,0,0,0
134679107,0,0,0,0,0,0,0,0,0,0
134679171,0,0,0,0,0,0,0,0,0,0
134679206,1,0,0,0,0,0,0,0,0,0
134679277,1,0,1,0,0,0,0,0,0,0
134679324,1,1,0,1,1,1,0,1,0,0
134679339,1,1,0,1,1,0,0,0,0,0
134679413,1,0,1,0,0,0,0,0,0,0
134679492,1,1,1,1,1,1,0,0,0,1
134679502,1,0,0,0,0,0,0,0,0,0
134679618,1,1,0,1,1,1,0,0,0,0
134679631,0,0,0,0,0,0,0,0,0,0
134679658,1,0,0,0,0,0,0,0,0,0
134679849,0,0,0,0,0,0,0,0,0,0
134679872,1,0,0,0,0,0,0,0,0,0
134679911,1,1,0,0,0,0,0,0,1,1
134679914,1,0,0,0,0,0,0,0,0,0
134680014,1,1,0,0,0,0,0,0,1,0
134680021,0,0,0,0,0,0,0,0,0,0
134680022,1,0,0,0,0,0,0,0,0,0
134680086,1,0,0,1,1,0,0,0,0,0
134680091,1,1,0,0,0,0,0,0,1,1
134680122,1,0,0,0,0,0,0,0,0,0
134680192,1,1,0,0,0,0,0,0,1,1
134680247,1,0,0,0,0,0,0,0,0,0
134680248,0,0,0,0,0,0,0,0,0,0
134680302,1,0,0,0,0,0,0,0,0,0
134680318,1,0,0,0,0,0,1,0,0,0
134680354,1,0,0,1,1,0,1,0,0,1
134680416,1,0,0,0,0,0,0,0,0,0
134680493,1,1,1,0,0,1,0,1,0,0
134680553,0,0,0,0,0,0,0,0,0,0
134680676,1,0,0,0,0,1,0,1,0,0
134680737,1,0,0,0,0,1,1,0,0,0
134680842,0,0,0,0,0,0,0,0,0,0
134680851,1,0,0,0,0,1,0,0,0,0
134680852,1,0,0,0,0,0,0,0,0,0
134680952,1,0,0,0,0,0,0,1,0,0
134681010,0,0,0,0,0,0,0,0,0,0
134681125,1,1,0,1,1,1,0,1,0,0
134681397,1,1,0,0,0,0,0,0,0,0
134681666,0,0,0,0,0,0,0,0,0,0
134681719,1,1,0,1,1,1,0,1,1,0
134681773,1,0,0,0,0,0,0,0,0,0
134681852,1,0,0,0,0,0,0,0,0,0
134682116,1,1,0,1,1,0,1,0,0,0
134682128,1,0,0,0,0,0,0,0,0,0
134682149,1,0,0,0,0,1,0,0,0,0
134682165,1,1,0,0,0,0,0,0,0,0
134682192,1,1,0,1,1,1,0,0,0,0
134682364,1,0,0,0,0,0,0,0,1,1
134682447,1,0,0,1,1,1,0,0,0,1
134682513,1,0,0,0,0,0,0,0,0,0
134682535,0,0,0,0,0,0,0,0,0,0
134682827,1,0,0,0,0,0,0,0,0,0
134682839,1,0,0,1,0,0,0,0,1,0
134682967,0,0,0,0,0,0,0,0,0,0
134683057,1,0,0,0,0,0,0,0,0,0
134683066,0,0,0,0,0,0,0,0,0,0
134683068,1,0,0,0,1,1,0,0,0,0
134683078,1,0,0,0,0,0,0,1,0,0
134683110,0,0,0,0,0,0,0,0,0,0
134683158,0,0,0,0,0,0,0,0,0,0
134683186,1,1,0,0,0,1,0,0,0,0
134683276,1,1,0,0,0,0,0,0,0,0
134683299,0,0,0,0,0,0,0,0,0,0
134683342,0,0,0,0,0,0,0,0,0,0
134683354,0,0,0,0,0,0,0,0,0,0
134683395,0,0,0,0,0,0,0,0,0,0
134683551,0,0,0,0,0,0,0,0,0,0
134683581,0,0,0,0,0,0,0,0,0,0
